# File generated by FabConvert.com - Free Image and 3D model conversion tools

mtllib geodinium.mtl

o obj1
v 16.74042892 -0.71364421 9.19145298
v 11.05979824 -15.58572769 0
v 16.74042892 -0.71364421 -9.19145298
v 16.0267849 -1.15470052 -10.34615326
v 10.34615326 -16.0267849 -1.15470052
v 1.15470052 -10.34615326 -16.0267849
v 0.71364421 9.19145298 -16.74042892
v 15.58572769 0 -11.05979824
v 0.71364421 -9.19145298 -16.74042892
v 9.19145298 -16.74042892 -0.71364421
v -9.19145298 -16.74042892 -0.71364421
v 0 -11.05979824 -15.58572769
v -1.15470052 -10.34615326 -16.0267849
v -10.34615326 -16.0267849 -1.15470052
v -16.0267849 -1.15470052 -10.34615326
v -0.71364421 9.19145298 -16.74042892
v -0.71364421 -9.19145298 -16.74042892
v -15.58572769 0 -11.05979824
v -11.05979824 -15.58572769 0
v -16.74042892 -0.71364421 9.19145298
v -16.74042892 -0.71364421 -9.19145298
v -16.74042892 0.71364421 -9.19145298
v -16.74042892 0.71364421 9.19145298
v -11.05979824 15.58572769 0
v -1.15470052 10.34615326 -16.0267849
v -16.0267849 1.15470052 -10.34615326
v -10.34615326 16.0267849 -1.15470052
v -16.0267849 1.15470052 10.34615326
v -1.15470052 10.34615326 16.0267849
v -10.34615326 16.0267849 1.15470052
v -9.19145298 16.74042892 0.71364421
v 0 11.05979824 15.58572769
v 9.19145298 16.74042892 0.71364421
v 0 11.05979824 -15.58572769
v -9.19145298 16.74042892 -0.71364421
v 9.19145298 16.74042892 -0.71364421
v 1.15470052 10.34615326 16.0267849
v 16.0267849 1.15470052 10.34615326
v 10.34615326 16.0267849 1.15470052
v 11.05979824 15.58572769 0
v 16.74042892 0.71364421 9.19145298
v 16.74042892 0.71364421 -9.19145298
v 1.15470052 10.34615326 -16.0267849
v 10.34615326 16.0267849 -1.15470052
v 16.0267849 1.15470052 -10.34615326
v 16.0267849 -1.15470052 10.34615326
v 1.15470052 -10.34615326 16.0267849
v 10.34615326 -16.0267849 1.15470052
v -15.58572769 0 11.05979824
v -0.71364421 -9.19145298 16.74042892
v -0.71364421 9.19145298 16.74042892
v 0.71364421 9.19145298 16.74042892
v 0.71364421 -9.19145298 16.74042892
v 15.58572769 0 11.05979824
v -10.34615326 -16.0267849 1.15470052
v -1.15470052 -10.34615326 16.0267849
v -16.0267849 -1.15470052 10.34615326
v 9.19145298 -16.74042892 0.71364421
v 0 -11.05979824 15.58572769
v -9.19145298 -16.74042892 0.71364421
v 10.2325182 16.60808182 0.08335961
v 10.25670052 16.59568977 0
v 10.1809988 16.63992119 0
v 9.19145298 16.87087059 0.0693086
v 9.39267826 16.86365318 0
v 9.31233215 16.86905289 0
v 9.25231647 16.87131691 0
v 9.19145298 16.87208366 0
v 9.7290678 16.5373745 0.96834821
v 9.83968163 16.5083046 0.9503774
v 9.86898994 16.52501869 0.90069133
v 9.80948734 16.49011803 1
v 9.25147629 16.72693062 0.74558479
v 9.31142521 16.71119308 0.77662396
v 9.19145298 16.77327919 0.62078333
v 10.11787128 16.66892624 0.11377493
v 10.11086082 16.67651939 0
v 10.20875835 16.61601639 0.15840171
v 10.00787163 16.71970177 0.10548898
v 10.04609776 16.70677567 0
v 9.97976875 16.73441315 0
v 9.91186237 16.75936317 0
v 10.08526611 16.67187119 0.23071475
v 10.18572617 16.62047958 0.22592394
v 10.16110229 16.62234306 0.29340434
v 10.13485909 16.62154388 0.36081687
v 9.98291588 16.71879578 0.21622993
v 9.7614584 16.80082703 0.09590895
v 9.84236622 16.78155518 0
v 9.7712698 16.80091476 0
v 9.69860554 16.81780052 0
v 9.62442398 16.83264351 0
v 9.99487782 16.65656471 0.47359052
v 10.10696888 16.61802101 0.42813554
v 10.07740307 16.61171341 0.49533433
v 10.04628944 16.60292053 0.56256312
v 10.01378536 16.59200668 0.62999946
v 9.74579811 16.7963295 0.19829875
v 9.90282345 16.6992836 0.45237103
v 9.87588215 16.61091805 0.7226181
v 9.97984791 16.57886505 0.69758725
v 9.94443226 16.56339264 0.76526976
v 9.90749454 16.54547882 0.83299005
v 9.68668747 16.77149582 0.41943935
v 9.79101467 16.65157318 0.69740993
v 9.64734077 16.58057594 0.93434006
v 9.56451035 16.61964035 0.89806956
v 9.60159874 16.72079468 0.64871001
v 9.48077869 16.65448761 0.8596307
v 9.39634991 16.68503189 0.81911755
v 9.47969723 16.84753418 0.16560274
v 9.54871464 16.84531975 0
v 9.47146988 16.85569954 0
v 9.19145298 16.86724472 0.1385317
v 9.47300053 16.84301949 0.21892169
v 9.19145298 16.85796928 0.23659413
v 9.45683956 16.83074951 0.31997418
v 9.19145298 16.84389114 0.33408478
v 9.44632244 16.82180595 0.37551919
v 9.43479443 16.81114578 0.43143404
v 9.19145298 16.82505417 0.43076935
v 9.4118681 16.78722572 0.53452134
v 9.19145298 16.80150414 0.52641362
v 9.3989563 16.77211571 0.58966601
v 10.31587791 16.55656242 0.05151906
v 10.3671608 16.5181179 0.09789763
v 9.86518478 16.45448303 1.02081144
v 10.75827312 15.90128994 0.69694239
v 10.79005909 15.9209404 0.58736557
v 10.76968098 15.9683609 0.55665791
v 10.80948734 15.87208366 0.61803401
v 9.92006683 16.41693687 1.04038942
v 10.39783478 16.01844215 1.10926223
v 10.44805717 16.00871658 1.06248522
v 10.28117943 16.09979248 1.14243078
v 10.38117599 16.48898697 0.24807854
v 10.4116497 16.48085022 0.13962866
v 10.45450687 16.44100952 0.18133384
v 10.49567604 16.39854622 0.2229971
v 10.3327837 16.50256538 0.34986737
v 10.52774334 16.32723618 0.38860399
v 10.53510475 16.35341835 0.26460236
v 10.57273769 16.30558014 0.30613351
v 10.60885239 16.25523758 0.34768316
v 10.64378452 16.20264435 0.38936111
v 10.47774982 16.34395981 0.47787943
v 10.22367764 16.50098419 0.57492638
v 10.65560722 16.1290226 0.53900403
v 10.67743492 16.14773178 0.43113267
v 10.70970154 16.09042931 0.47296277
v 10.74048424 16.03066254 0.51481622
v 10.60534286 16.14829063 0.62020028
v 10.70324707 15.92798996 0.7741524
v 10.64455986 15.95213318 0.84948784
v 10.36535454 16.3520565 0.67866713
v 10.09710979 16.46239471 0.8143279
v 9.99653435 16.36040115 1.06605422
v 10.49262714 16.1701088 0.79300326
v 10.58236504 15.97366905 0.92277259
v 10.51681328 15.99254704 0.99383044
v 10.23599529 16.32871628 0.89102781
v 10.07105541 16.30026627 1.08914149
v 10.14345455 16.2366848 1.10960054
v 10.36427402 16.17195511 0.96724886
v 10.21355438 16.16980934 1.12738061
v 10.31587791 16.55656242 -0.05151906
v 10.3671608 16.5181179 -0.09789763
v 10.84316063 15.85006046 0.56158763
v 10.85674381 15.84043217 -0.53761411
v 10.76968098 15.9683609 -0.55665791
v 10.74048424 16.03066254 -0.51481622
v 10.79005909 15.9209404 -0.58736557
v 10.80948734 15.87208366 -0.61803401
v 11.04629993 15.61766815 -0.06002299
v 11.0305624 15.64870739 -0.11997194
v 11.03994465 15.63084888 0.08527776
v 10.48666573 16.42379189 0.07739378
v 10.54901314 16.368927 0
v 10.4116497 16.48085022 -0.13962866
v 10.45450687 16.44100952 -0.18133384
v 10.49567604 16.39854622 -0.2229971
v 10.62365246 16.2679615 0.23342003
v 10.67604828 16.22140312 -0.15702531
v 10.53510475 16.35341835 -0.26460236
v 10.57273769 16.30558014 -0.30613351
v 10.60885239 16.25523758 -0.34768316
v 10.64378452 16.20264435 -0.38936111
v 10.67604828 16.22140312 0.15702531
v 10.74800873 16.07191467 0.38949528
v 10.87483883 15.82685566 0.50446439
v 10.79452038 16.03137207 -0.31410509
v 10.89994526 15.80642414 -0.45588756
v 10.93901062 15.77015305 -0.37305719
v 10.67743492 16.14773178 -0.43113267
v 10.70970154 16.09042931 -0.47296277
v 10.78479385 16.09282875 -0
v 10.79452038 16.03137207 0.31410509
v 10.91636467 15.79191494 0.42226359
v 10.88470554 15.9277916 -0.15860701
v 10.97385693 15.73171425 -0.28932586
v 11.00440121 15.69120121 -0.20489648
v 10.88470554 15.9277916 0.15860701
v 10.95372105 15.7547493 0.33904168
v 10.98682499 15.7154541 0.25500149
v 10.96206665 15.80249977 0
v 11.01559353 15.67412281 0.17034587
v 10.2325182 16.60808182 -0.08335961
v 10.20875835 16.61601639 -0.15840171
v 10.77385235 15.89289474 -0.67373127
v 9.88839531 16.43890381 -1.02920616
v 9.86898994 16.52501869 -0.90069133
v 9.90749454 16.54547882 -0.83299005
v 9.83968163 16.5083046 -0.9503774
v 9.80948734 16.49011803 -1
v 10.30071545 16.07846451 -1.14635849
v 10.25393867 16.1286869 -1.13663197
v 10.4191618 16.01451492 -1.08972621
v 10.38117599 16.48898697 -0.24807854
v 10.3327837 16.50256538 -0.34986737
v 10.18572617 16.62047958 -0.22592394
v 10.16110229 16.62234306 -0.29340434
v 10.13485909 16.62154388 -0.36081687
v 10.52774334 16.32723618 -0.38860399
v 10.47774982 16.34395981 -0.47787943
v 10.22367764 16.50098419 -0.57492638
v 10.10696888 16.61802101 -0.42813554
v 10.07740307 16.61171341 -0.49533433
v 10.04628944 16.60292053 -0.56256312
v 10.01378536 16.59200668 -0.62999946
v 10.65560722 16.1290226 -0.53900403
v 10.73630714 15.91247272 -0.72861332
v 10.60534286 16.14829063 -0.62020028
v 10.67977142 15.93813801 -0.80508089
v 10.36535454 16.3520565 -0.67866713
v 10.49262714 16.1701088 -0.79300326
v 10.61963654 15.96122551 -0.87960213
v 10.55605507 15.98168373 -0.95200092
v 10.10279751 16.45759201 -0.8172406
v 9.96560574 16.3838768 -1.05590641
v 9.97984791 16.57886505 -0.69758725
v 9.94443226 16.56339264 -0.76526976
v 10.14094257 16.42397308 -0.83734214
v 10.04094124 16.3251915 -1.08004987
v 10.21022511 16.35627174 -0.87604225
v 10.11422539 16.26299477 -1.10158587
v 10.24673271 16.31683922 -0.89734143
v 10.28237152 16.27582359 -0.91845745
v 10.18528366 16.19744301 -1.12046349
v 10.34587097 16.19649696 -0.95632529
v 10.48917961 15.99946404 -1.02210104
v 0.08335961 10.2325182 -16.60808182
v 0 10.1809988 -16.63992119
v 0 10.25670052 -16.59568977
v 0.97797644 9.75304127 -16.52379036
v 0.90069133 9.86898994 -16.52501869
v 0.9503774 9.83968163 -16.5083046
v 1 9.80948734 -16.49011803
v 0.0984703 9.19145298 -16.86963844
v 0 9.25231647 -16.87131691
v 0 9.31233215 -16.86905289
v 0 9.19145298 -16.87208366
v 0.64846551 9.19145298 -16.76402664
v 0.58250529 9.19145298 -16.78533936
v 0.75876564 9.27673054 -16.72057533
v 0.11377493 10.11787128 -16.66892624
v 0.15840171 10.20875835 -16.61601639
v 0 10.11086082 -16.67651939
v 0.10548898 10.00787163 -16.71970177
v 0 10.04609776 -16.70677567
v 0 9.97976875 -16.73441315
v 0 9.91186237 -16.75936317
v 0.23071475 10.08526611 -16.67187119
v 0.22592394 10.18572617 -16.62047958
v 0.29340434 10.16110229 -16.62234306
v 0.36081687 10.13485909 -16.62154388
v 0.21622993 9.98291588 -16.71879578
v 0.09590895 9.7614584 -16.80082703
v 0 9.84236622 -16.78155518
v 0 9.7712698 -16.80091476
v 0 9.69860554 -16.81780052
v 0 9.62442398 -16.83264351
v 0.47359052 9.99487782 -16.65656471
v 0.42813554 10.10696888 -16.61802101
v 0.49533433 10.07740307 -16.61171341
v 0.56256312 10.04628944 -16.60292053
v 0.62999946 10.01378536 -16.59200668
v 0.19829875 9.74579811 -16.7963295
v 0.45237103 9.90282345 -16.6992836
v 0.0924015 9.48638725 -16.8516407
v 0 9.54871464 -16.84531975
v 0 9.47146988 -16.85569954
v 0 9.39267826 -16.86365318
v 0.7226181 9.87588215 -16.61091805
v 0.69758725 9.97984791 -16.57886505
v 0.76526976 9.94443226 -16.56339264
v 0.83299005 9.90749454 -16.54547882
v 0.95477217 9.69591713 -16.55546951
v 0.1891772 9.47690964 -16.84569931
v 0.19669852 9.19145298 -16.86232948
v 0.2944504 9.19145298 -16.85020256
v 0.41943935 9.68668747 -16.77149582
v 0.69740993 9.79101467 -16.65157318
v 0.91983098 9.61371708 -16.59699631
v 0.39207846 9.44299221 -16.81881905
v 0.39149165 9.19145298 -16.83329964
v 0.48758805 9.19145298 -16.81166458
v 0.64871001 9.60159874 -16.72079468
v 0.88266575 9.53049469 -16.63435173
v 0.84337044 9.446455 -16.66745567
v 0.59779263 9.39702511 -16.76974869
v 0.80203909 9.36179924 -16.69622421
v -0.08335961 10.2325182 -16.60808182
v -0.0693086 9.19145298 -16.87087059
v -0.96834821 9.7290678 -16.5373745
v -0.9503774 9.83968163 -16.5083046
v -0.90069133 9.86898994 -16.52501869
v -1 9.80948734 -16.49011803
v -0.74558479 9.25147629 -16.72693062
v -0.77662396 9.31142521 -16.71119308
v -0.62078333 9.19145298 -16.77327919
v -0.11377493 10.11787128 -16.66892624
v -0.15840171 10.20875835 -16.61601639
v -0.10548898 10.00787163 -16.71970177
v -0.23071475 10.08526611 -16.67187119
v -0.22592394 10.18572617 -16.62047958
v -0.29340434 10.16110229 -16.62234306
v -0.36081687 10.13485909 -16.62154388
v -0.21622993 9.98291588 -16.71879578
v -0.09590895 9.7614584 -16.80082703
v -0.47359052 9.99487782 -16.65656471
v -0.42813554 10.10696888 -16.61802101
v -0.49533433 10.07740307 -16.61171341
v -0.56256312 10.04628944 -16.60292053
v -0.62999946 10.01378536 -16.59200668
v -0.19829875 9.74579811 -16.7963295
v -0.45237103 9.90282345 -16.6992836
v -0.7226181 9.87588215 -16.61091805
v -0.69758725 9.97984791 -16.57886505
v -0.76526976 9.94443226 -16.56339264
v -0.83299005 9.90749454 -16.54547882
v -0.41943935 9.68668747 -16.77149582
v -0.69740993 9.79101467 -16.65157318
v -0.93434006 9.64734077 -16.58057594
v -0.89806956 9.56451035 -16.61964035
v -0.64871001 9.60159874 -16.72079468
v -0.8596307 9.48077869 -16.65448761
v -0.81911755 9.39634991 -16.68503189
v -0.16560274 9.47969723 -16.84753418
v -0.1385317 9.19145298 -16.86724472
v -0.21892169 9.47300053 -16.84301949
v -0.23659413 9.19145298 -16.85796928
v -0.31997418 9.45683956 -16.83074951
v -0.33408478 9.19145298 -16.84389114
v -0.37551919 9.44632244 -16.82180595
v -0.43143404 9.43479443 -16.81114578
v -0.43076935 9.19145298 -16.82505417
v -0.53452134 9.4118681 -16.78722572
v -0.52641362 9.19145298 -16.80150414
v -0.58966601 9.3989563 -16.77211571
v -0.05151906 10.31587791 -16.55656242
v -0.09789763 10.3671608 -16.5181179
v -1.02081144 9.86518478 -16.45448303
v -0.69694239 10.75827312 -15.90128994
v -0.58736557 10.79005909 -15.9209404
v -0.55665791 10.76968098 -15.9683609
v -0.61803401 10.80948734 -15.87208366
v -1.04038942 9.92006683 -16.41693687
v -1.10926223 10.39783478 -16.01844215
v -1.06248522 10.44805717 -16.00871658
v -1.14243078 10.28117943 -16.09979248
v -0.24807854 10.38117599 -16.48898697
v -0.13962866 10.4116497 -16.48085022
v -0.18133384 10.45450687 -16.44100952
v -0.2229971 10.49567604 -16.39854622
v -0.34986737 10.3327837 -16.50256538
v -0.38860399 10.52774334 -16.32723618
v -0.26460236 10.53510475 -16.35341835
v -0.30613351 10.57273769 -16.30558014
v -0.34768316 10.60885239 -16.25523758
v -0.38936111 10.64378452 -16.20264435
v -0.47787943 10.47774982 -16.34395981
v -0.57492638 10.22367764 -16.50098419
v -0.53900403 10.65560722 -16.1290226
v -0.43113267 10.67743492 -16.14773178
v -0.47296277 10.70970154 -16.09042931
v -0.51481622 10.74048424 -16.03066254
v -0.62020028 10.60534286 -16.14829063
v -0.7741524 10.70324707 -15.92798996
v -0.84948784 10.64455986 -15.95213318
v -0.67866713 10.36535454 -16.3520565
v -0.8143279 10.09710979 -16.46239471
v -1.06605422 9.99653435 -16.36040115
v -0.79300326 10.49262714 -16.1701088
v -0.92277259 10.58236504 -15.97366905
v -0.99383044 10.51681328 -15.99254704
v -0.89102781 10.23599529 -16.32871628
v -1.08914149 10.07105541 -16.30026627
v -1.10960054 10.14345455 -16.2366848
v -0.96724886 10.36427402 -16.17195511
v -1.12738061 10.21355438 -16.16980934
v 0.05151906 10.31587791 -16.55656242
v 0.09789763 10.3671608 -16.5181179
v -0.56158763 10.84316063 -15.85006046
v 0.53761411 10.85674381 -15.84043217
v 0.55665791 10.76968098 -15.9683609
v 0.51481622 10.74048424 -16.03066254
v 0.58736557 10.79005909 -15.9209404
v 0.61803401 10.80948734 -15.87208366
v 0.06002299 11.04629993 -15.61766815
v 0.11997194 11.0305624 -15.64870739
v -0.08527776 11.03994465 -15.63084888
v -0.07739378 10.48666573 -16.42379189
v 0 10.54901314 -16.368927
v 0.13962866 10.4116497 -16.48085022
v 0.18133384 10.45450687 -16.44100952
v 0.2229971 10.49567604 -16.39854622
v -0.23342003 10.62365246 -16.2679615
v 0.15702531 10.67604828 -16.22140312
v 0.26460236 10.53510475 -16.35341835
v 0.30613351 10.57273769 -16.30558014
v 0.34768316 10.60885239 -16.25523758
v 0.38936111 10.64378452 -16.20264435
v -0.15702531 10.67604828 -16.22140312
v -0.38949528 10.74800873 -16.07191467
v -0.50446439 10.87483883 -15.82685566
v 0.31410509 10.79452038 -16.03137207
v 0.45588756 10.89994526 -15.80642414
v 0.37305719 10.93901062 -15.77015305
v 0.43113267 10.67743492 -16.14773178
v 0.47296277 10.70970154 -16.09042931
v 0 10.78479385 -16.09282875
v -0.31410509 10.79452038 -16.03137207
v -0.42226359 10.91636467 -15.79191494
v 0.15860701 10.88470554 -15.9277916
v 0.28932586 10.97385693 -15.73171425
v 0.20489648 11.00440121 -15.69120121
v -0.15860701 10.88470554 -15.9277916
v -0.33904168 10.95372105 -15.7547493
v -0.25500149 10.98682499 -15.7154541
v -0 10.96206665 -15.80249977
v -0.17034587 11.01559353 -15.67412281
v -10.2325182 16.60808182 -0.08335961
v -10.31587791 16.55656242 -0.05151906
v -10.25670052 16.59568977 0
v -10.3671608 16.5181179 -0.09789763
v -10.20875835 16.61601639 -0.15840171
v -9.86518478 16.45448303 -1.02081144
v -9.90749454 16.54547882 -0.83299005
v -9.86898994 16.52501869 -0.90069133
v -9.83968163 16.5083046 -0.9503774
v -9.80948734 16.49011803 -1
v -10.75827312 15.90128994 -0.69694239
v -10.79005909 15.9209404 -0.58736557
v -10.76968098 15.9683609 -0.55665791
v -10.80948734 15.87208366 -0.61803401
v -9.92006683 16.41693687 -1.04038942
v -10.39783478 16.01844215 -1.10926223
v -10.44805717 16.00871658 -1.06248522
v -10.28117943 16.09979248 -1.14243078
v -10.38117599 16.48898697 -0.24807854
v -10.4116497 16.48085022 -0.13962866
v -10.45450687 16.44100952 -0.18133384
v -10.49567604 16.39854622 -0.2229971
v -10.3327837 16.50256538 -0.34986737
v -10.18572617 16.62047958 -0.22592394
v -10.16110229 16.62234306 -0.29340434
v -10.13485909 16.62154388 -0.36081687
v -10.52774334 16.32723618 -0.38860399
v -10.53510475 16.35341835 -0.26460236
v -10.57273769 16.30558014 -0.30613351
v -10.60885239 16.25523758 -0.34768316
v -10.64378452 16.20264435 -0.38936111
v -10.47774982 16.34395981 -0.47787943
v -10.22367764 16.50098419 -0.57492638
v -10.10696888 16.61802101 -0.42813554
v -10.07740307 16.61171341 -0.49533433
v -10.04628944 16.60292053 -0.56256312
v -10.01378536 16.59200668 -0.62999946
v -10.65560722 16.1290226 -0.53900403
v -10.67743492 16.14773178 -0.43113267
v -10.70970154 16.09042931 -0.47296277
v -10.74048424 16.03066254 -0.51481622
v -10.60534286 16.14829063 -0.62020028
v -10.70324707 15.92798996 -0.7741524
v -10.64455986 15.95213318 -0.84948784
v -10.36535454 16.3520565 -0.67866713
v -10.09710979 16.46239471 -0.8143279
v -9.97984791 16.57886505 -0.69758725
v -9.94443226 16.56339264 -0.76526976
v -9.99653435 16.36040115 -1.06605422
v -10.49262714 16.1701088 -0.79300326
v -10.58236504 15.97366905 -0.92277259
v -10.51681328 15.99254704 -0.99383044
v -10.23599529 16.32871628 -0.89102781
v -10.07105541 16.30026627 -1.08914149
v -10.14345455 16.2366848 -1.10960054
v -10.36427402 16.17195511 -0.96724886
v -10.21355438 16.16980934 -1.12738061
v -10.31587791 16.55656242 0.05151906
v -10.3671608 16.5181179 0.09789763
v -10.84316063 15.85006046 -0.56158763
v -10.85674381 15.84043217 0.53761411
v -10.76968098 15.9683609 0.55665791
v -10.74048424 16.03066254 0.51481622
v -10.79005909 15.9209404 0.58736557
v -10.80948734 15.87208366 0.61803401
v -11.04629993 15.61766815 0.06002299
v -11.0305624 15.64870739 0.11997194
v -11.03994465 15.63084888 -0.08527776
v -10.48666573 16.42379189 -0.07739378
v -10.54901314 16.368927 0
v -10.4116497 16.48085022 0.13962866
v -10.45450687 16.44100952 0.18133384
v -10.49567604 16.39854622 0.2229971
v -10.62365246 16.2679615 -0.23342003
v -10.67604828 16.22140312 0.15702531
v -10.53510475 16.35341835 0.26460236
v -10.57273769 16.30558014 0.30613351
v -10.60885239 16.25523758 0.34768316
v -10.64378452 16.20264435 0.38936111
v -10.67604828 16.22140312 -0.15702531
v -10.74800873 16.07191467 -0.38949528
v -10.87483883 15.82685566 -0.50446439
v -10.79452038 16.03137207 0.31410509
v -10.89994526 15.80642414 0.45588756
v -10.93901062 15.77015305 0.37305719
v -10.67743492 16.14773178 0.43113267
v -10.70970154 16.09042931 0.47296277
v -10.78479385 16.09282875 0
v -10.79452038 16.03137207 -0.31410509
v -10.91636467 15.79191494 -0.42226359
v -10.88470554 15.9277916 0.15860701
v -10.97385693 15.73171425 0.28932586
v -11.00440121 15.69120121 0.20489648
v -10.88470554 15.9277916 -0.15860701
v -10.95372105 15.7547493 -0.33904168
v -10.98682499 15.7154541 -0.25500149
v -10.96206665 15.80249977 -0
v -11.01559353 15.67412281 -0.17034587
v -10.2325182 16.60808182 0.08335961
v -10.20875835 16.61601639 0.15840171
v -10.77385235 15.89289474 0.67373127
v -9.88839531 16.43890381 1.02920616
v -9.86898994 16.52501869 0.90069133
v -9.90749454 16.54547882 0.83299005
v -9.83968163 16.5083046 0.9503774
v -9.80948734 16.49011803 1
v -10.30071545 16.07846451 1.14635849
v -10.25393867 16.1286869 1.13663197
v -10.4191618 16.01451492 1.08972621
v -10.38117599 16.48898697 0.24807854
v -10.3327837 16.50256538 0.34986737
v -10.18572617 16.62047958 0.22592394
v -10.16110229 16.62234306 0.29340434
v -10.13485909 16.62154388 0.36081687
v -10.52774334 16.32723618 0.38860399
v -10.47774982 16.34395981 0.47787943
v -10.22367764 16.50098419 0.57492638
v -10.10696888 16.61802101 0.42813554
v -10.07740307 16.61171341 0.49533433
v -10.04628944 16.60292053 0.56256312
v -10.01378536 16.59200668 0.62999946
v -10.65560722 16.1290226 0.53900403
v -10.73630714 15.91247272 0.72861332
v -10.60534286 16.14829063 0.62020028
v -10.67977142 15.93813801 0.80508089
v -10.36535454 16.3520565 0.67866713
v -10.49262714 16.1701088 0.79300326
v -10.61963654 15.96122551 0.87960213
v -10.55605507 15.98168373 0.95200092
v -10.10279751 16.45759201 0.8172406
v -9.96560574 16.3838768 1.05590641
v -9.97984791 16.57886505 0.69758725
v -9.94443226 16.56339264 0.76526976
v -10.14094257 16.42397308 0.83734214
v -10.04094124 16.3251915 1.08004987
v -10.21022511 16.35627174 0.87604225
v -10.11422539 16.26299477 1.10158587
v -10.24673271 16.31683922 0.89734143
v -10.28237152 16.27582359 0.91845745
v -10.18528366 16.19744301 1.12046349
v -10.34587097 16.19649696 0.95632529
v -10.48917961 15.99946404 1.02210104
v -10.1809988 16.63992119 0
v -9.75304127 16.52379036 0.97797644
v -9.19145298 16.86963844 0.0984703
v -9.25231647 16.87131691 0
v -9.31233215 16.86905289 0
v -9.19145298 16.87208366 0
v -9.19145298 16.76402664 0.64846551
v -9.19145298 16.78533936 0.58250529
v -9.27673054 16.72057533 0.75876564
v -10.11787128 16.66892624 0.11377493
v -10.11086082 16.67651939 0
v -10.00787163 16.71970177 0.10548898
v -10.04609776 16.70677567 0
v -9.97976875 16.73441315 0
v -9.91186237 16.75936317 0
v -10.08526611 16.67187119 0.23071475
v -9.98291588 16.71879578 0.21622993
v -9.7614584 16.80082703 0.09590895
v -9.84236622 16.78155518 0
v -9.7712698 16.80091476 0
v -9.69860554 16.81780052 0
v -9.62442398 16.83264351 0
v -9.99487782 16.65656471 0.47359052
v -9.74579811 16.7963295 0.19829875
v -9.90282345 16.6992836 0.45237103
v -9.48638725 16.8516407 0.0924015
v -9.54871464 16.84531975 0
v -9.47146988 16.85569954 0
v -9.39267826 16.86365318 0
v -9.87588215 16.61091805 0.7226181
v -9.69591713 16.55546951 0.95477217
v -9.47690964 16.84569931 0.1891772
v -9.19145298 16.86232948 0.19669852
v -9.19145298 16.85020256 0.2944504
v -9.68668747 16.77149582 0.41943935
v -9.79101467 16.65157318 0.69740993
v -9.61371708 16.59699631 0.91983098
v -9.44299221 16.81881905 0.39207846
v -9.19145298 16.83329964 0.39149165
v -9.19145298 16.81166458 0.48758805
v -9.60159874 16.72079468 0.64871001
v -9.53049469 16.63435173 0.88266575
v -9.446455 16.66745567 0.84337044
v -9.39702511 16.76974869 0.59779263
v -9.36179924 16.69622421 0.80203909
v -0.08335961 10.2325182 16.60808182
v 0 10.25670052 16.59568977
v -0.05151906 10.31587791 16.55656242
v -0.09789763 10.3671608 16.5181179
v -0.15840171 10.20875835 16.61601639
v -0.67373127 10.77385235 15.89289474
v -0.55665791 10.76968098 15.9683609
v -0.58736557 10.79005909 15.9209404
v -0.61803401 10.80948734 15.87208366
v -1.02920616 9.88839531 16.43890381
v -0.90069133 9.86898994 16.52501869
v -0.83299005 9.90749454 16.54547882
v -0.9503774 9.83968163 16.5083046
v -1 9.80948734 16.49011803
v -1.14635849 10.30071545 16.07846451
v -1.13663197 10.25393867 16.1286869
v -1.08972621 10.4191618 16.01451492
v -0.24807854 10.38117599 16.48898697
v -0.13962866 10.4116497 16.48085022
v -0.18133384 10.45450687 16.44100952
v -0.2229971 10.49567604 16.39854622
v -0.34986737 10.3327837 16.50256538
v -0.22592394 10.18572617 16.62047958
v -0.29340434 10.16110229 16.62234306
v -0.36081687 10.13485909 16.62154388
v -0.38860399 10.52774334 16.32723618
v -0.26460236 10.53510475 16.35341835
v -0.30613351 10.57273769 16.30558014
v -0.34768316 10.60885239 16.25523758
v -0.38936111 10.64378452 16.20264435
v -0.47787943 10.47774982 16.34395981
v -0.57492638 10.22367764 16.50098419
v -0.42813554 10.10696888 16.61802101
v -0.49533433 10.07740307 16.61171341
v -0.56256312 10.04628944 16.60292053
v -0.62999946 10.01378536 16.59200668
v -0.53900403 10.65560722 16.1290226
v -0.43113267 10.67743492 16.14773178
v -0.47296277 10.70970154 16.09042931
v -0.51481622 10.74048424 16.03066254
v -0.72861332 10.73630714 15.91247272
v -0.62020028 10.60534286 16.14829063
v -0.80508089 10.67977142 15.93813801
v -0.67866713 10.36535454 16.3520565
v -0.79300326 10.49262714 16.1701088
v -0.87960213 10.61963654 15.96122551
v -0.95200092 10.55605507 15.98168373
v -0.8172406 10.10279751 16.45759201
v -1.05590641 9.96560574 16.3838768
v -0.69758725 9.97984791 16.57886505
v -0.76526976 9.94443226 16.56339264
v -0.83734214 10.14094257 16.42397308
v -1.08004987 10.04094124 16.3251915
v -0.87604225 10.21022511 16.35627174
v -1.10158587 10.11422539 16.26299477
v -0.89734143 10.24673271 16.31683922
v -0.91845745 10.28237152 16.27582359
v -1.12046349 10.18528366 16.19744301
v -0.95632529 10.34587097 16.19649696
v -1.02210104 10.48917961 15.99946404
v 0 10.1809988 16.63992119
v -0.97797644 9.75304127 16.52379036
v -0.0984703 9.19145298 16.86963844
v 0 9.25231647 16.87131691
v 0 9.31233215 16.86905289
v 0 9.19145298 16.87208366
v -0.64846551 9.19145298 16.76402664
v -0.58250529 9.19145298 16.78533936
v -0.75876564 9.27673054 16.72057533
v -0.11377493 10.11787128 16.66892624
v 0 10.11086082 16.67651939
v -0.10548898 10.00787163 16.71970177
v 0 10.04609776 16.70677567
v 0 9.97976875 16.73441315
v 0 9.91186237 16.75936317
v -0.23071475 10.08526611 16.67187119
v -0.21622993 9.98291588 16.71879578
v -0.09590895 9.7614584 16.80082703
v 0 9.84236622 16.78155518
v 0 9.7712698 16.80091476
v 0 9.69860554 16.81780052
v 0 9.62442398 16.83264351
v -0.47359052 9.99487782 16.65656471
v -0.19829875 9.74579811 16.7963295
v -0.45237103 9.90282345 16.6992836
v -0.0924015 9.48638725 16.8516407
v 0 9.54871464 16.84531975
v 0 9.47146988 16.85569954
v 0 9.39267826 16.86365318
v -0.7226181 9.87588215 16.61091805
v -0.95477217 9.69591713 16.55546951
v -0.1891772 9.47690964 16.84569931
v -0.19669852 9.19145298 16.86232948
v -0.2944504 9.19145298 16.85020256
v -0.41943935 9.68668747 16.77149582
v -0.69740993 9.79101467 16.65157318
v -0.91983098 9.61371708 16.59699631
v -0.39207846 9.44299221 16.81881905
v -0.39149165 9.19145298 16.83329964
v -0.48758805 9.19145298 16.81166458
v -0.64871001 9.60159874 16.72079468
v -0.88266575 9.53049469 16.63435173
v -0.84337044 9.446455 16.66745567
v -0.59779263 9.39702511 16.76974869
v -0.80203909 9.36179924 16.69622421
v 0.08335961 10.2325182 16.60808182
v 0.0693086 9.19145298 16.87087059
v 0.96834821 9.7290678 16.5373745
v 0.9503774 9.83968163 16.5083046
v 0.90069133 9.86898994 16.52501869
v 1 9.80948734 16.49011803
v 0.74558479 9.25147629 16.72693062
v 0.77662396 9.31142521 16.71119308
v 0.62078333 9.19145298 16.77327919
v 0.11377493 10.11787128 16.66892624
v 0.15840171 10.20875835 16.61601639
v 0.10548898 10.00787163 16.71970177
v 0.23071475 10.08526611 16.67187119
v 0.22592394 10.18572617 16.62047958
v 0.29340434 10.16110229 16.62234306
v 0.36081687 10.13485909 16.62154388
v 0.21622993 9.98291588 16.71879578
v 0.09590895 9.7614584 16.80082703
v 0.47359052 9.99487782 16.65656471
v 0.42813554 10.10696888 16.61802101
v 0.49533433 10.07740307 16.61171341
v 0.56256312 10.04628944 16.60292053
v 0.62999946 10.01378536 16.59200668
v 0.19829875 9.74579811 16.7963295
v 0.45237103 9.90282345 16.6992836
v 0.7226181 9.87588215 16.61091805
v 0.69758725 9.97984791 16.57886505
v 0.76526976 9.94443226 16.56339264
v 0.83299005 9.90749454 16.54547882
v 0.41943935 9.68668747 16.77149582
v 0.69740993 9.79101467 16.65157318
v 0.93434006 9.64734077 16.58057594
v 0.89806956 9.56451035 16.61964035
v 0.64871001 9.60159874 16.72079468
v 0.8596307 9.48077869 16.65448761
v 0.81911755 9.39634991 16.68503189
v 0.16560274 9.47969723 16.84753418
v 0.1385317 9.19145298 16.86724472
v 0.21892169 9.47300053 16.84301949
v 0.23659413 9.19145298 16.85796928
v 0.31997418 9.45683956 16.83074951
v 0.33408478 9.19145298 16.84389114
v 0.37551919 9.44632244 16.82180595
v 0.43143404 9.43479443 16.81114578
v 0.43076935 9.19145298 16.82505417
v 0.53452134 9.4118681 16.78722572
v 0.52641362 9.19145298 16.80150414
v 0.58966601 9.3989563 16.77211571
v 0.05151906 10.31587791 16.55656242
v 0.09789763 10.3671608 16.5181179
v 1.02081144 9.86518478 16.45448303
v 0.69694239 10.75827312 15.90128994
v 0.58736557 10.79005909 15.9209404
v 0.55665791 10.76968098 15.9683609
v 0.61803401 10.80948734 15.87208366
v 1.04038942 9.92006683 16.41693687
v 1.10926223 10.39783478 16.01844215
v 1.06248522 10.44805717 16.00871658
v 1.14243078 10.28117943 16.09979248
v 0.24807854 10.38117599 16.48898697
v 0.13962866 10.4116497 16.48085022
v 0.18133384 10.45450687 16.44100952
v 0.2229971 10.49567604 16.39854622
v 0.34986737 10.3327837 16.50256538
v 0.38860399 10.52774334 16.32723618
v 0.26460236 10.53510475 16.35341835
v 0.30613351 10.57273769 16.30558014
v 0.34768316 10.60885239 16.25523758
v 0.38936111 10.64378452 16.20264435
v 0.47787943 10.47774982 16.34395981
v 0.57492638 10.22367764 16.50098419
v 0.53900403 10.65560722 16.1290226
v 0.43113267 10.67743492 16.14773178
v 0.47296277 10.70970154 16.09042931
v 0.51481622 10.74048424 16.03066254
v 0.62020028 10.60534286 16.14829063
v 0.7741524 10.70324707 15.92798996
v 0.84948784 10.64455986 15.95213318
v 0.67866713 10.36535454 16.3520565
v 0.8143279 10.09710979 16.46239471
v 1.06605422 9.99653435 16.36040115
v 0.79300326 10.49262714 16.1701088
v 0.92277259 10.58236504 15.97366905
v 0.99383044 10.51681328 15.99254704
v 0.89102781 10.23599529 16.32871628
v 1.08914149 10.07105541 16.30026627
v 1.10960054 10.14345455 16.2366848
v 0.96724886 10.36427402 16.17195511
v 1.12738061 10.21355438 16.16980934
v 16.55656242 0.05151906 10.31587791
v 16.55656242 -0.05151906 10.31587791
v 16.59568977 0 10.25670052
v 16.5181179 0.09789763 10.3671608
v 16.5181179 -0.09789763 10.3671608
v 15.85006046 0.56158763 10.84316063
v 15.9683609 0.55665791 10.76968098
v 15.9209404 0.58736557 10.79005909
v 15.87208366 0.61803401 10.80948734
v 15.84043217 -0.53761411 10.85674381
v 15.9683609 -0.55665791 10.76968098
v 16.03066254 -0.51481622 10.74048424
v 15.9209404 -0.58736557 10.79005909
v 15.87208366 -0.61803401 10.80948734
v 15.61766815 -0.06002299 11.04629993
v 15.64870739 -0.11997194 11.0305624
v 15.63084888 0.08527776 11.03994465
v 16.42379189 0.07739378 10.48666573
v 16.48085022 0.13962866 10.4116497
v 16.44100952 0.18133384 10.45450687
v 16.39854622 0.2229971 10.49567604
v 16.368927 0 10.54901314
v 16.48085022 -0.13962866 10.4116497
v 16.44100952 -0.18133384 10.45450687
v 16.39854622 -0.2229971 10.49567604
v 16.2679615 0.23342003 10.62365246
v 16.35341835 0.26460236 10.53510475
v 16.30558014 0.30613351 10.57273769
v 16.25523758 0.34768316 10.60885239
v 16.20264435 0.38936111 10.64378452
v 16.22140312 -0.15702531 10.67604828
v 16.35341835 -0.26460236 10.53510475
v 16.30558014 -0.30613351 10.57273769
v 16.25523758 -0.34768316 10.60885239
v 16.20264435 -0.38936111 10.64378452
v 16.22140312 0.15702531 10.67604828
v 16.07191467 0.38949528 10.74800873
v 16.14773178 0.43113267 10.67743492
v 16.09042931 0.47296277 10.70970154
v 16.03066254 0.51481622 10.74048424
v 15.82685566 0.50446439 10.87483883
v 16.03137207 -0.31410509 10.79452038
v 15.80642414 -0.45588756 10.89994526
v 15.77015305 -0.37305719 10.93901062
v 16.14773178 -0.43113267 10.67743492
v 16.09042931 -0.47296277 10.70970154
v 16.09282875 -0 10.78479385
v 16.03137207 0.31410509 10.79452038
v 15.79191494 0.42226359 10.91636467
v 15.9277916 -0.15860701 10.88470554
v 15.73171425 -0.28932586 10.97385693
v 15.69120121 -0.20489648 11.00440121
v 15.9277916 0.15860701 10.88470554
v 15.7547493 0.33904168 10.95372105
v 15.7154541 0.25500149 10.98682499
v 15.80249977 0 10.96206665
v 15.67412281 0.17034587 11.01559353
v 16.60808182 -0.08335961 10.2325182
v 16.61601639 -0.15840171 10.20875835
v 15.89289474 -0.67373127 10.77385235
v 16.43890381 -1.02920616 9.88839531
v 16.52501869 -0.90069133 9.86898994
v 16.54547882 -0.83299005 9.90749454
v 16.5083046 -0.9503774 9.83968163
v 16.49011803 -1 9.80948734
v 16.07846451 -1.14635849 10.30071545
v 16.1286869 -1.13663197 10.25393867
v 16.01451492 -1.08972621 10.4191618
v 16.48898697 -0.24807854 10.38117599
v 16.50256538 -0.34986737 10.3327837
v 16.62047958 -0.22592394 10.18572617
v 16.62234306 -0.29340434 10.16110229
v 16.62154388 -0.36081687 10.13485909
v 16.32723618 -0.38860399 10.52774334
v 16.34395981 -0.47787943 10.47774982
v 16.50098419 -0.57492638 10.22367764
v 16.61802101 -0.42813554 10.10696888
v 16.61171341 -0.49533433 10.07740307
v 16.60292053 -0.56256312 10.04628944
v 16.59200668 -0.62999946 10.01378536
v 16.1290226 -0.53900403 10.65560722
v 15.91247272 -0.72861332 10.73630714
v 16.14829063 -0.62020028 10.60534286
v 15.93813801 -0.80508089 10.67977142
v 16.3520565 -0.67866713 10.36535454
v 16.1701088 -0.79300326 10.49262714
v 15.96122551 -0.87960213 10.61963654
v 15.98168373 -0.95200092 10.55605507
v 16.45759201 -0.8172406 10.10279751
v 16.3838768 -1.05590641 9.96560574
v 16.57886505 -0.69758725 9.97984791
v 16.56339264 -0.76526976 9.94443226
v 16.42397308 -0.83734214 10.14094257
v 16.3251915 -1.08004987 10.04094124
v 16.35627174 -0.87604225 10.21022511
v 16.26299477 -1.10158587 10.11422539
v 16.31683922 -0.89734143 10.24673271
v 16.27582359 -0.91845745 10.28237152
v 16.19744301 -1.12046349 10.18528366
v 16.19649696 -0.95632529 10.34587097
v 15.99946404 -1.02210104 10.48917961
v 16.63992119 0 10.1809988
v 16.52379036 -0.97797644 9.75304127
v 16.86963844 -0.0984703 9.19145298
v 16.87131691 0 9.25231647
v 16.86905289 0 9.31233215
v 16.87208366 0 9.19145298
v 16.76402664 -0.64846551 9.19145298
v 16.78533936 -0.58250529 9.19145298
v 16.72057533 -0.75876564 9.27673054
v 16.66892624 -0.11377493 10.11787128
v 16.67651939 0 10.11086082
v 16.71970177 -0.10548898 10.00787163
v 16.70677567 0 10.04609776
v 16.73441315 0 9.97976875
v 16.75936317 0 9.91186237
v 16.67187119 -0.23071475 10.08526611
v 16.71879578 -0.21622993 9.98291588
v 16.80082703 -0.09590895 9.7614584
v 16.78155518 0 9.84236622
v 16.80091476 0 9.7712698
v 16.81780052 0 9.69860554
v 16.83264351 0 9.62442398
v 16.65656471 -0.47359052 9.99487782
v 16.7963295 -0.19829875 9.74579811
v 16.6992836 -0.45237103 9.90282345
v 16.8516407 -0.0924015 9.48638725
v 16.84531975 0 9.54871464
v 16.85569954 0 9.47146988
v 16.86365318 0 9.39267826
v 16.61091805 -0.7226181 9.87588215
v 16.55546951 -0.95477217 9.69591713
v 16.84569931 -0.1891772 9.47690964
v 16.86232948 -0.19669852 9.19145298
v 16.85020256 -0.2944504 9.19145298
v 16.77149582 -0.41943935 9.68668747
v 16.65157318 -0.69740993 9.79101467
v 16.59699631 -0.91983098 9.61371708
v 16.81881905 -0.39207846 9.44299221
v 16.83329964 -0.39149165 9.19145298
v 16.81166458 -0.48758805 9.19145298
v 16.72079468 -0.64871001 9.60159874
v 16.63435173 -0.88266575 9.53049469
v 16.66745567 -0.84337044 9.446455
v 16.76974869 -0.59779263 9.39702511
v 16.69622421 -0.80203909 9.36179924
v 16.60808182 0.08335961 10.2325182
v 16.87087059 0.0693086 9.19145298
v 16.5373745 0.96834821 9.7290678
v 16.5083046 0.9503774 9.83968163
v 16.52501869 0.90069133 9.86898994
v 16.49011803 1 9.80948734
v 16.72693062 0.74558479 9.25147629
v 16.71119308 0.77662396 9.31142521
v 16.77327919 0.62078333 9.19145298
v 16.66892624 0.11377493 10.11787128
v 16.61601639 0.15840171 10.20875835
v 16.71970177 0.10548898 10.00787163
v 16.67187119 0.23071475 10.08526611
v 16.62047958 0.22592394 10.18572617
v 16.62234306 0.29340434 10.16110229
v 16.62154388 0.36081687 10.13485909
v 16.71879578 0.21622993 9.98291588
v 16.80082703 0.09590895 9.7614584
v 16.65656471 0.47359052 9.99487782
v 16.61802101 0.42813554 10.10696888
v 16.61171341 0.49533433 10.07740307
v 16.60292053 0.56256312 10.04628944
v 16.59200668 0.62999946 10.01378536
v 16.7963295 0.19829875 9.74579811
v 16.6992836 0.45237103 9.90282345
v 16.61091805 0.7226181 9.87588215
v 16.57886505 0.69758725 9.97984791
v 16.56339264 0.76526976 9.94443226
v 16.54547882 0.83299005 9.90749454
v 16.77149582 0.41943935 9.68668747
v 16.65157318 0.69740993 9.79101467
v 16.58057594 0.93434006 9.64734077
v 16.61964035 0.89806956 9.56451035
v 16.72079468 0.64871001 9.60159874
v 16.65448761 0.8596307 9.48077869
v 16.68503189 0.81911755 9.39634991
v 16.84753418 0.16560274 9.47969723
v 16.86724472 0.1385317 9.19145298
v 16.84301949 0.21892169 9.47300053
v 16.85796928 0.23659413 9.19145298
v 16.83074951 0.31997418 9.45683956
v 16.84389114 0.33408478 9.19145298
v 16.82180595 0.37551919 9.44632244
v 16.81114578 0.43143404 9.43479443
v 16.82505417 0.43076935 9.19145298
v 16.78722572 0.53452134 9.4118681
v 16.80150414 0.52641362 9.19145298
v 16.77211571 0.58966601 9.3989563
v 16.60808182 -0.08335961 -10.2325182
v 16.59568977 0 -10.25670052
v 16.63992119 0 -10.1809988
v 16.87087059 -0.0693086 -9.19145298
v 16.86365318 0 -9.39267826
v 16.86905289 0 -9.31233215
v 16.87131691 0 -9.25231647
v 16.87208366 0 -9.19145298
v 16.5373745 -0.96834821 -9.7290678
v 16.5083046 -0.9503774 -9.83968163
v 16.52501869 -0.90069133 -9.86898994
v 16.49011803 -1 -9.80948734
v 16.72693062 -0.74558479 -9.25147629
v 16.71119308 -0.77662396 -9.31142521
v 16.77327919 -0.62078333 -9.19145298
v 16.66892624 -0.11377493 -10.11787128
v 16.67651939 0 -10.11086082
v 16.61601639 -0.15840171 -10.20875835
v 16.71970177 -0.10548898 -10.00787163
v 16.70677567 0 -10.04609776
v 16.73441315 0 -9.97976875
v 16.75936317 0 -9.91186237
v 16.67187119 -0.23071475 -10.08526611
v 16.62047958 -0.22592394 -10.18572617
v 16.62234306 -0.29340434 -10.16110229
v 16.62154388 -0.36081687 -10.13485909
v 16.71879578 -0.21622993 -9.98291588
v 16.80082703 -0.09590895 -9.7614584
v 16.78155518 0 -9.84236622
v 16.80091476 0 -9.7712698
v 16.81780052 0 -9.69860554
v 16.83264351 0 -9.62442398
v 16.65656471 -0.47359052 -9.99487782
v 16.61802101 -0.42813554 -10.10696888
v 16.61171341 -0.49533433 -10.07740307
v 16.60292053 -0.56256312 -10.04628944
v 16.59200668 -0.62999946 -10.01378536
v 16.7963295 -0.19829875 -9.74579811
v 16.6992836 -0.45237103 -9.90282345
v 16.61091805 -0.7226181 -9.87588215
v 16.57886505 -0.69758725 -9.97984791
v 16.56339264 -0.76526976 -9.94443226
v 16.54547882 -0.83299005 -9.90749454
v 16.77149582 -0.41943935 -9.68668747
v 16.65157318 -0.69740993 -9.79101467
v 16.58057594 -0.93434006 -9.64734077
v 16.61964035 -0.89806956 -9.56451035
v 16.72079468 -0.64871001 -9.60159874
v 16.65448761 -0.8596307 -9.48077869
v 16.68503189 -0.81911755 -9.39634991
v 16.84753418 -0.16560274 -9.47969723
v 16.84531975 0 -9.54871464
v 16.85569954 0 -9.47146988
v 16.86724472 -0.1385317 -9.19145298
v 16.84301949 -0.21892169 -9.47300053
v 16.85796928 -0.23659413 -9.19145298
v 16.83074951 -0.31997418 -9.45683956
v 16.84389114 -0.33408478 -9.19145298
v 16.82180595 -0.37551919 -9.44632244
v 16.81114578 -0.43143404 -9.43479443
v 16.82505417 -0.43076935 -9.19145298
v 16.78722572 -0.53452134 -9.4118681
v 16.80150414 -0.52641362 -9.19145298
v 16.77211571 -0.58966601 -9.3989563
v 16.55656242 -0.05151906 -10.31587791
v 16.5181179 -0.09789763 -10.3671608
v 16.45448303 -1.02081144 -9.86518478
v 15.90128994 -0.69694239 -10.75827312
v 15.9209404 -0.58736557 -10.79005909
v 15.9683609 -0.55665791 -10.76968098
v 15.87208366 -0.61803401 -10.80948734
v 16.41693687 -1.04038942 -9.92006683
v 16.01844215 -1.10926223 -10.39783478
v 16.00871658 -1.06248522 -10.44805717
v 16.09979248 -1.14243078 -10.28117943
v 16.48898697 -0.24807854 -10.38117599
v 16.48085022 -0.13962866 -10.4116497
v 16.44100952 -0.18133384 -10.45450687
v 16.39854622 -0.2229971 -10.49567604
v 16.50256538 -0.34986737 -10.3327837
v 16.32723618 -0.38860399 -10.52774334
v 16.35341835 -0.26460236 -10.53510475
v 16.30558014 -0.30613351 -10.57273769
v 16.25523758 -0.34768316 -10.60885239
v 16.20264435 -0.38936111 -10.64378452
v 16.34395981 -0.47787943 -10.47774982
v 16.50098419 -0.57492638 -10.22367764
v 16.1290226 -0.53900403 -10.65560722
v 16.14773178 -0.43113267 -10.67743492
v 16.09042931 -0.47296277 -10.70970154
v 16.03066254 -0.51481622 -10.74048424
v 16.14829063 -0.62020028 -10.60534286
v 15.92798996 -0.7741524 -10.70324707
v 15.95213318 -0.84948784 -10.64455986
v 16.3520565 -0.67866713 -10.36535454
v 16.46239471 -0.8143279 -10.09710979
v 16.36040115 -1.06605422 -9.99653435
v 16.1701088 -0.79300326 -10.49262714
v 15.97366905 -0.92277259 -10.58236504
v 15.99254704 -0.99383044 -10.51681328
v 16.32871628 -0.89102781 -10.23599529
v 16.30026627 -1.08914149 -10.07105541
v 16.2366848 -1.10960054 -10.14345455
v 16.17195511 -0.96724886 -10.36427402
v 16.16980934 -1.12738061 -10.21355438
v 16.55656242 0.05151906 -10.31587791
v 16.5181179 0.09789763 -10.3671608
v 15.85006046 -0.56158763 -10.84316063
v 15.84043217 0.53761411 -10.85674381
v 15.9683609 0.55665791 -10.76968098
v 16.03066254 0.51481622 -10.74048424
v 15.9209404 0.58736557 -10.79005909
v 15.87208366 0.61803401 -10.80948734
v 15.61766815 0.06002299 -11.04629993
v 15.64870739 0.11997194 -11.0305624
v 15.63084888 -0.08527776 -11.03994465
v 16.42379189 -0.07739378 -10.48666573
v 16.368927 0 -10.54901314
v 16.48085022 0.13962866 -10.4116497
v 16.44100952 0.18133384 -10.45450687
v 16.39854622 0.2229971 -10.49567604
v 16.2679615 -0.23342003 -10.62365246
v 16.22140312 0.15702531 -10.67604828
v 16.35341835 0.26460236 -10.53510475
v 16.30558014 0.30613351 -10.57273769
v 16.25523758 0.34768316 -10.60885239
v 16.20264435 0.38936111 -10.64378452
v 16.22140312 -0.15702531 -10.67604828
v 16.07191467 -0.38949528 -10.74800873
v 15.82685566 -0.50446439 -10.87483883
v 16.03137207 0.31410509 -10.79452038
v 15.80642414 0.45588756 -10.89994526
v 15.77015305 0.37305719 -10.93901062
v 16.14773178 0.43113267 -10.67743492
v 16.09042931 0.47296277 -10.70970154
v 16.09282875 0 -10.78479385
v 16.03137207 -0.31410509 -10.79452038
v 15.79191494 -0.42226359 -10.91636467
v 15.9277916 0.15860701 -10.88470554
v 15.73171425 0.28932586 -10.97385693
v 15.69120121 0.20489648 -11.00440121
v 15.9277916 -0.15860701 -10.88470554
v 15.7547493 -0.33904168 -10.95372105
v 15.7154541 -0.25500149 -10.98682499
v 15.80249977 -0 -10.96206665
v 15.67412281 -0.17034587 -11.01559353
v 16.60808182 0.08335961 -10.2325182
v 16.61601639 0.15840171 -10.20875835
v 15.89289474 0.67373127 -10.77385235
v 16.43890381 1.02920616 -9.88839531
v 16.52501869 0.90069133 -9.86898994
v 16.54547882 0.83299005 -9.90749454
v 16.5083046 0.9503774 -9.83968163
v 16.49011803 1 -9.80948734
v 16.07846451 1.14635849 -10.30071545
v 16.1286869 1.13663197 -10.25393867
v 16.01451492 1.08972621 -10.4191618
v 16.48898697 0.24807854 -10.38117599
v 16.50256538 0.34986737 -10.3327837
v 16.62047958 0.22592394 -10.18572617
v 16.62234306 0.29340434 -10.16110229
v 16.62154388 0.36081687 -10.13485909
v 16.32723618 0.38860399 -10.52774334
v 16.34395981 0.47787943 -10.47774982
v 16.50098419 0.57492638 -10.22367764
v 16.61802101 0.42813554 -10.10696888
v 16.61171341 0.49533433 -10.07740307
v 16.60292053 0.56256312 -10.04628944
v 16.59200668 0.62999946 -10.01378536
v 16.1290226 0.53900403 -10.65560722
v 15.91247272 0.72861332 -10.73630714
v 16.14829063 0.62020028 -10.60534286
v 15.93813801 0.80508089 -10.67977142
v 16.3520565 0.67866713 -10.36535454
v 16.1701088 0.79300326 -10.49262714
v 15.96122551 0.87960213 -10.61963654
v 15.98168373 0.95200092 -10.55605507
v 16.45759201 0.8172406 -10.10279751
v 16.3838768 1.05590641 -9.96560574
v 16.57886505 0.69758725 -9.97984791
v 16.56339264 0.76526976 -9.94443226
v 16.42397308 0.83734214 -10.14094257
v 16.3251915 1.08004987 -10.04094124
v 16.35627174 0.87604225 -10.21022511
v 16.26299477 1.10158587 -10.11422539
v 16.31683922 0.89734143 -10.24673271
v 16.27582359 0.91845745 -10.28237152
v 16.19744301 1.12046349 -10.18528366
v 16.19649696 0.95632529 -10.34587097
v 15.99946404 1.02210104 -10.48917961
v 0.08335961 -10.2325182 -16.60808182
v 0.05151906 -10.31587791 -16.55656242
v 0 -10.25670052 -16.59568977
v 0.09789763 -10.3671608 -16.5181179
v 0.15840171 -10.20875835 -16.61601639
v 1.02081144 -9.86518478 -16.45448303
v 0.83299005 -9.90749454 -16.54547882
v 0.90069133 -9.86898994 -16.52501869
v 0.9503774 -9.83968163 -16.5083046
v 1 -9.80948734 -16.49011803
v 0.69694239 -10.75827312 -15.90128994
v 0.58736557 -10.79005909 -15.9209404
v 0.55665791 -10.76968098 -15.9683609
v 0.61803401 -10.80948734 -15.87208366
v 1.04038942 -9.92006683 -16.41693687
v 1.10926223 -10.39783478 -16.01844215
v 1.06248522 -10.44805717 -16.00871658
v 1.14243078 -10.28117943 -16.09979248
v 0.24807854 -10.38117599 -16.48898697
v 0.13962866 -10.4116497 -16.48085022
v 0.18133384 -10.45450687 -16.44100952
v 0.2229971 -10.49567604 -16.39854622
v 0.34986737 -10.3327837 -16.50256538
v 0.22592394 -10.18572617 -16.62047958
v 0.29340434 -10.16110229 -16.62234306
v 0.36081687 -10.13485909 -16.62154388
v 0.38860399 -10.52774334 -16.32723618
v 0.26460236 -10.53510475 -16.35341835
v 0.30613351 -10.57273769 -16.30558014
v 0.34768316 -10.60885239 -16.25523758
v 0.38936111 -10.64378452 -16.20264435
v 0.47787943 -10.47774982 -16.34395981
v 0.57492638 -10.22367764 -16.50098419
v 0.42813554 -10.10696888 -16.61802101
v 0.49533433 -10.07740307 -16.61171341
v 0.56256312 -10.04628944 -16.60292053
v 0.62999946 -10.01378536 -16.59200668
v 0.53900403 -10.65560722 -16.1290226
v 0.43113267 -10.67743492 -16.14773178
v 0.47296277 -10.70970154 -16.09042931
v 0.51481622 -10.74048424 -16.03066254
v 0.62020028 -10.60534286 -16.14829063
v 0.7741524 -10.70324707 -15.92798996
v 0.84948784 -10.64455986 -15.95213318
v 0.67866713 -10.36535454 -16.3520565
v 0.8143279 -10.09710979 -16.46239471
v 0.69758725 -9.97984791 -16.57886505
v 0.76526976 -9.94443226 -16.56339264
v 1.06605422 -9.99653435 -16.36040115
v 0.79300326 -10.49262714 -16.1701088
v 0.92277259 -10.58236504 -15.97366905
v 0.99383044 -10.51681328 -15.99254704
v 0.89102781 -10.23599529 -16.32871628
v 1.08914149 -10.07105541 -16.30026627
v 1.10960054 -10.14345455 -16.2366848
v 0.96724886 -10.36427402 -16.17195511
v 1.12738061 -10.21355438 -16.16980934
v -0.05151906 -10.31587791 -16.55656242
v -0.09789763 -10.3671608 -16.5181179
v 0.56158763 -10.84316063 -15.85006046
v -0.53761411 -10.85674381 -15.84043217
v -0.55665791 -10.76968098 -15.9683609
v -0.51481622 -10.74048424 -16.03066254
v -0.58736557 -10.79005909 -15.9209404
v -0.61803401 -10.80948734 -15.87208366
v -0.06002299 -11.04629993 -15.61766815
v -0.11997194 -11.0305624 -15.64870739
v 0.08527776 -11.03994465 -15.63084888
v 0.07739378 -10.48666573 -16.42379189
v 0 -10.54901314 -16.368927
v -0.13962866 -10.4116497 -16.48085022
v -0.18133384 -10.45450687 -16.44100952
v -0.2229971 -10.49567604 -16.39854622
v 0.23342003 -10.62365246 -16.2679615
v -0.15702531 -10.67604828 -16.22140312
v -0.26460236 -10.53510475 -16.35341835
v -0.30613351 -10.57273769 -16.30558014
v -0.34768316 -10.60885239 -16.25523758
v -0.38936111 -10.64378452 -16.20264435
v 0.15702531 -10.67604828 -16.22140312
v 0.38949528 -10.74800873 -16.07191467
v 0.50446439 -10.87483883 -15.82685566
v -0.31410509 -10.79452038 -16.03137207
v -0.45588756 -10.89994526 -15.80642414
v -0.37305719 -10.93901062 -15.77015305
v -0.43113267 -10.67743492 -16.14773178
v -0.47296277 -10.70970154 -16.09042931
v -0 -10.78479385 -16.09282875
v 0.31410509 -10.79452038 -16.03137207
v 0.42226359 -10.91636467 -15.79191494
v -0.15860701 -10.88470554 -15.9277916
v -0.28932586 -10.97385693 -15.73171425
v -0.20489648 -11.00440121 -15.69120121
v 0.15860701 -10.88470554 -15.9277916
v 0.33904168 -10.95372105 -15.7547493
v 0.25500149 -10.98682499 -15.7154541
v 0 -10.96206665 -15.80249977
v 0.17034587 -11.01559353 -15.67412281
v -0.08335961 -10.2325182 -16.60808182
v -0.15840171 -10.20875835 -16.61601639
v -0.67373127 -10.77385235 -15.89289474
v -1.02920616 -9.88839531 -16.43890381
v -0.90069133 -9.86898994 -16.52501869
v -0.83299005 -9.90749454 -16.54547882
v -0.9503774 -9.83968163 -16.5083046
v -1 -9.80948734 -16.49011803
v -1.14635849 -10.30071545 -16.07846451
v -1.13663197 -10.25393867 -16.1286869
v -1.08972621 -10.4191618 -16.01451492
v -0.24807854 -10.38117599 -16.48898697
v -0.34986737 -10.3327837 -16.50256538
v -0.22592394 -10.18572617 -16.62047958
v -0.29340434 -10.16110229 -16.62234306
v -0.36081687 -10.13485909 -16.62154388
v -0.38860399 -10.52774334 -16.32723618
v -0.47787943 -10.47774982 -16.34395981
v -0.57492638 -10.22367764 -16.50098419
v -0.42813554 -10.10696888 -16.61802101
v -0.49533433 -10.07740307 -16.61171341
v -0.56256312 -10.04628944 -16.60292053
v -0.62999946 -10.01378536 -16.59200668
v -0.53900403 -10.65560722 -16.1290226
v -0.72861332 -10.73630714 -15.91247272
v -0.62020028 -10.60534286 -16.14829063
v -0.80508089 -10.67977142 -15.93813801
v -0.67866713 -10.36535454 -16.3520565
v -0.79300326 -10.49262714 -16.1701088
v -0.87960213 -10.61963654 -15.96122551
v -0.95200092 -10.55605507 -15.98168373
v -0.8172406 -10.10279751 -16.45759201
v -1.05590641 -9.96560574 -16.3838768
v -0.69758725 -9.97984791 -16.57886505
v -0.76526976 -9.94443226 -16.56339264
v -0.83734214 -10.14094257 -16.42397308
v -1.08004987 -10.04094124 -16.3251915
v -0.87604225 -10.21022511 -16.35627174
v -1.10158587 -10.11422539 -16.26299477
v -0.89734143 -10.24673271 -16.31683922
v -0.91845745 -10.28237152 -16.27582359
v -1.12046349 -10.18528366 -16.19744301
v -0.95632529 -10.34587097 -16.19649696
v -1.02210104 -10.48917961 -15.99946404
v 0 -10.1809988 -16.63992119
v -0.97797644 -9.75304127 -16.52379036
v -0.0984703 -9.19145298 -16.86963844
v 0 -9.25231647 -16.87131691
v 0 -9.31233215 -16.86905289
v 0 -9.19145298 -16.87208366
v -0.64846551 -9.19145298 -16.76402664
v -0.58250529 -9.19145298 -16.78533936
v -0.75876564 -9.27673054 -16.72057533
v -0.11377493 -10.11787128 -16.66892624
v 0 -10.11086082 -16.67651939
v -0.10548898 -10.00787163 -16.71970177
v 0 -10.04609776 -16.70677567
v 0 -9.97976875 -16.73441315
v 0 -9.91186237 -16.75936317
v -0.23071475 -10.08526611 -16.67187119
v -0.21622993 -9.98291588 -16.71879578
v -0.09590895 -9.7614584 -16.80082703
v 0 -9.84236622 -16.78155518
v 0 -9.7712698 -16.80091476
v 0 -9.69860554 -16.81780052
v 0 -9.62442398 -16.83264351
v -0.47359052 -9.99487782 -16.65656471
v -0.19829875 -9.74579811 -16.7963295
v -0.45237103 -9.90282345 -16.6992836
v -0.0924015 -9.48638725 -16.8516407
v 0 -9.54871464 -16.84531975
v 0 -9.47146988 -16.85569954
v 0 -9.39267826 -16.86365318
v -0.7226181 -9.87588215 -16.61091805
v -0.95477217 -9.69591713 -16.55546951
v -0.1891772 -9.47690964 -16.84569931
v -0.19669852 -9.19145298 -16.86232948
v -0.2944504 -9.19145298 -16.85020256
v -0.41943935 -9.68668747 -16.77149582
v -0.69740993 -9.79101467 -16.65157318
v -0.91983098 -9.61371708 -16.59699631
v -0.39207846 -9.44299221 -16.81881905
v -0.39149165 -9.19145298 -16.83329964
v -0.48758805 -9.19145298 -16.81166458
v -0.64871001 -9.60159874 -16.72079468
v -0.88266575 -9.53049469 -16.63435173
v -0.84337044 -9.446455 -16.66745567
v -0.59779263 -9.39702511 -16.76974869
v -0.80203909 -9.36179924 -16.69622421
v -16.60808182 -0.08335961 -10.2325182
v -16.59568977 0 -10.25670052
v -16.55656242 -0.05151906 -10.31587791
v -16.5181179 -0.09789763 -10.3671608
v -16.61601639 -0.15840171 -10.20875835
v -15.89289474 -0.67373127 -10.77385235
v -15.9683609 -0.55665791 -10.76968098
v -15.9209404 -0.58736557 -10.79005909
v -15.87208366 -0.61803401 -10.80948734
v -16.43890381 -1.02920616 -9.88839531
v -16.52501869 -0.90069133 -9.86898994
v -16.54547882 -0.83299005 -9.90749454
v -16.5083046 -0.9503774 -9.83968163
v -16.49011803 -1 -9.80948734
v -16.07846451 -1.14635849 -10.30071545
v -16.1286869 -1.13663197 -10.25393867
v -16.01451492 -1.08972621 -10.4191618
v -16.48898697 -0.24807854 -10.38117599
v -16.48085022 -0.13962866 -10.4116497
v -16.44100952 -0.18133384 -10.45450687
v -16.39854622 -0.2229971 -10.49567604
v -16.50256538 -0.34986737 -10.3327837
v -16.62047958 -0.22592394 -10.18572617
v -16.62234306 -0.29340434 -10.16110229
v -16.62154388 -0.36081687 -10.13485909
v -16.32723618 -0.38860399 -10.52774334
v -16.35341835 -0.26460236 -10.53510475
v -16.30558014 -0.30613351 -10.57273769
v -16.25523758 -0.34768316 -10.60885239
v -16.20264435 -0.38936111 -10.64378452
v -16.34395981 -0.47787943 -10.47774982
v -16.50098419 -0.57492638 -10.22367764
v -16.61802101 -0.42813554 -10.10696888
v -16.61171341 -0.49533433 -10.07740307
v -16.60292053 -0.56256312 -10.04628944
v -16.59200668 -0.62999946 -10.01378536
v -16.1290226 -0.53900403 -10.65560722
v -16.14773178 -0.43113267 -10.67743492
v -16.09042931 -0.47296277 -10.70970154
v -16.03066254 -0.51481622 -10.74048424
v -15.91247272 -0.72861332 -10.73630714
v -16.14829063 -0.62020028 -10.60534286
v -15.93813801 -0.80508089 -10.67977142
v -16.3520565 -0.67866713 -10.36535454
v -16.1701088 -0.79300326 -10.49262714
v -15.96122551 -0.87960213 -10.61963654
v -15.98168373 -0.95200092 -10.55605507
v -16.45759201 -0.8172406 -10.10279751
v -16.3838768 -1.05590641 -9.96560574
v -16.57886505 -0.69758725 -9.97984791
v -16.56339264 -0.76526976 -9.94443226
v -16.42397308 -0.83734214 -10.14094257
v -16.3251915 -1.08004987 -10.04094124
v -16.35627174 -0.87604225 -10.21022511
v -16.26299477 -1.10158587 -10.11422539
v -16.31683922 -0.89734143 -10.24673271
v -16.27582359 -0.91845745 -10.28237152
v -16.19744301 -1.12046349 -10.18528366
v -16.19649696 -0.95632529 -10.34587097
v -15.99946404 -1.02210104 -10.48917961
v -16.63992119 0 -10.1809988
v -16.52379036 -0.97797644 -9.75304127
v -16.86963844 -0.0984703 -9.19145298
v -16.87131691 0 -9.25231647
v -16.86905289 0 -9.31233215
v -16.87208366 0 -9.19145298
v -16.76402664 -0.64846551 -9.19145298
v -16.78533936 -0.58250529 -9.19145298
v -16.72057533 -0.75876564 -9.27673054
v -16.66892624 -0.11377493 -10.11787128
v -16.67651939 0 -10.11086082
v -16.71970177 -0.10548898 -10.00787163
v -16.70677567 0 -10.04609776
v -16.73441315 0 -9.97976875
v -16.75936317 0 -9.91186237
v -16.67187119 -0.23071475 -10.08526611
v -16.71879578 -0.21622993 -9.98291588
v -16.80082703 -0.09590895 -9.7614584
v -16.78155518 0 -9.84236622
v -16.80091476 0 -9.7712698
v -16.81780052 0 -9.69860554
v -16.83264351 0 -9.62442398
v -16.65656471 -0.47359052 -9.99487782
v -16.7963295 -0.19829875 -9.74579811
v -16.6992836 -0.45237103 -9.90282345
v -16.8516407 -0.0924015 -9.48638725
v -16.84531975 0 -9.54871464
v -16.85569954 0 -9.47146988
v -16.86365318 0 -9.39267826
v -16.61091805 -0.7226181 -9.87588215
v -16.55546951 -0.95477217 -9.69591713
v -16.84569931 -0.1891772 -9.47690964
v -16.86232948 -0.19669852 -9.19145298
v -16.85020256 -0.2944504 -9.19145298
v -16.77149582 -0.41943935 -9.68668747
v -16.65157318 -0.69740993 -9.79101467
v -16.59699631 -0.91983098 -9.61371708
v -16.81881905 -0.39207846 -9.44299221
v -16.83329964 -0.39149165 -9.19145298
v -16.81166458 -0.48758805 -9.19145298
v -16.72079468 -0.64871001 -9.60159874
v -16.63435173 -0.88266575 -9.53049469
v -16.66745567 -0.84337044 -9.446455
v -16.76974869 -0.59779263 -9.39702511
v -16.69622421 -0.80203909 -9.36179924
v -16.60808182 0.08335961 -10.2325182
v -16.87087059 0.0693086 -9.19145298
v -16.5373745 0.96834821 -9.7290678
v -16.5083046 0.9503774 -9.83968163
v -16.52501869 0.90069133 -9.86898994
v -16.49011803 1 -9.80948734
v -16.72693062 0.74558479 -9.25147629
v -16.71119308 0.77662396 -9.31142521
v -16.77327919 0.62078333 -9.19145298
v -16.66892624 0.11377493 -10.11787128
v -16.61601639 0.15840171 -10.20875835
v -16.71970177 0.10548898 -10.00787163
v -16.67187119 0.23071475 -10.08526611
v -16.62047958 0.22592394 -10.18572617
v -16.62234306 0.29340434 -10.16110229
v -16.62154388 0.36081687 -10.13485909
v -16.71879578 0.21622993 -9.98291588
v -16.80082703 0.09590895 -9.7614584
v -16.65656471 0.47359052 -9.99487782
v -16.61802101 0.42813554 -10.10696888
v -16.61171341 0.49533433 -10.07740307
v -16.60292053 0.56256312 -10.04628944
v -16.59200668 0.62999946 -10.01378536
v -16.7963295 0.19829875 -9.74579811
v -16.6992836 0.45237103 -9.90282345
v -16.61091805 0.7226181 -9.87588215
v -16.57886505 0.69758725 -9.97984791
v -16.56339264 0.76526976 -9.94443226
v -16.54547882 0.83299005 -9.90749454
v -16.77149582 0.41943935 -9.68668747
v -16.65157318 0.69740993 -9.79101467
v -16.58057594 0.93434006 -9.64734077
v -16.61964035 0.89806956 -9.56451035
v -16.72079468 0.64871001 -9.60159874
v -16.65448761 0.8596307 -9.48077869
v -16.68503189 0.81911755 -9.39634991
v -16.84753418 0.16560274 -9.47969723
v -16.86724472 0.1385317 -9.19145298
v -16.84301949 0.21892169 -9.47300053
v -16.85796928 0.23659413 -9.19145298
v -16.83074951 0.31997418 -9.45683956
v -16.84389114 0.33408478 -9.19145298
v -16.82180595 0.37551919 -9.44632244
v -16.81114578 0.43143404 -9.43479443
v -16.82505417 0.43076935 -9.19145298
v -16.78722572 0.53452134 -9.4118681
v -16.80150414 0.52641362 -9.19145298
v -16.77211571 0.58966601 -9.3989563
v -16.55656242 0.05151906 -10.31587791
v -16.5181179 0.09789763 -10.3671608
v -16.45448303 1.02081144 -9.86518478
v -15.90128994 0.69694239 -10.75827312
v -15.9209404 0.58736557 -10.79005909
v -15.9683609 0.55665791 -10.76968098
v -15.87208366 0.61803401 -10.80948734
v -16.41693687 1.04038942 -9.92006683
v -16.01844215 1.10926223 -10.39783478
v -16.00871658 1.06248522 -10.44805717
v -16.09979248 1.14243078 -10.28117943
v -16.48898697 0.24807854 -10.38117599
v -16.48085022 0.13962866 -10.4116497
v -16.44100952 0.18133384 -10.45450687
v -16.39854622 0.2229971 -10.49567604
v -16.50256538 0.34986737 -10.3327837
v -16.32723618 0.38860399 -10.52774334
v -16.35341835 0.26460236 -10.53510475
v -16.30558014 0.30613351 -10.57273769
v -16.25523758 0.34768316 -10.60885239
v -16.20264435 0.38936111 -10.64378452
v -16.34395981 0.47787943 -10.47774982
v -16.50098419 0.57492638 -10.22367764
v -16.1290226 0.53900403 -10.65560722
v -16.14773178 0.43113267 -10.67743492
v -16.09042931 0.47296277 -10.70970154
v -16.03066254 0.51481622 -10.74048424
v -16.14829063 0.62020028 -10.60534286
v -15.92798996 0.7741524 -10.70324707
v -15.95213318 0.84948784 -10.64455986
v -16.3520565 0.67866713 -10.36535454
v -16.46239471 0.8143279 -10.09710979
v -16.36040115 1.06605422 -9.99653435
v -16.1701088 0.79300326 -10.49262714
v -15.97366905 0.92277259 -10.58236504
v -15.99254704 0.99383044 -10.51681328
v -16.32871628 0.89102781 -10.23599529
v -16.30026627 1.08914149 -10.07105541
v -16.2366848 1.10960054 -10.14345455
v -16.17195511 0.96724886 -10.36427402
v -16.16980934 1.12738061 -10.21355438
v -16.60808182 -0.08335961 10.2325182
v -16.59568977 0 10.25670052
v -16.63992119 0 10.1809988
v -16.87087059 -0.0693086 9.19145298
v -16.86365318 0 9.39267826
v -16.86905289 0 9.31233215
v -16.87131691 0 9.25231647
v -16.87208366 0 9.19145298
v -16.5373745 -0.96834821 9.7290678
v -16.5083046 -0.9503774 9.83968163
v -16.52501869 -0.90069133 9.86898994
v -16.49011803 -1 9.80948734
v -16.72693062 -0.74558479 9.25147629
v -16.71119308 -0.77662396 9.31142521
v -16.77327919 -0.62078333 9.19145298
v -16.66892624 -0.11377493 10.11787128
v -16.67651939 0 10.11086082
v -16.61601639 -0.15840171 10.20875835
v -16.71970177 -0.10548898 10.00787163
v -16.70677567 0 10.04609776
v -16.73441315 0 9.97976875
v -16.75936317 0 9.91186237
v -16.67187119 -0.23071475 10.08526611
v -16.62047958 -0.22592394 10.18572617
v -16.62234306 -0.29340434 10.16110229
v -16.62154388 -0.36081687 10.13485909
v -16.71879578 -0.21622993 9.98291588
v -16.80082703 -0.09590895 9.7614584
v -16.78155518 0 9.84236622
v -16.80091476 0 9.7712698
v -16.81780052 0 9.69860554
v -16.83264351 0 9.62442398
v -16.65656471 -0.47359052 9.99487782
v -16.61802101 -0.42813554 10.10696888
v -16.61171341 -0.49533433 10.07740307
v -16.60292053 -0.56256312 10.04628944
v -16.59200668 -0.62999946 10.01378536
v -16.7963295 -0.19829875 9.74579811
v -16.6992836 -0.45237103 9.90282345
v -16.61091805 -0.7226181 9.87588215
v -16.57886505 -0.69758725 9.97984791
v -16.56339264 -0.76526976 9.94443226
v -16.54547882 -0.83299005 9.90749454
v -16.77149582 -0.41943935 9.68668747
v -16.65157318 -0.69740993 9.79101467
v -16.58057594 -0.93434006 9.64734077
v -16.61964035 -0.89806956 9.56451035
v -16.72079468 -0.64871001 9.60159874
v -16.65448761 -0.8596307 9.48077869
v -16.68503189 -0.81911755 9.39634991
v -16.84753418 -0.16560274 9.47969723
v -16.84531975 0 9.54871464
v -16.85569954 0 9.47146988
v -16.86724472 -0.1385317 9.19145298
v -16.84301949 -0.21892169 9.47300053
v -16.85796928 -0.23659413 9.19145298
v -16.83074951 -0.31997418 9.45683956
v -16.84389114 -0.33408478 9.19145298
v -16.82180595 -0.37551919 9.44632244
v -16.81114578 -0.43143404 9.43479443
v -16.82505417 -0.43076935 9.19145298
v -16.78722572 -0.53452134 9.4118681
v -16.80150414 -0.52641362 9.19145298
v -16.77211571 -0.58966601 9.3989563
v -16.55656242 -0.05151906 10.31587791
v -16.5181179 -0.09789763 10.3671608
v -16.45448303 -1.02081144 9.86518478
v -15.90128994 -0.69694239 10.75827312
v -15.9209404 -0.58736557 10.79005909
v -15.9683609 -0.55665791 10.76968098
v -15.87208366 -0.61803401 10.80948734
v -16.41693687 -1.04038942 9.92006683
v -16.01844215 -1.10926223 10.39783478
v -16.00871658 -1.06248522 10.44805717
v -16.09979248 -1.14243078 10.28117943
v -16.48898697 -0.24807854 10.38117599
v -16.48085022 -0.13962866 10.4116497
v -16.44100952 -0.18133384 10.45450687
v -16.39854622 -0.2229971 10.49567604
v -16.50256538 -0.34986737 10.3327837
v -16.32723618 -0.38860399 10.52774334
v -16.35341835 -0.26460236 10.53510475
v -16.30558014 -0.30613351 10.57273769
v -16.25523758 -0.34768316 10.60885239
v -16.20264435 -0.38936111 10.64378452
v -16.34395981 -0.47787943 10.47774982
v -16.50098419 -0.57492638 10.22367764
v -16.1290226 -0.53900403 10.65560722
v -16.14773178 -0.43113267 10.67743492
v -16.09042931 -0.47296277 10.70970154
v -16.03066254 -0.51481622 10.74048424
v -16.14829063 -0.62020028 10.60534286
v -15.92798996 -0.7741524 10.70324707
v -15.95213318 -0.84948784 10.64455986
v -16.3520565 -0.67866713 10.36535454
v -16.46239471 -0.8143279 10.09710979
v -16.36040115 -1.06605422 9.99653435
v -16.1701088 -0.79300326 10.49262714
v -15.97366905 -0.92277259 10.58236504
v -15.99254704 -0.99383044 10.51681328
v -16.32871628 -0.89102781 10.23599529
v -16.30026627 -1.08914149 10.07105541
v -16.2366848 -1.10960054 10.14345455
v -16.17195511 -0.96724886 10.36427402
v -16.16980934 -1.12738061 10.21355438
v -16.55656242 0.05151906 10.31587791
v -16.5181179 0.09789763 10.3671608
v -15.85006046 -0.56158763 10.84316063
v -15.84043217 0.53761411 10.85674381
v -15.9683609 0.55665791 10.76968098
v -16.03066254 0.51481622 10.74048424
v -15.9209404 0.58736557 10.79005909
v -15.87208366 0.61803401 10.80948734
v -15.61766815 0.06002299 11.04629993
v -15.64870739 0.11997194 11.0305624
v -15.63084888 -0.08527776 11.03994465
v -16.42379189 -0.07739378 10.48666573
v -16.368927 0 10.54901314
v -16.48085022 0.13962866 10.4116497
v -16.44100952 0.18133384 10.45450687
v -16.39854622 0.2229971 10.49567604
v -16.2679615 -0.23342003 10.62365246
v -16.22140312 0.15702531 10.67604828
v -16.35341835 0.26460236 10.53510475
v -16.30558014 0.30613351 10.57273769
v -16.25523758 0.34768316 10.60885239
v -16.20264435 0.38936111 10.64378452
v -16.22140312 -0.15702531 10.67604828
v -16.07191467 -0.38949528 10.74800873
v -15.82685566 -0.50446439 10.87483883
v -16.03137207 0.31410509 10.79452038
v -15.80642414 0.45588756 10.89994526
v -15.77015305 0.37305719 10.93901062
v -16.14773178 0.43113267 10.67743492
v -16.09042931 0.47296277 10.70970154
v -16.09282875 0 10.78479385
v -16.03137207 -0.31410509 10.79452038
v -15.79191494 -0.42226359 10.91636467
v -15.9277916 0.15860701 10.88470554
v -15.73171425 0.28932586 10.97385693
v -15.69120121 0.20489648 11.00440121
v -15.9277916 -0.15860701 10.88470554
v -15.7547493 -0.33904168 10.95372105
v -15.7154541 -0.25500149 10.98682499
v -15.80249977 -0 10.96206665
v -15.67412281 -0.17034587 11.01559353
v -16.60808182 0.08335961 10.2325182
v -16.61601639 0.15840171 10.20875835
v -15.89289474 0.67373127 10.77385235
v -16.43890381 1.02920616 9.88839531
v -16.52501869 0.90069133 9.86898994
v -16.54547882 0.83299005 9.90749454
v -16.5083046 0.9503774 9.83968163
v -16.49011803 1 9.80948734
v -16.07846451 1.14635849 10.30071545
v -16.1286869 1.13663197 10.25393867
v -16.01451492 1.08972621 10.4191618
v -16.48898697 0.24807854 10.38117599
v -16.50256538 0.34986737 10.3327837
v -16.62047958 0.22592394 10.18572617
v -16.62234306 0.29340434 10.16110229
v -16.62154388 0.36081687 10.13485909
v -16.32723618 0.38860399 10.52774334
v -16.34395981 0.47787943 10.47774982
v -16.50098419 0.57492638 10.22367764
v -16.61802101 0.42813554 10.10696888
v -16.61171341 0.49533433 10.07740307
v -16.60292053 0.56256312 10.04628944
v -16.59200668 0.62999946 10.01378536
v -16.1290226 0.53900403 10.65560722
v -15.91247272 0.72861332 10.73630714
v -16.14829063 0.62020028 10.60534286
v -15.93813801 0.80508089 10.67977142
v -16.3520565 0.67866713 10.36535454
v -16.1701088 0.79300326 10.49262714
v -15.96122551 0.87960213 10.61963654
v -15.98168373 0.95200092 10.55605507
v -16.45759201 0.8172406 10.10279751
v -16.3838768 1.05590641 9.96560574
v -16.57886505 0.69758725 9.97984791
v -16.56339264 0.76526976 9.94443226
v -16.42397308 0.83734214 10.14094257
v -16.3251915 1.08004987 10.04094124
v -16.35627174 0.87604225 10.21022511
v -16.26299477 1.10158587 10.11422539
v -16.31683922 0.89734143 10.24673271
v -16.27582359 0.91845745 10.28237152
v -16.19744301 1.12046349 10.18528366
v -16.19649696 0.95632529 10.34587097
v -15.99946404 1.02210104 10.48917961
v -0.08335961 -10.2325182 16.60808182
v -0.05151906 -10.31587791 16.55656242
v 0 -10.25670052 16.59568977
v -0.09789763 -10.3671608 16.5181179
v -0.15840171 -10.20875835 16.61601639
v -1.02081144 -9.86518478 16.45448303
v -0.83299005 -9.90749454 16.54547882
v -0.90069133 -9.86898994 16.52501869
v -0.9503774 -9.83968163 16.5083046
v -1 -9.80948734 16.49011803
v -0.69694239 -10.75827312 15.90128994
v -0.58736557 -10.79005909 15.9209404
v -0.55665791 -10.76968098 15.9683609
v -0.61803401 -10.80948734 15.87208366
v -1.04038942 -9.92006683 16.41693687
v -1.10926223 -10.39783478 16.01844215
v -1.06248522 -10.44805717 16.00871658
v -1.14243078 -10.28117943 16.09979248
v -0.24807854 -10.38117599 16.48898697
v -0.13962866 -10.4116497 16.48085022
v -0.18133384 -10.45450687 16.44100952
v -0.2229971 -10.49567604 16.39854622
v -0.34986737 -10.3327837 16.50256538
v -0.22592394 -10.18572617 16.62047958
v -0.29340434 -10.16110229 16.62234306
v -0.36081687 -10.13485909 16.62154388
v -0.38860399 -10.52774334 16.32723618
v -0.26460236 -10.53510475 16.35341835
v -0.30613351 -10.57273769 16.30558014
v -0.34768316 -10.60885239 16.25523758
v -0.38936111 -10.64378452 16.20264435
v -0.47787943 -10.47774982 16.34395981
v -0.57492638 -10.22367764 16.50098419
v -0.42813554 -10.10696888 16.61802101
v -0.49533433 -10.07740307 16.61171341
v -0.56256312 -10.04628944 16.60292053
v -0.62999946 -10.01378536 16.59200668
v -0.53900403 -10.65560722 16.1290226
v -0.43113267 -10.67743492 16.14773178
v -0.47296277 -10.70970154 16.09042931
v -0.51481622 -10.74048424 16.03066254
v -0.62020028 -10.60534286 16.14829063
v -0.7741524 -10.70324707 15.92798996
v -0.84948784 -10.64455986 15.95213318
v -0.67866713 -10.36535454 16.3520565
v -0.8143279 -10.09710979 16.46239471
v -0.69758725 -9.97984791 16.57886505
v -0.76526976 -9.94443226 16.56339264
v -1.06605422 -9.99653435 16.36040115
v -0.79300326 -10.49262714 16.1701088
v -0.92277259 -10.58236504 15.97366905
v -0.99383044 -10.51681328 15.99254704
v -0.89102781 -10.23599529 16.32871628
v -1.08914149 -10.07105541 16.30026627
v -1.10960054 -10.14345455 16.2366848
v -0.96724886 -10.36427402 16.17195511
v -1.12738061 -10.21355438 16.16980934
v 0.05151906 -10.31587791 16.55656242
v 0.09789763 -10.3671608 16.5181179
v -0.56158763 -10.84316063 15.85006046
v 0.53761411 -10.85674381 15.84043217
v 0.55665791 -10.76968098 15.9683609
v 0.51481622 -10.74048424 16.03066254
v 0.58736557 -10.79005909 15.9209404
v 0.61803401 -10.80948734 15.87208366
v 0.06002299 -11.04629993 15.61766815
v 0.11997194 -11.0305624 15.64870739
v -0.08527776 -11.03994465 15.63084888
v -0.07739378 -10.48666573 16.42379189
v 0 -10.54901314 16.368927
v 0.13962866 -10.4116497 16.48085022
v 0.18133384 -10.45450687 16.44100952
v 0.2229971 -10.49567604 16.39854622
v -0.23342003 -10.62365246 16.2679615
v 0.15702531 -10.67604828 16.22140312
v 0.26460236 -10.53510475 16.35341835
v 0.30613351 -10.57273769 16.30558014
v 0.34768316 -10.60885239 16.25523758
v 0.38936111 -10.64378452 16.20264435
v -0.15702531 -10.67604828 16.22140312
v -0.38949528 -10.74800873 16.07191467
v -0.50446439 -10.87483883 15.82685566
v 0.31410509 -10.79452038 16.03137207
v 0.45588756 -10.89994526 15.80642414
v 0.37305719 -10.93901062 15.77015305
v 0.43113267 -10.67743492 16.14773178
v 0.47296277 -10.70970154 16.09042931
v 0 -10.78479385 16.09282875
v -0.31410509 -10.79452038 16.03137207
v -0.42226359 -10.91636467 15.79191494
v 0.15860701 -10.88470554 15.9277916
v 0.28932586 -10.97385693 15.73171425
v 0.20489648 -11.00440121 15.69120121
v -0.15860701 -10.88470554 15.9277916
v -0.33904168 -10.95372105 15.7547493
v -0.25500149 -10.98682499 15.7154541
v -0 -10.96206665 15.80249977
v -0.17034587 -11.01559353 15.67412281
v 0.08335961 -10.2325182 16.60808182
v 0.15840171 -10.20875835 16.61601639
v 0.67373127 -10.77385235 15.89289474
v 1.02920616 -9.88839531 16.43890381
v 0.90069133 -9.86898994 16.52501869
v 0.83299005 -9.90749454 16.54547882
v 0.9503774 -9.83968163 16.5083046
v 1 -9.80948734 16.49011803
v 1.14635849 -10.30071545 16.07846451
v 1.13663197 -10.25393867 16.1286869
v 1.08972621 -10.4191618 16.01451492
v 0.24807854 -10.38117599 16.48898697
v 0.34986737 -10.3327837 16.50256538
v 0.22592394 -10.18572617 16.62047958
v 0.29340434 -10.16110229 16.62234306
v 0.36081687 -10.13485909 16.62154388
v 0.38860399 -10.52774334 16.32723618
v 0.47787943 -10.47774982 16.34395981
v 0.57492638 -10.22367764 16.50098419
v 0.42813554 -10.10696888 16.61802101
v 0.49533433 -10.07740307 16.61171341
v 0.56256312 -10.04628944 16.60292053
v 0.62999946 -10.01378536 16.59200668
v 0.53900403 -10.65560722 16.1290226
v 0.72861332 -10.73630714 15.91247272
v 0.62020028 -10.60534286 16.14829063
v 0.80508089 -10.67977142 15.93813801
v 0.67866713 -10.36535454 16.3520565
v 0.79300326 -10.49262714 16.1701088
v 0.87960213 -10.61963654 15.96122551
v 0.95200092 -10.55605507 15.98168373
v 0.8172406 -10.10279751 16.45759201
v 1.05590641 -9.96560574 16.3838768
v 0.69758725 -9.97984791 16.57886505
v 0.76526976 -9.94443226 16.56339264
v 0.83734214 -10.14094257 16.42397308
v 1.08004987 -10.04094124 16.3251915
v 0.87604225 -10.21022511 16.35627174
v 1.10158587 -10.11422539 16.26299477
v 0.89734143 -10.24673271 16.31683922
v 0.91845745 -10.28237152 16.27582359
v 1.12046349 -10.18528366 16.19744301
v 0.95632529 -10.34587097 16.19649696
v 1.02210104 -10.48917961 15.99946404
v 0 -10.1809988 16.63992119
v 0.97797644 -9.75304127 16.52379036
v 0.0984703 -9.19145298 16.86963844
v 0 -9.25231647 16.87131691
v 0 -9.31233215 16.86905289
v 0 -9.19145298 16.87208366
v 0.64846551 -9.19145298 16.76402664
v 0.58250529 -9.19145298 16.78533936
v 0.75876564 -9.27673054 16.72057533
v 0.11377493 -10.11787128 16.66892624
v 0 -10.11086082 16.67651939
v 0.10548898 -10.00787163 16.71970177
v 0 -10.04609776 16.70677567
v 0 -9.97976875 16.73441315
v 0 -9.91186237 16.75936317
v 0.23071475 -10.08526611 16.67187119
v 0.21622993 -9.98291588 16.71879578
v 0.09590895 -9.7614584 16.80082703
v 0 -9.84236622 16.78155518
v 0 -9.7712698 16.80091476
v 0 -9.69860554 16.81780052
v 0 -9.62442398 16.83264351
v 0.47359052 -9.99487782 16.65656471
v 0.19829875 -9.74579811 16.7963295
v 0.45237103 -9.90282345 16.6992836
v 0.0924015 -9.48638725 16.8516407
v 0 -9.54871464 16.84531975
v 0 -9.47146988 16.85569954
v 0 -9.39267826 16.86365318
v 0.7226181 -9.87588215 16.61091805
v 0.95477217 -9.69591713 16.55546951
v 0.1891772 -9.47690964 16.84569931
v 0.19669852 -9.19145298 16.86232948
v 0.2944504 -9.19145298 16.85020256
v 0.41943935 -9.68668747 16.77149582
v 0.69740993 -9.79101467 16.65157318
v 0.91983098 -9.61371708 16.59699631
v 0.39207846 -9.44299221 16.81881905
v 0.39149165 -9.19145298 16.83329964
v 0.48758805 -9.19145298 16.81166458
v 0.64871001 -9.60159874 16.72079468
v 0.88266575 -9.53049469 16.63435173
v 0.84337044 -9.446455 16.66745567
v 0.59779263 -9.39702511 16.76974869
v 0.80203909 -9.36179924 16.69622421
v 10.2325182 -16.60808182 0.08335961
v 10.1809988 -16.63992119 0
v 10.25670052 -16.59568977 0
v 9.75304127 -16.52379036 0.97797644
v 9.86898994 -16.52501869 0.90069133
v 9.83968163 -16.5083046 0.9503774
v 9.80948734 -16.49011803 1
v 9.19145298 -16.86963844 0.0984703
v 9.25231647 -16.87131691 0
v 9.31233215 -16.86905289 0
v 9.19145298 -16.87208366 0
v 9.19145298 -16.76402664 0.64846551
v 9.19145298 -16.78533936 0.58250529
v 9.27673054 -16.72057533 0.75876564
v 10.11787128 -16.66892624 0.11377493
v 10.20875835 -16.61601639 0.15840171
v 10.11086082 -16.67651939 0
v 10.00787163 -16.71970177 0.10548898
v 10.04609776 -16.70677567 0
v 9.97976875 -16.73441315 0
v 9.91186237 -16.75936317 0
v 10.08526611 -16.67187119 0.23071475
v 10.18572617 -16.62047958 0.22592394
v 10.16110229 -16.62234306 0.29340434
v 10.13485909 -16.62154388 0.36081687
v 9.98291588 -16.71879578 0.21622993
v 9.7614584 -16.80082703 0.09590895
v 9.84236622 -16.78155518 0
v 9.7712698 -16.80091476 0
v 9.69860554 -16.81780052 0
v 9.62442398 -16.83264351 0
v 9.99487782 -16.65656471 0.47359052
v 10.10696888 -16.61802101 0.42813554
v 10.07740307 -16.61171341 0.49533433
v 10.04628944 -16.60292053 0.56256312
v 10.01378536 -16.59200668 0.62999946
v 9.74579811 -16.7963295 0.19829875
v 9.90282345 -16.6992836 0.45237103
v 9.48638725 -16.8516407 0.0924015
v 9.54871464 -16.84531975 0
v 9.47146988 -16.85569954 0
v 9.39267826 -16.86365318 0
v 9.87588215 -16.61091805 0.7226181
v 9.97984791 -16.57886505 0.69758725
v 9.94443226 -16.56339264 0.76526976
v 9.90749454 -16.54547882 0.83299005
v 9.69591713 -16.55546951 0.95477217
v 9.47690964 -16.84569931 0.1891772
v 9.19145298 -16.86232948 0.19669852
v 9.19145298 -16.85020256 0.2944504
v 9.68668747 -16.77149582 0.41943935
v 9.79101467 -16.65157318 0.69740993
v 9.61371708 -16.59699631 0.91983098
v 9.44299221 -16.81881905 0.39207846
v 9.19145298 -16.83329964 0.39149165
v 9.19145298 -16.81166458 0.48758805
v 9.60159874 -16.72079468 0.64871001
v 9.53049469 -16.63435173 0.88266575
v 9.446455 -16.66745567 0.84337044
v 9.39702511 -16.76974869 0.59779263
v 9.36179924 -16.69622421 0.80203909
v 10.2325182 -16.60808182 -0.08335961
v 9.19145298 -16.87087059 -0.0693086
v 9.7290678 -16.5373745 -0.96834821
v 9.83968163 -16.5083046 -0.9503774
v 9.86898994 -16.52501869 -0.90069133
v 9.80948734 -16.49011803 -1
v 9.25147629 -16.72693062 -0.74558479
v 9.31142521 -16.71119308 -0.77662396
v 9.19145298 -16.77327919 -0.62078333
v 10.11787128 -16.66892624 -0.11377493
v 10.20875835 -16.61601639 -0.15840171
v 10.00787163 -16.71970177 -0.10548898
v 10.08526611 -16.67187119 -0.23071475
v 10.18572617 -16.62047958 -0.22592394
v 10.16110229 -16.62234306 -0.29340434
v 10.13485909 -16.62154388 -0.36081687
v 9.98291588 -16.71879578 -0.21622993
v 9.7614584 -16.80082703 -0.09590895
v 9.99487782 -16.65656471 -0.47359052
v 10.10696888 -16.61802101 -0.42813554
v 10.07740307 -16.61171341 -0.49533433
v 10.04628944 -16.60292053 -0.56256312
v 10.01378536 -16.59200668 -0.62999946
v 9.74579811 -16.7963295 -0.19829875
v 9.90282345 -16.6992836 -0.45237103
v 9.87588215 -16.61091805 -0.7226181
v 9.97984791 -16.57886505 -0.69758725
v 9.94443226 -16.56339264 -0.76526976
v 9.90749454 -16.54547882 -0.83299005
v 9.68668747 -16.77149582 -0.41943935
v 9.79101467 -16.65157318 -0.69740993
v 9.64734077 -16.58057594 -0.93434006
v 9.56451035 -16.61964035 -0.89806956
v 9.60159874 -16.72079468 -0.64871001
v 9.48077869 -16.65448761 -0.8596307
v 9.39634991 -16.68503189 -0.81911755
v 9.47969723 -16.84753418 -0.16560274
v 9.19145298 -16.86724472 -0.1385317
v 9.47300053 -16.84301949 -0.21892169
v 9.19145298 -16.85796928 -0.23659413
v 9.45683956 -16.83074951 -0.31997418
v 9.19145298 -16.84389114 -0.33408478
v 9.44632244 -16.82180595 -0.37551919
v 9.43479443 -16.81114578 -0.43143404
v 9.19145298 -16.82505417 -0.43076935
v 9.4118681 -16.78722572 -0.53452134
v 9.19145298 -16.80150414 -0.52641362
v 9.3989563 -16.77211571 -0.58966601
v 10.31587791 -16.55656242 -0.05151906
v 10.3671608 -16.5181179 -0.09789763
v 9.86518478 -16.45448303 -1.02081144
v 10.75827312 -15.90128994 -0.69694239
v 10.79005909 -15.9209404 -0.58736557
v 10.76968098 -15.9683609 -0.55665791
v 10.80948734 -15.87208366 -0.61803401
v 9.92006683 -16.41693687 -1.04038942
v 10.39783478 -16.01844215 -1.10926223
v 10.44805717 -16.00871658 -1.06248522
v 10.28117943 -16.09979248 -1.14243078
v 10.38117599 -16.48898697 -0.24807854
v 10.4116497 -16.48085022 -0.13962866
v 10.45450687 -16.44100952 -0.18133384
v 10.49567604 -16.39854622 -0.2229971
v 10.3327837 -16.50256538 -0.34986737
v 10.52774334 -16.32723618 -0.38860399
v 10.53510475 -16.35341835 -0.26460236
v 10.57273769 -16.30558014 -0.30613351
v 10.60885239 -16.25523758 -0.34768316
v 10.64378452 -16.20264435 -0.38936111
v 10.47774982 -16.34395981 -0.47787943
v 10.22367764 -16.50098419 -0.57492638
v 10.65560722 -16.1290226 -0.53900403
v 10.67743492 -16.14773178 -0.43113267
v 10.70970154 -16.09042931 -0.47296277
v 10.74048424 -16.03066254 -0.51481622
v 10.60534286 -16.14829063 -0.62020028
v 10.70324707 -15.92798996 -0.7741524
v 10.64455986 -15.95213318 -0.84948784
v 10.36535454 -16.3520565 -0.67866713
v 10.09710979 -16.46239471 -0.8143279
v 9.99653435 -16.36040115 -1.06605422
v 10.49262714 -16.1701088 -0.79300326
v 10.58236504 -15.97366905 -0.92277259
v 10.51681328 -15.99254704 -0.99383044
v 10.23599529 -16.32871628 -0.89102781
v 10.07105541 -16.30026627 -1.08914149
v 10.14345455 -16.2366848 -1.10960054
v 10.36427402 -16.17195511 -0.96724886
v 10.21355438 -16.16980934 -1.12738061
v 10.31587791 -16.55656242 0.05151906
v 10.3671608 -16.5181179 0.09789763
v 10.84316063 -15.85006046 -0.56158763
v 10.85674381 -15.84043217 0.53761411
v 10.76968098 -15.9683609 0.55665791
v 10.74048424 -16.03066254 0.51481622
v 10.79005909 -15.9209404 0.58736557
v 10.80948734 -15.87208366 0.61803401
v 11.04629993 -15.61766815 0.06002299
v 11.0305624 -15.64870739 0.11997194
v 11.03994465 -15.63084888 -0.08527776
v 10.48666573 -16.42379189 -0.07739378
v 10.54901314 -16.368927 0
v 10.4116497 -16.48085022 0.13962866
v 10.45450687 -16.44100952 0.18133384
v 10.49567604 -16.39854622 0.2229971
v 10.62365246 -16.2679615 -0.23342003
v 10.67604828 -16.22140312 0.15702531
v 10.53510475 -16.35341835 0.26460236
v 10.57273769 -16.30558014 0.30613351
v 10.60885239 -16.25523758 0.34768316
v 10.64378452 -16.20264435 0.38936111
v 10.67604828 -16.22140312 -0.15702531
v 10.74800873 -16.07191467 -0.38949528
v 10.87483883 -15.82685566 -0.50446439
v 10.79452038 -16.03137207 0.31410509
v 10.89994526 -15.80642414 0.45588756
v 10.93901062 -15.77015305 0.37305719
v 10.67743492 -16.14773178 0.43113267
v 10.70970154 -16.09042931 0.47296277
v 10.78479385 -16.09282875 0
v 10.79452038 -16.03137207 -0.31410509
v 10.91636467 -15.79191494 -0.42226359
v 10.88470554 -15.9277916 0.15860701
v 10.97385693 -15.73171425 0.28932586
v 11.00440121 -15.69120121 0.20489648
v 10.88470554 -15.9277916 -0.15860701
v 10.95372105 -15.7547493 -0.33904168
v 10.98682499 -15.7154541 -0.25500149
v 10.96206665 -15.80249977 -0
v 11.01559353 -15.67412281 -0.17034587
v -10.2325182 -16.60808182 0.08335961
v -10.25670052 -16.59568977 0
v -10.1809988 -16.63992119 0
v -9.19145298 -16.87087059 0.0693086
v -9.39267826 -16.86365318 0
v -9.31233215 -16.86905289 0
v -9.25231647 -16.87131691 0
v -9.19145298 -16.87208366 0
v -9.7290678 -16.5373745 0.96834821
v -9.83968163 -16.5083046 0.9503774
v -9.86898994 -16.52501869 0.90069133
v -9.80948734 -16.49011803 1
v -9.25147629 -16.72693062 0.74558479
v -9.31142521 -16.71119308 0.77662396
v -9.19145298 -16.77327919 0.62078333
v -10.11787128 -16.66892624 0.11377493
v -10.11086082 -16.67651939 0
v -10.20875835 -16.61601639 0.15840171
v -10.00787163 -16.71970177 0.10548898
v -10.04609776 -16.70677567 0
v -9.97976875 -16.73441315 0
v -9.91186237 -16.75936317 0
v -10.08526611 -16.67187119 0.23071475
v -10.18572617 -16.62047958 0.22592394
v -10.16110229 -16.62234306 0.29340434
v -10.13485909 -16.62154388 0.36081687
v -9.98291588 -16.71879578 0.21622993
v -9.7614584 -16.80082703 0.09590895
v -9.84236622 -16.78155518 0
v -9.7712698 -16.80091476 0
v -9.69860554 -16.81780052 0
v -9.62442398 -16.83264351 0
v -9.99487782 -16.65656471 0.47359052
v -10.10696888 -16.61802101 0.42813554
v -10.07740307 -16.61171341 0.49533433
v -10.04628944 -16.60292053 0.56256312
v -10.01378536 -16.59200668 0.62999946
v -9.74579811 -16.7963295 0.19829875
v -9.90282345 -16.6992836 0.45237103
v -9.87588215 -16.61091805 0.7226181
v -9.97984791 -16.57886505 0.69758725
v -9.94443226 -16.56339264 0.76526976
v -9.90749454 -16.54547882 0.83299005
v -9.68668747 -16.77149582 0.41943935
v -9.79101467 -16.65157318 0.69740993
v -9.64734077 -16.58057594 0.93434006
v -9.56451035 -16.61964035 0.89806956
v -9.60159874 -16.72079468 0.64871001
v -9.48077869 -16.65448761 0.8596307
v -9.39634991 -16.68503189 0.81911755
v -9.47969723 -16.84753418 0.16560274
v -9.54871464 -16.84531975 0
v -9.47146988 -16.85569954 0
v -9.19145298 -16.86724472 0.1385317
v -9.47300053 -16.84301949 0.21892169
v -9.19145298 -16.85796928 0.23659413
v -9.45683956 -16.83074951 0.31997418
v -9.19145298 -16.84389114 0.33408478
v -9.44632244 -16.82180595 0.37551919
v -9.43479443 -16.81114578 0.43143404
v -9.19145298 -16.82505417 0.43076935
v -9.4118681 -16.78722572 0.53452134
v -9.19145298 -16.80150414 0.52641362
v -9.3989563 -16.77211571 0.58966601
v -10.31587791 -16.55656242 0.05151906
v -10.3671608 -16.5181179 0.09789763
v -9.86518478 -16.45448303 1.02081144
v -10.75827312 -15.90128994 0.69694239
v -10.79005909 -15.9209404 0.58736557
v -10.76968098 -15.9683609 0.55665791
v -10.80948734 -15.87208366 0.61803401
v -9.92006683 -16.41693687 1.04038942
v -10.39783478 -16.01844215 1.10926223
v -10.44805717 -16.00871658 1.06248522
v -10.28117943 -16.09979248 1.14243078
v -10.38117599 -16.48898697 0.24807854
v -10.4116497 -16.48085022 0.13962866
v -10.45450687 -16.44100952 0.18133384
v -10.49567604 -16.39854622 0.2229971
v -10.3327837 -16.50256538 0.34986737
v -10.52774334 -16.32723618 0.38860399
v -10.53510475 -16.35341835 0.26460236
v -10.57273769 -16.30558014 0.30613351
v -10.60885239 -16.25523758 0.34768316
v -10.64378452 -16.20264435 0.38936111
v -10.47774982 -16.34395981 0.47787943
v -10.22367764 -16.50098419 0.57492638
v -10.65560722 -16.1290226 0.53900403
v -10.67743492 -16.14773178 0.43113267
v -10.70970154 -16.09042931 0.47296277
v -10.74048424 -16.03066254 0.51481622
v -10.60534286 -16.14829063 0.62020028
v -10.70324707 -15.92798996 0.7741524
v -10.64455986 -15.95213318 0.84948784
v -10.36535454 -16.3520565 0.67866713
v -10.09710979 -16.46239471 0.8143279
v -9.99653435 -16.36040115 1.06605422
v -10.49262714 -16.1701088 0.79300326
v -10.58236504 -15.97366905 0.92277259
v -10.51681328 -15.99254704 0.99383044
v -10.23599529 -16.32871628 0.89102781
v -10.07105541 -16.30026627 1.08914149
v -10.14345455 -16.2366848 1.10960054
v -10.36427402 -16.17195511 0.96724886
v -10.21355438 -16.16980934 1.12738061
v -10.31587791 -16.55656242 -0.05151906
v -10.3671608 -16.5181179 -0.09789763
v -10.84316063 -15.85006046 0.56158763
v -10.85674381 -15.84043217 -0.53761411
v -10.76968098 -15.9683609 -0.55665791
v -10.74048424 -16.03066254 -0.51481622
v -10.79005909 -15.9209404 -0.58736557
v -10.80948734 -15.87208366 -0.61803401
v -11.04629993 -15.61766815 -0.06002299
v -11.0305624 -15.64870739 -0.11997194
v -11.03994465 -15.63084888 0.08527776
v -10.48666573 -16.42379189 0.07739378
v -10.54901314 -16.368927 0
v -10.4116497 -16.48085022 -0.13962866
v -10.45450687 -16.44100952 -0.18133384
v -10.49567604 -16.39854622 -0.2229971
v -10.62365246 -16.2679615 0.23342003
v -10.67604828 -16.22140312 -0.15702531
v -10.53510475 -16.35341835 -0.26460236
v -10.57273769 -16.30558014 -0.30613351
v -10.60885239 -16.25523758 -0.34768316
v -10.64378452 -16.20264435 -0.38936111
v -10.67604828 -16.22140312 0.15702531
v -10.74800873 -16.07191467 0.38949528
v -10.87483883 -15.82685566 0.50446439
v -10.79452038 -16.03137207 -0.31410509
v -10.89994526 -15.80642414 -0.45588756
v -10.93901062 -15.77015305 -0.37305719
v -10.67743492 -16.14773178 -0.43113267
v -10.70970154 -16.09042931 -0.47296277
v -10.78479385 -16.09282875 -0
v -10.79452038 -16.03137207 0.31410509
v -10.91636467 -15.79191494 0.42226359
v -10.88470554 -15.9277916 -0.15860701
v -10.97385693 -15.73171425 -0.28932586
v -11.00440121 -15.69120121 -0.20489648
v -10.88470554 -15.9277916 0.15860701
v -10.95372105 -15.7547493 0.33904168
v -10.98682499 -15.7154541 0.25500149
v -10.96206665 -15.80249977 0
v -11.01559353 -15.67412281 0.17034587
v -10.2325182 -16.60808182 -0.08335961
v -10.20875835 -16.61601639 -0.15840171
v -10.77385235 -15.89289474 -0.67373127
v -9.88839531 -16.43890381 -1.02920616
v -9.86898994 -16.52501869 -0.90069133
v -9.90749454 -16.54547882 -0.83299005
v -9.83968163 -16.5083046 -0.9503774
v -9.80948734 -16.49011803 -1
v -10.30071545 -16.07846451 -1.14635849
v -10.25393867 -16.1286869 -1.13663197
v -10.4191618 -16.01451492 -1.08972621
v -10.38117599 -16.48898697 -0.24807854
v -10.3327837 -16.50256538 -0.34986737
v -10.18572617 -16.62047958 -0.22592394
v -10.16110229 -16.62234306 -0.29340434
v -10.13485909 -16.62154388 -0.36081687
v -10.52774334 -16.32723618 -0.38860399
v -10.47774982 -16.34395981 -0.47787943
v -10.22367764 -16.50098419 -0.57492638
v -10.10696888 -16.61802101 -0.42813554
v -10.07740307 -16.61171341 -0.49533433
v -10.04628944 -16.60292053 -0.56256312
v -10.01378536 -16.59200668 -0.62999946
v -10.65560722 -16.1290226 -0.53900403
v -10.73630714 -15.91247272 -0.72861332
v -10.60534286 -16.14829063 -0.62020028
v -10.67977142 -15.93813801 -0.80508089
v -10.36535454 -16.3520565 -0.67866713
v -10.49262714 -16.1701088 -0.79300326
v -10.61963654 -15.96122551 -0.87960213
v -10.55605507 -15.98168373 -0.95200092
v -10.10279751 -16.45759201 -0.8172406
v -9.96560574 -16.3838768 -1.05590641
v -9.97984791 -16.57886505 -0.69758725
v -9.94443226 -16.56339264 -0.76526976
v -10.14094257 -16.42397308 -0.83734214
v -10.04094124 -16.3251915 -1.08004987
v -10.21022511 -16.35627174 -0.87604225
v -10.11422539 -16.26299477 -1.10158587
v -10.24673271 -16.31683922 -0.89734143
v -10.28237152 -16.27582359 -0.91845745
v -10.18528366 -16.19744301 -1.12046349
v -10.34587097 -16.19649696 -0.95632529
v -10.48917961 -15.99946404 -1.02210104
v -9.19145298 -16.76402664 -0.64846551
v -9.19145298 -16.78533936 -0.58250529
v -9.19145298 -16.81166458 -0.48758805
v -9.19145298 -16.83329964 -0.39149165
v -9.19145298 -16.85020256 -0.2944504
v -9.19145298 -16.86232948 -0.19669852
v -9.19145298 -16.86963844 -0.0984703
v 10.30071545 -16.07846451 1.14635849
v 10.25393867 -16.1286869 1.13663197
v 10.18528366 -16.19744301 1.12046349
v 10.11422539 -16.26299477 1.10158587
v 10.04094124 -16.3251915 1.08004987
v 9.96560574 -16.3838768 1.05590641
v 9.88839531 -16.43890381 1.02920616
v -0.96834821 -9.7290678 16.5373745
v -0.93434006 -9.64734077 16.58057594
v -0.89806956 -9.56451035 16.61964035
v -0.8596307 -9.48077869 16.65448761
v -0.81911755 -9.39634991 16.68503189
v -0.77662396 -9.31142521 16.71119308
v -0.74558479 -9.25147629 16.72693062
v -9.75304127 -16.52379036 -0.97797644
v -9.27673054 -16.72057533 -0.75876564
v -10.08526611 -16.67187119 -0.23071475
v -9.98291588 -16.71879578 -0.21622993
v -9.99487782 -16.65656471 -0.47359052
v -9.74579811 -16.7963295 -0.19829875
v -9.90282345 -16.6992836 -0.45237103
v -9.87588215 -16.61091805 -0.7226181
v -9.69591713 -16.55546951 -0.95477217
v -9.68668747 -16.77149582 -0.41943935
v -9.79101467 -16.65157318 -0.69740993
v -9.61371708 -16.59699631 -0.91983098
v -9.60159874 -16.72079468 -0.64871001
v -9.53049469 -16.63435173 -0.88266575
v -9.446455 -16.66745567 -0.84337044
v -9.47591305 -16.84502792 -0.1970799
v -9.4683342 -16.83966827 -0.25096104
v -9.45074558 -16.82565689 -0.35282174
v -9.43958282 -16.81568527 -0.4086552
v -9.42764473 -16.80407524 -0.46451989
v -9.40424538 -16.77845383 -0.56725746
v -9.36179924 -16.69622421 -0.80203909
v 10.77385235 -15.89289474 0.67373127
v 10.4191618 -16.01451492 1.08972621
v 10.38117599 -16.48898697 0.24807854
v 10.3327837 -16.50256538 0.34986737
v 10.52774334 -16.32723618 0.38860399
v 10.47774982 -16.34395981 0.47787943
v 10.22367764 -16.50098419 0.57492638
v 10.65560722 -16.1290226 0.53900403
v 10.73630714 -15.91247272 0.72861332
v 10.60534286 -16.14829063 0.62020028
v 10.67977142 -15.93813801 0.80508089
v 10.36535454 -16.3520565 0.67866713
v 10.49262714 -16.1701088 0.79300326
v 10.61963654 -15.96122551 0.87960213
v 10.55605507 -15.98168373 0.95200092
v 10.10279751 -16.45759201 0.8172406
v 10.14094257 -16.42397308 0.83734214
v 10.21022511 -16.35627174 0.87604225
v 10.24673271 -16.31683922 0.89734143
v 10.28237152 -16.27582359 0.91845745
v 10.34587097 -16.19649696 0.95632529
v 10.48917961 -15.99946404 1.02210104
v -0.0693086 -9.19145298 16.87087059
v -0.62078333 -9.19145298 16.77327919
v -0.11377493 -10.11787128 16.66892624
v -0.10548898 -10.00787163 16.71970177
v -0.23071475 -10.08526611 16.67187119
v -0.21622993 -9.98291588 16.71879578
v -0.09590895 -9.7614584 16.80082703
v -0.47359052 -9.99487782 16.65656471
v -0.19829875 -9.74579811 16.7963295
v -0.45237103 -9.90282345 16.6992836
v -0.7226181 -9.87588215 16.61091805
v -0.41943935 -9.68668747 16.77149582
v -0.69740993 -9.79101467 16.65157318
v -0.64871001 -9.60159874 16.72079468
v -0.16560274 -9.47969723 16.84753418
v -0.1385317 -9.19145298 16.86724472
v -0.21892169 -9.47300053 16.84301949
v -0.23659413 -9.19145298 16.85796928
v -0.31997418 -9.45683956 16.83074951
v -0.33408478 -9.19145298 16.84389114
v -0.37551919 -9.44632244 16.82180595
v -0.43143404 -9.43479443 16.81114578
v -0.43076935 -9.19145298 16.82505417
v -0.53452134 -9.4118681 16.78722572
v -0.52641362 -9.19145298 16.80150414
v -0.58966601 -9.3989563 16.77211571
v -16.52379036 0.97797644 9.75304127
v -16.86963844 0.0984703 9.19145298
v -16.76402664 0.64846551 9.19145298
v -16.78533936 0.58250529 9.19145298
v -16.72057533 0.75876564 9.27673054
v -16.66892624 0.11377493 10.11787128
v -16.71970177 0.10548898 10.00787163
v -16.67187119 0.23071475 10.08526611
v -16.71879578 0.21622993 9.98291588
v -16.80082703 0.09590895 9.7614584
v -16.65656471 0.47359052 9.99487782
v -16.7963295 0.19829875 9.74579811
v -16.6992836 0.45237103 9.90282345
v -16.8516407 0.0924015 9.48638725
v -16.61091805 0.7226181 9.87588215
v -16.55546951 0.95477217 9.69591713
v -16.84569931 0.1891772 9.47690964
v -16.86232948 0.19669852 9.19145298
v -16.85020256 0.2944504 9.19145298
v -16.77149582 0.41943935 9.68668747
v -16.65157318 0.69740993 9.79101467
v -16.59699631 0.91983098 9.61371708
v -16.81881905 0.39207846 9.44299221
v -16.83329964 0.39149165 9.19145298
v -16.81166458 0.48758805 9.19145298
v -16.72079468 0.64871001 9.60159874
v -16.63435173 0.88266575 9.53049469
v -16.66745567 0.84337044 9.446455
v -16.76974869 0.59779263 9.39702511
v -16.69622421 0.80203909 9.36179924
v -15.61766815 -0.06002299 -11.04629993
v -15.64870739 -0.11997194 -11.0305624
v -15.69120121 -0.20489648 -11.00440121
v -15.73171425 -0.28932586 -10.97385693
v -15.77015305 -0.37305719 -10.93901062
v -15.80642414 -0.45588756 -10.89994526
v -15.84043217 -0.53761411 -10.85674381
v 0.74558479 -9.25147629 -16.72693062
v 0.77662396 -9.31142521 -16.71119308
v 0.81911755 -9.39634991 -16.68503189
v 0.8596307 -9.48077869 -16.65448761
v 0.89806956 -9.56451035 -16.61964035
v 0.93434006 -9.64734077 -16.58057594
v 0.96834821 -9.7290678 -16.5373745
v 16.76402664 0.64846551 -9.19145298
v 16.78533936 0.58250529 -9.19145298
v 16.81166458 0.48758805 -9.19145298
v 16.83329964 0.39149165 -9.19145298
v 16.85020256 0.2944504 -9.19145298
v 16.86232948 0.19669852 -9.19145298
v 16.86963844 0.0984703 -9.19145298
v 16.01844215 1.10926223 10.39783478
v 16.00871658 1.06248522 10.44805717
v 15.99254704 0.99383044 10.51681328
v 15.97366905 0.92277259 10.58236504
v 15.95213318 0.84948784 10.64455986
v 15.92798996 0.7741524 10.70324707
v 15.90128994 0.69694239 10.75827312
v -0.06002299 11.04629993 15.61766815
v -0.11997194 11.0305624 15.64870739
v -0.20489648 11.00440121 15.69120121
v -0.28932586 10.97385693 15.73171425
v -0.37305719 10.93901062 15.77015305
v -0.45588756 10.89994526 15.80642414
v -0.53761411 10.85674381 15.84043217
v -15.85006046 0.56158763 -10.84316063
v -15.63084888 0.08527776 -11.03994465
v -16.42379189 0.07739378 -10.48666573
v -16.368927 0 -10.54901314
v -16.2679615 0.23342003 -10.62365246
v -16.22140312 -0.15702531 -10.67604828
v -16.22140312 0.15702531 -10.67604828
v -16.07191467 0.38949528 -10.74800873
v -15.82685566 0.50446439 -10.87483883
v -16.03137207 -0.31410509 -10.79452038
v -16.09282875 -0 -10.78479385
v -16.03137207 0.31410509 -10.79452038
v -15.79191494 0.42226359 -10.91636467
v -15.9277916 -0.15860701 -10.88470554
v -15.9277916 0.15860701 -10.88470554
v -15.7547493 0.33904168 -10.95372105
v -15.7154541 0.25500149 -10.98682499
v -15.80249977 0 -10.96206665
v -15.67412281 0.17034587 -11.01559353
v 0.0693086 -9.19145298 -16.87087059
v 0.62078333 -9.19145298 -16.77327919
v 0.11377493 -10.11787128 -16.66892624
v 0.10548898 -10.00787163 -16.71970177
v 0.23071475 -10.08526611 -16.67187119
v 0.21622993 -9.98291588 -16.71879578
v 0.09590895 -9.7614584 -16.80082703
v 0.47359052 -9.99487782 -16.65656471
v 0.19829875 -9.74579811 -16.7963295
v 0.45237103 -9.90282345 -16.6992836
v 0.7226181 -9.87588215 -16.61091805
v 0.41943935 -9.68668747 -16.77149582
v 0.69740993 -9.79101467 -16.65157318
v 0.64871001 -9.60159874 -16.72079468
v 0.16560274 -9.47969723 -16.84753418
v 0.1385317 -9.19145298 -16.86724472
v 0.21892169 -9.47300053 -16.84301949
v 0.23659413 -9.19145298 -16.85796928
v 0.31997418 -9.45683956 -16.83074951
v 0.33408478 -9.19145298 -16.84389114
v 0.37551919 -9.44632244 -16.82180595
v 0.43143404 -9.43479443 -16.81114578
v 0.43076935 -9.19145298 -16.82505417
v 0.53452134 -9.4118681 -16.78722572
v 0.52641362 -9.19145298 -16.80150414
v 0.58966601 -9.3989563 -16.77211571
v 16.52379036 0.97797644 -9.75304127
v 16.72057533 0.75876564 -9.27673054
v 16.67187119 0.23071475 -10.08526611
v 16.71879578 0.21622993 -9.98291588
v 16.65656471 0.47359052 -9.99487782
v 16.7963295 0.19829875 -9.74579811
v 16.6992836 0.45237103 -9.90282345
v 16.61091805 0.7226181 -9.87588215
v 16.55546951 0.95477217 -9.69591713
v 16.77149582 0.41943935 -9.68668747
v 16.65157318 0.69740993 -9.79101467
v 16.59699631 0.91983098 -9.61371708
v 16.72079468 0.64871001 -9.60159874
v 16.63435173 0.88266575 -9.53049469
v 16.66745567 0.84337044 -9.446455
v 16.84502792 0.1970799 -9.47591305
v 16.83966827 0.25096104 -9.4683342
v 16.82565689 0.35282174 -9.45074558
v 16.81568527 0.4086552 -9.43958282
v 16.80407524 0.46451989 -9.42764473
v 16.77845383 0.56725746 -9.40424538
v 16.69622421 0.80203909 -9.36179924
v 16.45448303 1.02081144 9.86518478
v 16.41693687 1.04038942 9.92006683
v 16.09979248 1.14243078 10.28117943
v 16.48898697 0.24807854 10.38117599
v 16.50256538 0.34986737 10.3327837
v 16.32723618 0.38860399 10.52774334
v 16.34395981 0.47787943 10.47774982
v 16.50098419 0.57492638 10.22367764
v 16.1290226 0.53900403 10.65560722
v 16.14829063 0.62020028 10.60534286
v 16.3520565 0.67866713 10.36535454
v 16.46239471 0.8143279 10.09710979
v 16.36040115 1.06605422 9.99653435
v 16.1701088 0.79300326 10.49262714
v 16.32871628 0.89102781 10.23599529
v 16.30026627 1.08914149 10.07105541
v 16.2366848 1.10960054 10.14345455
v 16.17195511 0.96724886 10.36427402
v 16.16980934 1.12738061 10.21355438
v 0.56158763 10.84316063 15.85006046
v 0.08527776 11.03994465 15.63084888
v 0.07739378 10.48666573 16.42379189
v 0 10.54901314 16.368927
v 0.23342003 10.62365246 16.2679615
v -0.15702531 10.67604828 16.22140312
v 0.15702531 10.67604828 16.22140312
v 0.38949528 10.74800873 16.07191467
v 0.50446439 10.87483883 15.82685566
v -0.31410509 10.79452038 16.03137207
v -0 10.78479385 16.09282875
v 0.31410509 10.79452038 16.03137207
v 0.42226359 10.91636467 15.79191494
v -0.15860701 10.88470554 15.9277916
v 0.15860701 10.88470554 15.9277916
v 0.33904168 10.95372105 15.7547493
v 0.25500149 10.98682499 15.7154541
v 0 10.96206665 15.80249977
v 0.17034587 11.01559353 15.67412281
v -9.19145298 16.87087059 -0.0693086
v -9.7290678 16.5373745 -0.96834821
v -9.25147629 16.72693062 -0.74558479
v -9.31142521 16.71119308 -0.77662396
v -9.19145298 16.77327919 -0.62078333
v -10.08526611 16.67187119 -0.23071475
v -9.98291588 16.71879578 -0.21622993
v -9.99487782 16.65656471 -0.47359052
v -9.74579811 16.7963295 -0.19829875
v -9.90282345 16.6992836 -0.45237103
v -9.87588215 16.61091805 -0.7226181
v -9.68668747 16.77149582 -0.41943935
v -9.79101467 16.65157318 -0.69740993
v -9.64734077 16.58057594 -0.93434006
v -9.56451035 16.61964035 -0.89806956
v -9.60159874 16.72079468 -0.64871001
v -9.48077869 16.65448761 -0.8596307
v -9.39634991 16.68503189 -0.81911755
v -9.47969723 16.84753418 -0.16560274
v -9.19145298 16.86724472 -0.1385317
v -9.47300053 16.84301949 -0.21892169
v -9.19145298 16.85796928 -0.23659413
v -9.45683956 16.83074951 -0.31997418
v -9.19145298 16.84389114 -0.33408478
v -9.44632244 16.82180595 -0.37551919
v -9.43479443 16.81114578 -0.43143404
v -9.19145298 16.82505417 -0.43076935
v -9.4118681 16.78722572 -0.53452134
v -9.19145298 16.80150414 -0.52641362
v -9.3989563 16.77211571 -0.58966601
v 1.14635849 10.30071545 -16.07846451
v 1.13663197 10.25393867 -16.1286869
v 1.12046349 10.18528366 -16.19744301
v 1.10158587 10.11422539 -16.26299477
v 1.08004987 10.04094124 -16.3251915
v 1.05590641 9.96560574 -16.3838768
v 1.02920616 9.88839531 -16.43890381
v 9.19145298 16.76402664 -0.64846551
v 9.19145298 16.78533936 -0.58250529
v 9.19145298 16.81166458 -0.48758805
v 9.19145298 16.83329964 -0.39149165
v 9.19145298 16.85020256 -0.2944504
v 9.19145298 16.86232948 -0.19669852
v 9.19145298 16.86963844 -0.0984703
v 0.67373127 10.77385235 -15.89289474
v 1.08972621 10.4191618 -16.01451492
v 0.24807854 10.38117599 -16.48898697
v 0.34986737 10.3327837 -16.50256538
v 0.38860399 10.52774334 -16.32723618
v 0.47787943 10.47774982 -16.34395981
v 0.57492638 10.22367764 -16.50098419
v 0.53900403 10.65560722 -16.1290226
v 0.72861332 10.73630714 -15.91247272
v 0.62020028 10.60534286 -16.14829063
v 0.80508089 10.67977142 -15.93813801
v 0.67866713 10.36535454 -16.3520565
v 0.79300326 10.49262714 -16.1701088
v 0.87960213 10.61963654 -15.96122551
v 0.95200092 10.55605507 -15.98168373
v 0.8172406 10.10279751 -16.45759201
v 0.83734214 10.14094257 -16.42397308
v 0.87604225 10.21022511 -16.35627174
v 0.89734143 10.24673271 -16.31683922
v 0.91845745 10.28237152 -16.27582359
v 0.95632529 10.34587097 -16.19649696
v 1.02210104 10.48917961 -15.99946404
v 9.75304127 16.52379036 -0.97797644
v 9.27673054 16.72057533 -0.75876564
v 10.08526611 16.67187119 -0.23071475
v 9.98291588 16.71879578 -0.21622993
v 9.99487782 16.65656471 -0.47359052
v 9.74579811 16.7963295 -0.19829875
v 9.90282345 16.6992836 -0.45237103
v 9.87588215 16.61091805 -0.7226181
v 9.69591713 16.55546951 -0.95477217
v 9.68668747 16.77149582 -0.41943935
v 9.79101467 16.65157318 -0.69740993
v 9.61371708 16.59699631 -0.91983098
v 9.60159874 16.72079468 -0.64871001
v 9.53049469 16.63435173 -0.88266575
v 9.446455 16.66745567 -0.84337044
v 9.47591305 16.84502792 -0.1970799
v 9.4683342 16.83966827 -0.25096104
v 9.45074558 16.82565689 -0.35282174
v 9.43958282 16.81568527 -0.4086552
v 9.42764473 16.80407524 -0.46451989
v 9.40424538 16.77845383 -0.56725746
v 9.36179924 16.69622421 -0.80203909
v -8.125 -4.40229559 9.84383297
v -8.125 -9.84383297 -4.40229559
v -8.125 4.40229559 -9.84383297
v -8.125 9.84383297 4.40229559
v 7.625 -10.0222435 -4.8693819
v 7.625 4.22388458 -10.31091881
v -7.625 -10.0222435 -4.8693819
v -7.625 4.22388458 -10.31091881
v 8.125 -9.84383297 -4.40229559
v 8.125 -4.40229559 9.84383297
v 8.125 4.40229559 -9.84383297
v 8.125 9.84383297 4.40229559
v -7.625 10.0222435 4.8693819
v 7.625 -4.22388458 10.31091881
v -7.625 -4.22388458 10.31091881
v 7.625 10.0222435 4.8693819
v 7.625 10.31091881 4.22388458
v -7.625 10.31091881 4.22388458
v -7.625 4.8693819 -10.0222435
v 7.625 4.8693819 -10.0222435
v -7.625 -4.8693819 10.0222435
v 7.625 -4.8693819 10.0222435
v -7.625 -10.31091881 -4.22388458
v 7.625 -10.31091881 -4.22388458
v 7.625 10.04494762 4.86006498
v -7.625 10.04494762 4.86006498
v 7.625 10.06716728 4.84964561
v -7.625 10.06716728 4.84964561
v 7.625 10.08884811 4.83814812
v -7.625 10.08884811 4.83814812
v 7.625 10.10993958 4.82560062
v -7.625 10.10993958 4.82560062
v 7.625 10.13038921 4.81203365
v -7.625 10.13038921 4.81203365
v 7.625 10.15014935 4.79747963
v -7.625 10.15014935 4.79747963
v 7.625 10.16917133 4.78197336
v -7.625 10.16917133 4.78197336
v 7.625 10.1874094 4.76555204
v -7.625 10.1874094 4.76555204
v 7.625 10.20481968 4.74825621
v -7.625 10.20481968 4.74825621
v 7.625 10.22136021 4.73012686
v -7.625 10.22136021 4.73012686
v 7.625 10.23699093 4.71120739
v -7.625 10.23699093 4.71120739
v 7.625 10.25167561 4.69154406
v -7.625 10.25167561 4.69154406
v 7.625 10.26537704 4.67118359
v -7.625 10.26537704 4.67118359
v 7.625 10.27806282 4.65017557
v -7.625 10.27806282 4.65017557
v 7.625 10.28970242 4.62857056
v -7.625 10.28970242 4.62857056
v 7.625 10.30026817 4.60642004
v -7.625 10.30026817 4.60642004
v 7.625 10.30973434 4.5837779
v -7.625 10.30973434 4.5837779
v 7.625 10.31807804 4.56069851
v -7.625 10.31807804 4.56069851
v -7.625 10.32527924 4.53723764
v 7.625 10.32527924 4.53723764
v -7.625 10.33132076 4.51345158
v 7.625 10.33132076 4.51345158
v -7.625 10.33618736 4.489398
v 7.625 10.33618736 4.489398
v 7.625 10.33986855 4.46513414
v -7.625 10.33986855 4.46513414
v 7.625 10.34235382 4.44071913
v -7.625 10.34235382 4.44071913
v -7.625 10.34363937 4.41621161
v 7.625 10.34363937 4.41621161
v -7.625 10.34371948 4.3916707
v 7.625 10.34371948 4.3916707
v 7.625 10.34259605 4.36715508
v -7.625 10.34259605 4.36715508
v -7.625 10.340271 4.34272432
v 7.625 10.340271 4.34272432
v 7.625 10.33675003 4.3184371
v -7.625 10.33675003 4.3184371
v -7.625 10.33204174 4.29435158
v 7.625 10.33204174 4.29435158
v 7.625 10.32615662 4.27052641
v -7.625 10.32615662 4.27052641
v 7.625 10.31911087 4.24701834
v -7.625 10.31911087 4.24701834
v -7.64953375 10.31035614 4.22409964
v -8.12439728 9.86675167 4.39354181
v -8.12439728 9.85258675 4.42521477
v -7.64203072 10.32173347 4.25627947
v -7.67601299 10.31956196 4.25710917
v -7.67400837 10.30867004 4.22474384
v -7.69836521 10.30586338 4.22581577
v -7.70975733 10.31522942 4.25876379
v -7.72254515 10.30194378 4.22731304
v -7.65880346 10.32978344 4.28956032
v -7.74310637 10.30875587 4.26123667
v -7.74649 10.29692078 4.22923136
v -7.77014256 10.29080677 4.23156691
v -7.69244909 10.32655239 4.29079437
v -7.64171362 10.33718109 4.32274961
v -7.77590466 10.3001709 4.26451588
v -7.79344511 10.28361511 4.23431396
v -7.72578049 10.3211832 4.29284477
v -7.67506266 10.33505058 4.32356358
v -7.80799961 10.2895155 4.26858568
v -7.81634188 10.27536392 4.23746538
v -7.75864172 10.31370258 4.29570246
v -7.70817804 10.33079815 4.32518768
v -7.65785599 10.34068394 4.35691977
v -7.83924103 10.2768383 4.27342796
v -7.83877754 10.26607323 4.241014
v -7.86069822 10.25576591 4.24495125
v -7.7908802 10.30414391 4.2993536
v -7.74090624 10.32444572 4.32761431
v -7.69055843 10.33754349 4.35811901
v -7.86948395 10.2621994 4.27901936
v -7.88205147 10.24446583 4.24926758
v -7.64108515 10.3434391 4.39070177
v -7.82234526 10.29255295 4.30378103
v -7.7730937 10.31602001 4.33083248
v -7.7229557 10.33232594 4.36011219
v -7.89858675 10.2456665 4.28533459
v -7.9027853 10.23220062 4.2539525
v -7.92284966 10.21899986 4.25899458
v -7.67317963 10.3413887 4.39148521
v -7.85289001 10.27898216 4.30896425
v -7.8045907 10.30556297 4.33482695
v -7.75489616 10.32505417 4.36288977
v -7.92641401 10.22731686 4.29234362
v -7.94219685 10.20489502 4.26438236
v -7.70504999 10.33729649 4.39304829
v -7.88237238 10.2634964 4.31487942
v -7.65629625 10.34232998 4.42512417
v -7.83525038 10.29312229 4.33957863
v -7.78623056 10.31576347 4.36643839
v -7.95283556 10.20723629 4.30001354
v -7.96077967 10.18992043 4.27010202
v -7.73654699 10.33118248 4.39538336
v -7.91065454 10.24616718 4.32149839
v -7.68744659 10.3393383 4.42626715
v -7.86492968 10.27875614 4.34506607
v -7.64015675 10.34039021 4.45886946
v -7.81681347 10.30449772 4.37074184
v -7.9785533 10.17411232 4.27614021
v -7.97772932 10.18551731 4.30830956
v -7.99547577 10.15750885 4.28248215
v -7.76752377 10.32307434 4.39848042
v -7.9376049 10.22707558 4.32879114
v -7.71830606 10.33436775 4.42816544
v -7.89349031 10.26253128 4.35126352
v -7.67039919 10.33845806 4.4596076
v -7.8465023 10.29130745 4.37577963
v -8.00097752 10.16226292 4.3171916
v -8.01150513 10.14014912 4.28911304
v -7.7978363 10.31301022 4.40232468
v -7.96309805 10.20631027 4.33672237
v -7.74873018 10.32744217 4.43081093
v -7.92079926 10.244524 4.3581419
v -7.70043039 10.33460236 4.46108055
v -7.87515831 10.27625561 4.38152933
v -7.65415382 10.33468914 4.49290371
v -8.02247334 10.13758087 4.32661963
v -8.0266037 10.12207603 4.29601669
v -7.82734251 10.30103779 4.40689754
v -7.98701429 10.18396759 4.34525633
v -7.7785778 10.31859207 4.43419123
v -7.94672871 10.22481728 4.36566925
v -7.73010969 10.32884026 4.46328115
v -7.9026475 10.25941181 4.38796282
v -7.68317175 10.3319025 4.49396801
v -8.04211617 10.11158466 4.33654928
v -8.04073524 10.10333157 4.30317593
v -8.05386448 10.08396339 4.31057405
v -7.85590601 10.28721142 4.41217899
v -7.63894606 10.32809162 4.52598381
v -8.00924301 10.16015339 4.35435295
v -7.80770922 10.30786037 4.4382906
v -7.9711585 10.20350361 4.37381029
v -7.75929928 10.32120037 4.4661994
v -7.92884254 10.24085522 4.39505053
v -7.71191835 10.32727242 4.4957366
v -8.05981445 10.08439827 4.34693384
v -8.06596088 10.06401539 4.31819344
v -7.88339233 10.27159691 4.41814327
v -7.66677332 10.32631397 4.52666283
v -8.02968025 10.13497734 4.36396933
v -7.83598852 10.29529667 4.44308949
v -7.99397421 10.18068123 4.38252735
v -7.7878623 10.31171703 4.46982193
v -7.95362091 10.22067165 4.40276003
v -7.74025965 10.32082081 4.49820137
v -8.07548428 10.05614567 4.35772514
v -8.0769949 10.04353809 4.32601547
v -8.08693981 10.02257919 4.33402061
v -7.90967417 10.25426674 4.42476273
v -7.69440603 10.32276535 4.528018
v -8.04823112 10.10855675 4.37406111
v -7.86328411 10.28095913 4.44856548
v -7.65146828 10.31790543 4.55899525
v -8.01506996 10.15645885 4.39177942
v -7.8156662 10.30043602 4.47413111
v -7.9768672 10.19895649 4.41105509
v -7.76806402 10.31257629 4.50134993
v -8.08905506 10.02696133 4.36887264
v -8.09577179 10.00118923 4.34219074
v -7.93462849 10.23530102 4.43200684
v -7.7217145 10.31746387 4.53004313
v -8.06480789 10.08101463 4.38458109
v -7.88946867 10.26491547 4.45469379
v -7.67781305 10.31537533 4.5599618
v -8.03434658 10.13094807 4.40152407
v -7.8425808 10.28740788 4.47910738
v -7.63747597 10.30677223 4.59079361
v -7.99847269 10.17580891 4.41989613
v -7.79520082 10.30257988 4.50516844
v -8.10046101 9.99697876 4.38032484
v -8.10346985 9.97942066 4.35050583
v -7.95813942 10.21478844 4.43984175
v -7.74857283 10.31043434 4.5327282
v -8.07933426 10.0524807 4.39548016
v -7.9144206 10.24723911 4.46144533
v -7.70391178 10.31117153 4.56156731
v -8.0517149 10.10426712 4.41171503
v -7.86848116 10.27269363 4.48472738
v -7.66236925 10.3051815 4.5914011
v -8.01833725 10.15133858 4.42924309
v -7.82154417 10.29087639 4.50963879
v -8.11001587 9.95732498 4.35894537
v -8.10965061 9.96633911 4.39202785
v -8.11539268 9.93495655 4.36748934
v -7.98009729 10.19282532 4.44823122
v -7.77485466 10.30170918 4.53606129
v -8.09174252 10.0230875 4.40670776
v -7.93802261 10.22801399 4.4687891
v -7.72964239 10.30531406 4.5638051
v -8.0670929 10.0765419 4.42230558
v -7.89324617 10.25636387 4.49096489
v -7.68708849 10.30200768 4.5926137
v -8.03636742 10.12565804 4.4390521
v -7.84697151 10.27752018 4.51474047
v -7.64828968 10.29228973 4.62216806
v -8.11658096 9.93518543 4.4039278
v -8.1195879 9.91236877 4.37611723
v -8.00039959 10.1695137 4.4571352
v -7.80043745 10.29132843 4.54002619
v -8.10197449 9.99297047 4.41821098
v -7.9601655 10.2073288 4.47668982
v -7.75488472 10.29782963 4.56666374
v -8.08041 10.0479002 4.43324518
v -7.91676092 10.23849201 4.49779129
v -7.71151781 10.29726505 4.5944252
v -8.05247974 10.0988884 4.4492774
v -7.87136364 10.26257515 4.52044916
v -7.67147064 10.29006386 4.62301826
v -8.12121868 9.90366268 4.41596842
v -8.12259197 9.88961506 4.38480854
v -8.01895046 10.14496231 4.46651316
v -7.82520247 10.27934074 4.54460526
v -7.63577318 10.27682877 4.65209246
v -8.10998249 9.96227264 4.42993689
v -7.98074579 10.1852808 4.48511171
v -7.77952194 10.28875351 4.57013035
v -8.09160423 10.01847649 4.44448423
v -7.93891478 10.21916389 4.50517416
v -7.7355442 10.29097652 4.59682703
v -8.06659889 10.07115459 4.45987082
v -7.89460707 10.24610901 4.52673864
v -7.69443464 10.28636456 4.62443113
v -8.12354374 9.87191772 4.42809391
v -8.12259197 9.8613205 4.44807816
v -8.03566551 10.11928463 4.47632122
v -7.84903431 10.26580238 4.54977608
v -7.657269 10.27545547 4.65261698
v -8.11572933 9.93113518 4.44183016
v -7.99966717 10.16197109 4.49401522
v -7.80343866 10.27812767 4.57418919
v -8.10062313 9.98840809 4.45596933
v -7.95960522 10.19846821 4.51307917
v -7.75905514 10.2831707 4.59980869
v -8.07866001 10.04258442 4.47078371
v -7.91659355 10.22819996 4.53357935
v -7.71707535 10.2812109 4.62639999
v -8.05046558 10.09260178 4.48651314
v -7.8718214 10.25077629 4.55551577
v -7.67861414 10.27271461 4.65366411
v -8.11918831 9.89970493 4.45383549
v -8.1195879 9.87001133 4.47083139
v -8.01684189 10.1375103 4.50335836
v -7.82652378 10.26600266 4.57882071
v -7.64467716 10.25832081 4.68124485
v -8.10742378 9.95783424 4.46764755
v -7.97873592 10.17650127 4.52146959
v -7.78194094 10.27388477 4.60335588
v -8.08860493 10.01331234 4.48196459
v -7.9372201 10.20893097 4.54093933
v -7.73928642 10.27462482 4.62891531
v -8.06328297 10.06503773 4.4970417
v -7.89345789 10.23433208 4.56179667
v -7.69970942 10.26861954 4.65522814
v -8.03218937 10.11201096 4.51309824
v -7.84866858 10.25243378 4.58400345
v -7.66426229 10.25644016 4.68196344
v -8.11197567 9.92689896 4.47946405
v -7.99621677 10.15336704 4.53030634
v -7.80409527 10.26316071 4.60745192
v -7.63386965 10.23881912 4.70873785
v -8.09638882 9.98347473 4.49336147
v -7.95639133 10.18839169 4.54878473
v -7.76096487 10.26663876 4.63196564
v -8.07405567 10.03672028 4.5078578
v -7.91384268 10.21654797 4.56858969
v -7.7204566 10.26318932 4.65730238
v -8.04563808 10.08559322 4.52318907
v -7.869771 10.23748493 4.5897131
v -7.68366432 10.25331497 4.68315697
v -8.11539268 9.87863922 4.49341965
v -8.11425686 9.89574432 4.49136353
v -8.11001587 9.88718319 4.51578856
v -8.01196766 10.12917137 4.5395484
v -7.82541418 10.25105 4.61207771
v -7.65156746 10.23768902 4.70916986
v -8.10197449 9.95321083 4.50492144
v -7.97401762 10.16667843 4.55707836
v -7.7820096 10.25728989 4.63553715
v -8.08273506 10.00778294 4.51891088
v -7.9328804 10.197505 4.57586336
v -7.74075842 10.25644875 4.65987682
v -8.05712605 10.05838013 4.53358364
v -7.88973188 10.22122478 4.5959239
v -7.70279312 10.24895954 4.68482018
v -8.02591324 10.1040287 4.5491519
v -7.84579897 10.23760796 4.6172123
v -7.66914129 10.23543262 4.71003151
v -8.10533619 9.92266083 4.5165906
v -8.10346985 9.89562225 4.53788376
v -7.99001646 10.14389133 4.56578207
v -7.80232191 10.24662018 4.6396122
v -7.64069796 10.21662998 4.73512554
v -8.08928013 9.97835922 4.53014994
v -7.95048285 10.17729282 4.58358383
v -7.76052094 10.2484293 4.66294003
v -8.06659889 10.03049755 4.5442338
v -7.90845871 10.20373154 4.60260582
v -7.72155905 10.24339581 4.68694544
v -8.03799057 10.07805443 4.55907297
v -7.86515427 10.22289753 4.62283087
v -7.68650961 10.23206043 4.71131945
v -8.00431347 10.12013817 4.57485485
v -7.82180738 10.23468113 4.64417267
v -7.65632296 10.21512985 4.7356987
v -8.09366035 9.94858742 4.54152203
v -7.96656799 10.15600586 4.59171486
v -7.77965117 10.23917007 4.66647673
v -7.63180113 10.19345284 4.75967503
v -8.07401371 10.00207615 4.55508995
v -7.92586422 10.18508434 4.60972834
v -7.73987484 10.23664856 4.68952274
v -8.04814148 10.05137157 4.56926489
v -7.88338947 10.20698833 4.62890768
v -7.70359087 10.22758961 4.713027
v -8.01684189 10.09552956 4.58425474
v -7.84037542 10.2215271 4.6491971
v -7.67180157 10.21263695 4.73665094
v -8.09577179 9.90393734 4.55965233
v -8.09585571 9.91860485 4.55297375
v -8.08693981 9.91210747 4.58104181
v -7.98106003 10.13374233 4.6002183
v -7.79806089 10.22871208 4.67047167
v -7.64537096 10.19258499 4.76000595
v -8.07933426 9.97324753 4.56610107
v -7.9418664 10.16537094 4.61725855
v -7.75765514 10.22874928 4.69254017
v -8.05632019 10.02410412 4.57968044
v -7.90042019 10.18995285 4.6354146
v -7.72030592 10.22204018 4.71514702
v -8.02754307 10.07017803 4.59393787
v -7.85793924 10.20722103 4.65466166
v -7.68706226 10.20916271 4.73797798
v -7.99389267 10.1106081 4.60905504
v -7.81566334 10.21710396 4.6749053
v -7.65884638 10.19085503 4.76066685
v -8.0825367 9.94414806 4.57721615
v -8.0769949 9.92011356 4.60200071
v -7.95639133 10.14468384 4.62516022
v -7.77481699 10.21973515 4.69598341
v -7.63642645 10.16799545 4.78280592
v -8.0624876 9.9963789 4.59027052
v -7.91616678 10.17187214 4.64232111
v -7.73657656 10.21543789 4.71766853
v -8.03636742 10.04420471 4.60385895
v -7.8744173 10.19182777 4.66054106
v -7.70203304 10.20472336 4.73967314
v -8.00500488 10.08670902 4.61818361
v -7.83237648 10.20440197 4.67975712
v -7.67216349 10.18826962 4.76165438
v -7.96937132 10.1231184 4.63339758
v -7.79128027 10.20964813 4.69983625
v -7.64779949 10.1669035 4.78322315
v -8.0666151 9.96832466 4.60098648
v -7.93055582 10.15282917 4.64959478
v -7.75232649 10.20781422 4.72058058
v -7.62960577 10.14157295 4.8039546
v -8.04327393 10.01772881 4.61397171
v -7.88973188 10.17541981 4.66680861
v -7.71664524 10.19934082 4.74172926
v -8.01434517 10.06215668 4.62756157
v -7.84812307 10.19066334 4.68500471
v -7.68526125 10.18484211 4.76296377
v -7.98074579 10.10077572 4.64193153
v -7.80696821 10.19853401 4.70408106
v -7.65906668 10.16508865 4.78391647
v -8.06868362 9.94007206 4.61177778
v -8.06596088 9.92793465 4.62247849
v -7.94352055 10.13291359 4.65720177
v -7.76748323 10.19920444 4.7238698
v -7.63879538 10.14098549 4.80417871
v -8.04823112 9.99087429 4.62422943
v -7.90381289 10.15807438 4.67343378
v -7.73082972 10.19303894 4.74413633
v -8.02187061 10.03706741 4.63714504
v -7.86282969 10.17595387 4.69062328
v -7.69807768 10.18058681 4.76458931
v -7.99046135 10.0777607 4.6507225
v -7.82180738 10.18644714 4.70869827
v -7.6701746 10.16255951 4.78488207
v -7.95499992 10.1122179 4.66510677
v -7.78197575 10.18964767 4.72751999
v -7.64792061 10.13981342 4.80462646
v -8.05386448 9.9355545 4.64242601
v -8.05121422 9.96376705 4.63458347
v -8.04073524 9.94295216 4.66179514
v -7.91659355 10.13987064 4.68038702
v -7.74452114 10.18584728 4.74688339
v -7.63194227 10.11332226 4.82339811
v -8.02754498 10.01155567 4.64688969
v -7.87642717 10.16034031 4.69658709
v -7.71055317 10.17552471 4.76652288
v -7.99847269 10.05417919 4.65972948
v -7.83572912 10.17344093 4.71366596
v -7.68107224 10.15932846 4.78611612
v -7.96494055 10.09083843 4.67327309
v -7.79573631 10.17918968 4.73151445
v -7.65693903 10.13806343 4.80529499
v -7.92801428 10.12089539 4.68763494
v -7.75765514 10.17780018 4.74995708
v -7.63885212 10.1126585 4.82365179
v -8.03134346 9.98574257 4.65674973
v -7.88885212 10.14389706 4.70286798
v -7.72263002 10.16967869 4.76875544
v -7.62732458 10.0841465 4.84075212
v -8.00474358 10.03014278 4.66891098
v -7.84866858 10.15957832 4.71896076
v -7.69170809 10.15541077 4.78761292
v -7.97329617 10.06887531 4.68166208
v -7.80870056 10.1678791 4.73583508
v -7.66580868 10.13574123 4.80618191
v -7.93802261 10.10123634 4.6951437
v -7.77017069 10.16893387 4.75334358
v -7.64569712 10.11155605 4.82407284
v -8.03324699 9.95974731 4.66667891
v -8.0266037 9.95011234 4.68053865
v -7.9000473 10.12669945 4.70943689
v -7.73425198 10.1630764 4.77127743
v -7.6319623 10.08384991 4.84086514
v -8.00924301 10.0057621 4.67822361
v -7.86056519 10.14492321 4.72455883
v -7.70203304 10.15082359 4.78936529
v -7.98002815 10.04643059 4.69023561
v -7.82080841 10.15576744 4.74046087
v -7.67448807 10.13286018 4.80728245
v -7.94657135 10.08098507 4.70287943
v -7.7820096 10.15929031 4.75702715
v -7.65244579 10.11001968 4.82465982
v -7.90995979 10.10882759 4.71626282
v -7.74536419 10.15574932 4.77407646
v -7.63656807 10.08325863 4.84109116
v -8.01195145 9.98115158 4.68762398
v -8.01150513 9.95701504 4.69861221
v -7.99547577 9.96364594 4.71597147
v -7.87136364 10.12954426 4.73043299
v -7.71199894 10.14558887 4.79136467
v -7.6273284 10.05362892 4.85614634
v -7.98510456 10.02360916 4.69895267
v -7.83200359 10.14291286 4.74537086
v -7.68293667 10.12943172 4.80859184
v -7.95362091 10.06023598 4.71080446
v -7.79311609 10.14891529 4.76099014
v -7.65906668 10.10805702 4.82540941
v -7.91854382 10.09036636 4.72331476
v -7.75591516 10.14772987 4.77713919
v -7.64111948 10.08237553 4.84142876
v -7.88101292 10.11351204 4.73655701
v -7.72155905 10.13973141 4.79360199
v -7.6296463 10.05340576 4.85623121
v -7.98850203 10.00051689 4.70777273
v -7.84223318 10.1293745 4.75054216
v -7.6911149 10.12547302 4.81010389
v -7.95913839 10.03908634 4.71888351
v -7.80343866 10.13785553 4.76521444
v -7.66552877 10.1056757 4.82631874
v -7.92575932 10.0714016 4.73055887
v -7.76585627 10.13905716 4.78045177
v -7.64559603 10.08120346 4.84187603
v -7.88946867 10.09690189 4.74290133
v -7.73066902 10.13327694 4.79606724
v -7.63194227 10.05303669 4.85637236
v -7.99020481 9.9772625 4.71665525
v -7.9785533 9.96998882 4.73257542
v -7.85145044 10.1152153 4.75595045
v -7.6989851 10.1210022 4.81181192
v -7.96309805 10.01763344 4.72707748
v -7.81292963 10.12616444 4.7696805
v -7.67180157 10.10288906 4.82738304
v -7.93157196 10.05202007 4.73796177
v -7.77513981 10.12977123 4.78399897
v -7.64997673 10.07974911 4.84243155
v -7.8966918 10.07979202 4.74943686
v -7.73928642 10.1262579 4.79874802
v -7.63420582 10.05252075 4.85656929
v -7.85961151 10.10050201 4.76157045
v -7.70651054 10.11604023 4.81370735
v -7.9654808 9.99597836 4.73534918
v -7.96077967 9.97602654 4.748384
v -7.82154417 10.11389446 4.77436686
v -7.67785645 10.09970856 4.82859802
v -7.935956 10.03231335 4.74548912
v -7.78372383 10.11991405 4.78776407
v -7.65424061 10.07801914 4.84309244
v -7.9026475 10.06226158 4.7561326
v -7.7473712 10.11870575 4.80163288
v -7.63642645 10.05186272 4.85682106
v -7.86667871 10.08530235 4.76737595
v -7.71365595 10.11060905 4.81578159
v -7.82924271 10.10110474 4.77925205
v -7.68366432 10.0961504 4.82995749
v -7.9388895 10.01237297 4.75310564
v -7.7915678 10.10953331 4.79172897
v -7.65836811 10.07602119 4.84385586
v -7.90730906 10.04439163 4.76295853
v -7.75488472 10.11065578 4.80470753
v -7.63859415 10.05106449 4.85712576
v -7.87261915 10.06968784 4.77334023
v -7.72038746 10.10473633 4.81802464
v -7.83598852 10.08785343 4.78431368
v -7.68919945 10.09222889 4.83145523
v -7.94219685 9.98174667 4.76335812
v -7.94036007 9.9922924 4.76077557
v -7.92284966 9.98713398 4.77746296
v -7.79863501 10.09867668 4.79587603
v -7.66234064 10.0737648 4.8447175
v -7.91065454 10.02626705 4.76988125
v -7.76179314 10.1021452 4.8079586
v -7.64069796 10.05012894 4.85748291
v -7.87740517 10.05373096 4.77943516
v -7.72667456 10.0984478 4.82042694
v -7.84175062 10.07420349 4.78952742
v -7.69443464 10.08796501 4.83308411
v -7.80489302 10.08739471 4.8001852
v -7.66613865 10.07126045 4.84567404
v -7.91266775 10.00797081 4.77686977
v -7.9027853 9.99217606 4.79066372
v -7.76806402 10.09321499 4.8113699
v -7.64272881 10.04906273 4.85789013
v -7.88101435 10.0375061 4.78563261
v -7.73248768 10.09177303 4.82297659
v -7.8465023 10.06021786 4.79486942
v -7.69934654 10.08337593 4.83483648
v -7.81031179 10.07574081 4.80463696
v -7.66974449 10.06851959 4.84672117
v -7.77366734 10.08390427 4.81492567
v -7.64467716 10.04786873 4.85834646
v -7.88343 10.02108955 4.7919035
v -7.73779964 10.08474255 4.82566166
v -7.85022116 10.04596233 4.8003149
v -7.70391178 10.07848549 4.83670473
v -7.81486702 10.06376743 4.80920982
v -7.67314196 10.06555557 4.84785318
v -7.7785778 10.07425976 4.81860971
v -7.64653349 10.04655361 4.85884857
v -7.88205147 9.9968605 4.80292892
v -7.88464069 10.00455666 4.79821825
v -7.86069822 10.00117683 4.81422901
v -7.74258566 10.07739067 4.82846975
v -7.85289001 10.03150177 4.80583811
v -7.7081089 10.07331467 4.83867979
v -7.81853676 10.05153179 4.8138833
v -7.67631531 10.06238079 4.84906578
v -7.78277206 10.06432343 4.82240486
v -7.64828968 10.0451231 4.85939503
v -7.74682331 10.06975079 4.831388
v -7.85449648 10.01690578 4.81141329
v -7.83877754 10.00511456 4.8245368
v -7.71191835 10.06788921 4.84075212
v -7.82130384 10.03909111 4.81863546
v -7.67924929 10.05901241 4.85035229
v -7.78623056 10.05414391 4.82629347
v -7.64993715 10.04358387 4.85998297
v -7.75049305 10.06185818 4.83440256
v -7.71532297 10.06223297 4.84291267
v -7.82315636 10.02650356 4.82344389
v -7.68193007 10.05546474 4.85170746
v -7.78893757 10.04376698 4.83025694
v -7.65146828 10.04194355 4.86060953
v -7.75357771 10.05375004 4.83749962
v -7.71830606 10.05637264 4.84515095
v -7.82408428 10.01382637 4.82828569
v -7.81634188 10.00866318 4.83382702
v -7.68434572 10.051754 4.8531251
v -7.7908802 10.03324127 4.83427763
v -7.6528759 10.04020977 4.86127186
v -7.75606298 10.04546452 4.84066439
v -7.72085428 10.05033588 4.84745693
v -7.68648434 10.04789829 4.85459757
v -7.79344511 10.01181412 4.84207821
v -7.79204941 10.02261639 4.83833551
v -7.77014256 10.01456165 4.84926939
v -7.65415382 10.03838921 4.86196709
v -7.75793695 10.03703976 4.84388256
v -7.7229557 10.04415131 4.84981918
v -7.68833637 10.04391479 4.85611916
v -7.65529585 10.03649235 4.86269188
v -7.75919104 10.02851486 4.84713888
v -7.72460032 10.03784657 4.85222721
v -7.68989325 10.03982258 4.85768223
v -7.65629625 10.03452682 4.86344242
v -7.75981951 10.01992989 4.85041761
v -7.74649 10.0168972 4.85538387
v -7.72578049 10.03145218 4.85466957
v -7.69114733 10.03564072 4.85927963
v -7.65715122 10.03250217 4.86421585
v -7.72254515 10.01881599 4.86040688
v -7.72649097 10.02499771 4.8571353
v -7.69836521 10.02031231 4.86432648
v -7.69209337 10.03138828 4.86090374
v -7.65785599 10.03042793 4.86500835
v -7.69272661 10.02708626 4.86254692
v -7.65840769 10.02831268 4.86581612
v -7.69304371 10.02275372 4.86420202
v -7.67400837 10.02138424 4.86713266
v -7.65880346 10.02616787 4.86663532
v -7.64953375 10.02202892 4.86881924
v -7.65904188 10.02400303 4.86746216
v 7.64953375 10.02202892 4.86881924
v 8.12439728 9.85258675 4.42521477
v 8.12439728 9.86675167 4.39354181
v 7.64203072 10.05359936 4.85584641
v 7.67601299 10.05276966 4.85367489
v 7.67400837 10.02138424 4.86713266
v 7.69836521 10.02031231 4.86432648
v 7.70975733 10.05111504 4.84934187
v 7.72254515 10.01881599 4.86040688
v 7.65880346 10.08377171 4.83965921
v 7.74310637 10.04864216 4.84286833
v 7.74649 10.0168972 4.85538387
v 7.77014256 10.01456165 4.84926939
v 7.69244909 10.08253765 4.83642817
v 7.64171362 10.11344147 4.82304716
v 7.77590466 10.04536247 4.83428335
v 7.79344511 10.01181412 4.84207821
v 7.72578049 10.0804863 4.83105946
v 7.67506266 10.11262798 4.82091618
v 7.80799961 10.04129314 4.82362795
v 7.81634188 10.00866318 4.83382702
v 7.75864172 10.07762909 4.82357836
v 7.70817804 10.11100388 4.81666422
v 7.65785599 10.14124584 4.8028779
v 7.83924103 10.03645039 4.81095076
v 7.83877754 10.00511456 4.8245368
v 7.86069822 10.00117683 4.81422901
v 7.7908802 10.07397842 4.81402016
v 7.74090624 10.10857677 4.81031084
v 7.69055843 10.14004612 4.79973745
v 7.86948395 10.03085899 4.79631186
v 7.88205147 9.9968605 4.80292892
v 7.64108515 10.16826248 4.78241014
v 7.82234526 10.06955051 4.80242872
v 7.7730937 10.10535908 4.80188608
v 7.7229557 10.13805294 4.79451895
v 7.89858675 10.02454376 4.77977943
v 7.9027853 9.99217606 4.79066372
v 7.92284966 9.98713398 4.77746296
v 7.67317963 10.16747856 4.78035927
v 7.85289001 10.06436729 4.78885841
v 7.8045907 10.10136509 4.79142904
v 7.75489616 10.13527584 4.78724813
v 7.92641401 10.01753521 4.76142979
v 7.94219685 9.98174667 4.76335812
v 7.70504999 10.16591549 4.77626705
v 7.88237238 10.05845261 4.77337265
v 7.65629625 10.19317913 4.75863457
v 7.83525038 10.09661293 4.77898788
v 7.78623056 10.13172722 4.77795744
v 7.95283556 10.00986481 4.74134874
v 7.96077967 9.97602654 4.748384
v 7.73654699 10.16357994 4.77015305
v 7.91065454 10.05183315 4.75604343
v 7.68744659 10.19203663 4.75564289
v 7.86492968 10.09112549 4.76462173
v 7.64015675 10.21703911 4.7346921
v 7.81681347 10.12742329 4.76669073
v 7.9785533 9.96998882 4.73257542
v 7.97772932 10.00156975 4.71963024
v 7.99547577 9.96364594 4.71597147
v 7.76752377 10.16048336 4.76204491
v 7.9376049 10.04454041 4.73695135
v 7.71830606 10.19013786 4.75067282
v 7.89349031 10.08492756 4.74839687
v 7.67039919 10.21630096 4.73275995
v 7.8465023 10.12238503 4.75350094
v 8.00097752 9.99268723 4.69637585
v 8.01150513 9.95701504 4.69861221
v 7.7978363 10.1566391 4.75198078
v 7.96309805 10.0366087 4.71618605
v 7.74873018 10.18749237 4.74374628
v 7.92079926 10.07804966 4.73038912
v 7.70043039 10.21482754 4.72890377
v 7.87515831 10.11663628 4.7384491
v 7.65415382 10.2386055 4.70775318
v 8.02247334 9.9832592 4.67169333
v 8.0266037 9.95011234 4.68053865
v 7.82734251 10.15206623 4.74000835
v 7.98701429 10.02807522 4.69384384
v 7.7785778 10.18411255 4.73489714
v 7.94672871 10.07052231 4.71068239
v 7.73010969 10.21262741 4.72314215
v 7.9026475 10.11020279 4.72160578
v 7.68317175 10.2375412 4.70496655
v 8.04211617 9.97332954 4.64569759
v 8.04073524 9.94295216 4.66179514
v 8.05386448 9.9355545 4.64242601
v 7.85590601 10.14678478 4.72618198
v 7.63894606 10.25886345 4.68078232
v 8.00924301 10.01897907 4.67002916
v 7.80770922 10.18001366 4.72416544
v 7.9711585 10.06238079 4.68936872
v 7.75929928 10.20970917 4.71550226
v 7.92884254 10.10311413 4.70304918
v 7.71191835 10.23577309 4.70033646
v 8.05981445 9.96294498 4.61851072
v 8.06596088 9.92793465 4.62247849
v 7.88339233 10.1408205 4.71056747
v 7.66677332 10.25818443 4.67900419
v 8.02968025 10.00936222 4.64485264
v 7.83598852 10.17521477 4.71160173
v 7.99397421 10.05366421 4.6665473
v 7.7878623 10.20608711 4.7060194
v 7.95362091 10.09540462 4.68286562
v 7.74025965 10.23330784 4.69388437
v 8.07548428 9.95215416 4.5902586
v 8.0769949 9.92011356 4.60200071
v 8.08693981 9.91210747 4.58104181
v 7.90967417 10.13420105 4.6932373
v 7.69440603 10.25682926 4.67545652
v 8.04823112 9.99927044 4.61843204
v 7.86328411 10.16973782 4.69726419
v 7.65146828 10.27667809 4.65118217
v 8.01506996 10.04441166 4.64232445
v 7.8156662 10.20177746 4.69473743
v 7.9768672 10.08711052 4.66114998
v 7.76806402 10.23015976 4.68564081
v 8.08905506 9.94100571 4.56107378
v 8.09577179 9.90393734 4.55965233
v 7.93462849 10.12695694 4.67427158
v 7.7217145 10.25480461 4.67015505
v 8.06480789 9.98875046 4.59089088
v 7.88946867 10.1636095 4.68122005
v 7.67781305 10.27571201 4.64865208
v 8.03434658 10.03466702 4.61681318
v 7.8425808 10.19680119 4.68170929
v 7.63747597 10.29295731 4.62168503
v 7.99847269 10.078269 4.6380024
v 7.79520082 10.22634125 4.67564392
v 8.10046101 9.92955399 4.53109169
v 8.10346985 9.89562225 4.53788376
v 7.95813942 10.11912155 4.65375948
v 7.74857283 10.25211906 4.66312504
v 8.07933426 9.97785091 4.56235647
v 7.9144206 10.15685844 4.66354418
v 7.70391178 10.27410603 4.64444828
v 8.0517149 10.02447605 4.59013271
v 7.86848116 10.19118118 4.66699553
v 7.66236925 10.29234982 4.6200943
v 8.01833725 10.06892204 4.61353207
v 7.82154417 10.22187042 4.66393995
v 8.11001587 9.88718319 4.51578856
v 8.10965061 9.91785049 4.50045204
v 8.11539268 9.87863922 4.49341965
v 7.98009729 10.11073303 4.63179636
v 7.77485466 10.24878597 4.65439939
v 8.09174252 9.96662426 4.5329628
v 7.93802261 10.14951515 4.64431906
v 7.72964239 10.27186871 4.63859081
v 8.0670929 10.01388645 4.56240702
v 7.89324617 10.1849432 4.65066528
v 7.68708849 10.29113674 4.61692047
v 8.03636742 10.05911255 4.587852
v 7.84697151 10.21676922 4.65058422
v 7.64828968 10.30668736 4.5899744
v 8.11658096 9.90595055 4.46929836
v 8.1195879 9.87001133 4.47083139
v 8.00039959 10.10182858 4.60848427
v 7.80043745 10.24482155 4.64401865
v 8.10197449 9.95512104 4.50284672
v 7.9601655 10.14161396 4.62363386
v 7.75488472 10.26900959 4.63110638
v 8.08041 10.0029459 4.53376532
v 7.91676092 10.17811775 4.63279438
v 7.71151781 10.28932571 4.61217833
v 8.05247974 10.04888821 4.56108236
v 7.87136364 10.21106052 4.63563871
v 7.67147064 10.30583668 4.58774853
v 8.12121868 9.89391041 4.43777561
v 8.12259197 9.8613205 4.44807816
v 8.01895046 10.09245014 4.5839324
v 7.82520247 10.240242 4.63203144
v 7.63577318 10.31868458 4.55850077
v 8.10998249 9.94339466 4.47214842
v 7.98074579 10.13319206 4.60158539
v 7.77952194 10.26554298 4.62203026
v 8.09160423 9.99170685 4.50434208
v 7.93891478 10.17073441 4.61346579
v 7.7355442 10.28692341 4.60588932
v 8.06659889 10.03829479 4.53334808
v 7.89460707 10.20477104 4.61917305
v 7.69443464 10.30442429 4.5840497
v 8.12354374 9.88178444 4.40603018
v 8.12259197 9.88961506 4.38480854
v 8.03566551 10.08264256 4.55825567
v 7.84903431 10.23507118 4.61849308
v 7.657269 10.3181591 4.55712748
v 8.11572933 9.93150139 4.44101143
v 7.99966717 10.12428856 4.57827616
v 7.80343866 10.26148415 4.6114049
v 8.10062313 9.98022175 4.4742732
v 7.95960522 10.1628294 4.5927701
v 7.75905514 10.28394222 4.59808397
v 8.07866001 10.0273819 4.50477839
v 7.91659355 10.19793034 4.601264
v 7.71707535 10.30245495 4.57889557
v 8.05046558 10.07245064 4.53157234
v 7.8718214 10.22933197 4.60346699
v 7.67861414 10.31711292 4.55438662
v 8.11918831 9.91949654 4.40958023
v 8.1195879 9.91236877 4.37611723
v 8.01684189 10.11494541 4.55381489
v 7.82652378 10.2568531 4.5992794
v 7.64467716 10.32807446 4.52527094
v 8.10742378 9.96854401 4.44369984
v 7.97873592 10.15443897 4.57080317
v 7.78194094 10.28039551 4.58879757
v 8.08860493 10.01620102 4.47550631
v 7.9372201 10.19056988 4.58199453
v 7.73928642 10.29994011 4.57230997
v 8.06328297 10.06192207 4.50400829
v 7.89345789 10.22305107 4.58702326
v 7.69970942 10.3155489 4.55029154
v 8.03218937 10.10520554 4.52831602
v 7.84866858 10.25166988 4.58571053
v 7.66426229 10.32735634 4.52338982
v 8.11197567 9.95672798 4.41276407
v 7.99621677 10.14560223 4.54766846
v 7.80409527 10.27629852 4.57807398
v 7.63386965 10.33556557 4.49240685
v 8.09638882 10.00480366 4.4456687
v 7.95639133 10.18272495 4.56145573
v 7.76096487 10.29688931 4.5643239
v 8.07405567 10.05110645 4.47569132
v 7.91384268 10.2162571 4.56923819
v 7.7204566 10.31347466 4.54486132
v 8.04563808 10.09511471 4.50189829
v 7.869771 10.24596024 4.57076168
v 7.68366432 10.32616234 4.52026463
v 8.11539268 9.93495655 4.36748934
v 8.11425686 9.94482803 4.38161039
v 8.11001587 9.95732498 4.35894537
v 8.01196766 10.13636017 4.52347326
v 7.82541418 10.2716732 4.56596279
v 7.65156746 10.33513355 4.49127626
v 8.10197449 9.99324417 4.41540432
v 7.97401762 10.17443085 4.53974199
v 7.7820096 10.29331875 4.55497408
v 8.08273506 10.04005241 4.4467535
v 7.9328804 10.20898342 4.55019569
v 7.74075842 10.31089973 4.53812075
v 8.05712605 10.08472061 4.47468472
v 7.88973188 10.23974991 4.55450201
v 7.70279312 10.32449913 4.51591015
v 8.02591324 10.12675667 4.49833012
v 7.84579897 10.26653862 4.55252075
v 7.66914129 10.33427143 4.48901939
v 8.10533619 9.98157501 4.38485432
v 8.10346985 9.97942066 4.35050583
v 7.99001646 10.16572762 4.51695585
v 7.80232191 10.28924274 4.54430485
v 7.64069796 10.34044075 4.45827627
v 8.08928013 10.02881432 4.41733027
v 7.95048285 10.20126343 4.52998352
v 7.76052094 10.30783653 4.53010178
v 8.06659889 10.07406998 4.44680214
v 7.90845871 10.23306751 4.53700829
v 7.72155905 10.32237339 4.51034641
v 8.03799057 10.11683559 4.47235632
v 7.86515427 10.26091957 4.5378108
v 7.68650961 10.33298397 4.48564816
v 8.00431347 10.15665436 4.49320269
v 7.82180738 10.28468227 4.5323658
v 7.65632296 10.33986759 4.45677567
v 8.09366035 10.01744175 4.38755798
v 7.96656799 10.1931324 4.50869656
v 7.77965117 10.30429935 4.5208416
v 7.63180113 10.34328747 4.42463446
v 8.07401371 10.0632143 4.41838074
v 7.92586422 10.22594452 4.51836109
v 7.73987484 10.31979656 4.50359869
v 8.04814148 10.10664368 4.44567347
v 7.88338947 10.25484276 4.52190113
v 7.70359087 10.33127594 4.48117733
v 8.01684189 10.14725494 4.46859312
v 7.84037542 10.27965832 4.51921177
v 7.67180157 10.33891582 4.45428276
v 8.09577179 10.00118923 4.34219074
v 8.09585571 10.00599003 4.35757589
v 8.08693981 10.02257919 4.33402061
v 7.98106003 10.18462849 4.48643351
v 7.79806089 10.30030537 4.51038361
v 7.64537096 10.34295559 4.42376709
v 8.07933426 10.05220318 4.38955259
v 7.9418664 10.21841526 4.49864769
v 7.75765514 10.31677914 4.49569941
v 8.05632019 10.0962286 4.41840601
v 7.90042019 10.24833584 4.50486612
v 7.72030592 10.32915688 4.4756279
v 8.02754307 10.13757133 4.44324255
v 7.85793924 10.27419376 4.50490522
v 7.68706226 10.33758831 4.45080853
v 7.99389267 10.17579174 4.46329832
v 7.81566334 10.29587173 4.49877644
v 7.65884638 10.34229469 4.42203712
v 8.0825367 10.04108715 4.36045265
v 8.0769949 10.04353809 4.32601547
v 7.95639133 10.21051311 4.47796059
v 7.77481699 10.31333637 4.48668528
v 7.63642645 10.3435564 4.39023924
v 8.0624876 10.08563805 4.39068031
v 7.91616678 10.24142933 4.48678493
v 7.73657656 10.32663441 4.46902561
v 8.03636742 10.12765026 4.41726875
v 7.8744173 10.26831436 4.48951197
v 7.70203304 10.33589268 4.44636965
v 8.00500488 10.16666317 4.43939972
v 7.83237648 10.29101944 4.48607397
v 7.67216349 10.34130764 4.41945171
v 7.96937132 10.20227623 4.45639515
v 7.79128027 10.30948257 4.47659779
v 7.64779949 10.34313965 4.3891468
v 8.0666151 10.07492256 4.36262608
v 7.93055582 10.23415565 4.46774197
v 7.75232649 10.32372284 4.46140146
v 7.62960577 10.34170437 4.35644579
v 8.04327393 10.1175375 4.39079285
v 7.88973188 10.26204681 4.47310448
v 7.71664524 10.33383656 4.44098663
v 8.01434517 10.15728569 4.41484785
v 7.84812307 10.28577232 4.47233582
v 7.68526125 10.33999825 4.41602373
v 7.98074579 10.1937418 4.43405294
v 7.80696821 10.30523777 4.46548462
v 7.65906668 10.34244633 4.38733196
v 8.06868362 10.06413078 4.33437395
v 8.06596088 10.06401539 4.31819344
v 7.94352055 10.22654915 4.44782639
v 7.76748323 10.32043362 4.45279121
v 7.63879538 10.34148026 4.35585833
v 8.04823112 10.10727978 4.36393881
v 7.90381289 10.25542164 4.45575857
v 7.73082972 10.33142948 4.43468475
v 8.02187061 10.14770222 4.38975763
v 7.86282969 10.28015327 4.45762587
v 7.69807768 10.33837318 4.41176844
v 7.99046135 10.18495083 4.41103745
v 7.82180738 10.30062103 4.4533968
v 7.6701746 10.34148026 4.3848033
v 7.95499992 10.21864414 4.4271307
v 7.78197575 10.31678391 4.44323492
v 7.64792061 10.34103298 4.35468674
v 8.05386448 10.08396339 4.31057405
v 8.05121422 10.09692574 4.33683109
v 8.04073524 10.10333157 4.30317593
v 7.91659355 10.2484684 4.43755579
v 7.74452114 10.3286829 4.42749357
v 7.63194227 10.33736324 4.32242632
v 8.02754498 10.13795757 4.36424685
v 7.87642717 10.27418995 4.44201279
v 7.71055317 10.33643913 4.40670633
v 7.99847269 10.17594337 4.38745642
v 7.83572912 10.29565334 4.44039154
v 7.68107224 10.3402462 4.38157225
v 7.96494055 10.21047783 4.40575123
v 7.79573631 10.31278896 4.43277693
v 7.65693903 10.34036446 4.35293579
v 7.92801428 10.24122047 4.41858053
v 7.75765514 10.32560921 4.41944599
v 7.63885212 10.33711052 4.32176256
v 8.03134346 10.12809753 4.33843327
v 7.88885212 10.26790905 4.42556906
v 7.72263002 10.33420658 4.40086031
v 7.62732458 10.33084774 4.28911114
v 8.00474358 10.16676235 4.36341953
v 7.84866858 10.29035854 4.42652893
v 7.69170809 10.33874989 4.37765408
v 7.97329617 10.20208836 4.38378811
v 7.80870056 10.30846882 4.42146587
v 7.66580868 10.33947754 4.35061455
v 7.93802261 10.23371124 4.39892149
v 7.77017069 10.32222271 4.41057968
v 7.64569712 10.336689 4.32066011
v 8.03324699 10.11816883 4.31243753
v 8.0266037 10.12207603 4.29601669
v 7.9000473 10.26134014 4.40837145
v 7.73425198 10.33168411 4.3942585
v 7.6319623 10.33073425 4.28881454
v 8.00924301 10.15744972 4.33903933
v 7.86056519 10.28476048 4.41187382
v 7.70203304 10.33699799 4.3730669
v 7.98002815 10.19351578 4.36134338
v 7.82080841 10.30384254 4.40935516
v 7.67448807 10.338377 4.34773302
v 7.94657135 10.22597599 4.37866974
v 7.7820096 10.31853867 4.4009366
v 7.65244579 10.33610249 4.31912374
v 7.90995979 10.25451374 4.39050007
v 7.74536419 10.32888603 4.38693094
v 7.63656807 10.33050919 4.28822327
v 8.01195145 10.14804935 4.31442881
v 8.01150513 10.14014912 4.28911304
v 7.99547577 10.15750885 4.28248215
v 7.87136364 10.27888584 4.39649439
v 7.71199894 10.33499813 4.36783218
v 7.6273284 10.32197666 4.25610161
v 7.98510456 10.18479824 4.33852196
v 7.83200359 10.29893303 4.39650059
v 7.68293667 10.3370676 4.34430456
v 7.95362091 10.21805096 4.35792065
v 7.79311609 10.31457615 4.3905611
v 7.65906668 10.33535194 4.31716108
v 7.91854382 10.24746227 4.37203884
v 7.75591516 10.32582283 4.37891197
v 7.64111948 10.33017159 4.28733969
v 7.88101292 10.2727623 4.38046217
v 7.72155905 10.33276081 4.36197472
v 7.6296463 10.32189178 4.25587893
v 7.98850203 10.17597771 4.31543016
v 7.84223318 10.29376125 4.38296223
v 7.6911149 10.33555508 4.34034586
v 7.95913839 10.20997238 4.33677053
v 7.80343866 10.31035137 4.37950182
v 7.66552877 10.33444309 4.31478024
v 7.92575932 10.24021816 4.35307312
v 7.76585627 10.32250977 4.37023878
v 7.64559603 10.32972336 4.2861681
v 7.88946867 10.26641846 4.3638525
v 7.73066902 10.33029556 4.3555212
v 7.63194227 10.32175064 4.2555089
v 7.99020481 10.16709518 4.29217529
v 7.9785533 10.17411232 4.27614021
v 7.85145044 10.28835297 4.36880302
v 7.6989851 10.33384705 4.33587503
v 7.96309805 10.20177746 4.31531811
v 7.81292963 10.30588627 4.36781025
v 7.67180157 10.33337879 4.3119936
v 7.93157196 10.23281479 4.33369207
v 7.77513981 10.31896305 4.36095285
v 7.64997673 10.32916832 4.28471375
v 7.8966918 10.25988293 4.34674215
v 7.73928642 10.32761478 4.34850168
v 7.63420582 10.32155323 4.25499392
v 7.85961151 10.28273296 4.35408926
v 7.70651054 10.3319521 4.33091259
v 7.9654808 10.19350624 4.29366302
v 7.96077967 10.18992043 4.27010202
v 7.82154417 10.30119896 4.35554075
v 7.67785645 10.33216381 4.3088131
v 7.935956 10.22528744 4.31398535
v 7.78372383 10.31519794 4.35109615
v 7.65424061 10.32850742 4.2829833
v 7.9026475 10.25318623 4.32921171
v 7.7473712 10.32472992 4.34094954
v 7.63642645 10.32130241 4.2543354
v 7.86667871 10.27692699 4.33889008
v 7.71365595 10.32987785 4.32548237
v 7.82924271 10.29631424 4.34275055
v 7.68366432 10.33080482 4.30525446
v 7.9388895 10.21767139 4.29404497
v 7.7915678 10.31123257 4.34071541
v 7.65836811 10.32774448 4.28098536
v 7.90730906 10.24636078 4.31134224
v 7.75488472 10.32165527 4.33289909
v 7.63859415 10.32099724 4.2535367
v 7.87261915 10.27096272 4.32327557
v 7.72038746 10.32763481 4.31960917
v 7.83598852 10.29125309 4.32949972
v 7.68919945 10.3293066 4.30133343
v 7.94219685 10.20489502 4.26438236
v 7.94036007 10.21000099 4.27396441
v 7.92284966 10.21899986 4.25899458
v 7.79863501 10.30708599 4.32985878
v 7.66234064 10.32688236 4.27872896
v 7.91065454 10.23943806 4.29321718
v 7.76179314 10.3184042 4.32438898
v 7.64069796 10.32064056 4.2526021
v 7.87740517 10.26486778 4.30731821
v 7.72667456 10.32523251 4.31332064
v 7.84175062 10.2860384 4.31584978
v 7.69443464 10.32767773 4.2970686
v 7.80489302 10.30277634 4.31857681
v 7.66613865 10.32592583 4.27622461
v 7.91266775 10.23244953 4.27492094
v 7.9027853 10.23220062 4.2539525
v 7.76806402 10.3149929 4.3154583
v 7.64272881 10.32023239 4.25153542
v 7.88101435 10.25867081 4.29109335
v 7.73248768 10.32268238 4.30664539
v 7.8465023 10.28069687 4.30186367
v 7.69934654 10.32592487 4.29248047
v 7.81031179 10.29832554 4.30692244
v 7.66974449 10.32487869 4.27348375
v 7.77366734 10.31143665 4.30614853
v 7.64467716 10.31977654 4.25034189
v 7.88343 10.2524004 4.27467632
v 7.73779964 10.31999779 4.29961586
v 7.85022116 10.27525139 4.28760815
v 7.70391178 10.32405663 4.28758955
v 7.81486702 10.29375172 4.29494953
v 7.67314196 10.32374668 4.27051973
v 7.7785778 10.30775261 4.29650307
v 7.64653349 10.3192749 4.24902678
v 7.88205147 10.24446583 4.24926758
v 7.88464069 10.24608517 4.2581439
v 7.86069822 10.25576591 4.24495125
v 7.74258566 10.31718922 4.29226351
v 7.85289001 10.26972866 4.27314806
v 7.7081089 10.32208252 4.2824192
v 7.81853676 10.28907871 4.28271389
v 7.67631531 10.32253456 4.26734543
v 7.78277206 10.30395794 4.28656721
v 7.64828968 10.31872845 4.24759626
v 7.74682331 10.31427097 4.28462362
v 7.85449648 10.26415253 4.25855207
v 7.83877754 10.26607323 4.241014
v 7.71191835 10.32000923 4.27699327
v 7.82130384 10.28432655 4.27027321
v 7.67924929 10.3212471 4.26397705
v 7.78623056 10.30006886 4.27638721
v 7.64993715 10.31814003 4.24605703
v 7.75049305 10.31125641 4.27673101
v 7.71532297 10.31784916 4.27133703
v 7.82315636 10.27951813 4.25768518
v 7.68193007 10.31989193 4.26042891
v 7.78893757 10.29610538 4.26601028
v 7.65146828 10.31751347 4.24441671
v 7.75357771 10.30815983 4.26862288
v 7.71830606 10.31561089 4.26547718
v 7.82408428 10.27467632 4.24500847
v 7.81634188 10.27536392 4.23746538
v 7.68434572 10.31847477 4.25671816
v 7.7908802 10.29208565 4.25548506
v 7.6528759 10.31685162 4.24268246
v 7.75606298 10.30499458 4.26033735
v 7.72085428 10.3133049 4.25944042
v 7.68648434 10.3170023 4.25286245
v 7.79344511 10.28361511 4.23431396
v 7.79204941 10.28802681 4.24486017
v 7.77014256 10.29080677 4.23156691
v 7.65415382 10.31615639 4.24086237
v 7.75793695 10.30177689 4.25191259
v 7.7229557 10.31094265 4.25325537
v 7.68833637 10.31548023 4.24887896
v 7.65529585 10.31543159 4.23896551
v 7.75919104 10.29852009 4.2433877
v 7.72460032 10.30853462 4.2469511
v 7.68989325 10.31391716 4.24478674
v 7.65629625 10.31468105 4.23699951
v 7.75981951 10.29524136 4.2348032
v 7.74649 10.29692078 4.22923136
v 7.72578049 10.30609226 4.24055672
v 7.69114733 10.31232071 4.24060488
v 7.65715122 10.31390762 4.23497486
v 7.72254515 10.30194378 4.22731304
v 7.72649097 10.30362606 4.23410177
v 7.69836521 10.30586338 4.22581577
v 7.69209337 10.3106966 4.23635292
v 7.65785599 10.31311512 4.23290062
v 7.69272661 10.30905247 4.23205042
v 7.65840769 10.31230736 4.23078585
v 7.69304371 10.30739784 4.22771788
v 7.67400837 10.30867004 4.22474384
v 7.65880346 10.31148815 4.22864103
v 7.64953375 10.31035614 4.22409964
v 7.65904188 10.31066132 4.22647572
v -8.12439728 -4.39354181 9.86675167
v -8.12259197 -4.38480854 9.88961506
v -8.1195879 -4.37611723 9.91236877
v -8.11539268 -4.36748934 9.93495655
v -8.11001587 -4.35894537 9.95732498
v -8.10346985 -4.35050583 9.97942066
v -8.09577179 -4.34219074 10.00118923
v -8.08693981 -4.33402061 10.02257919
v -8.0769949 -4.32601547 10.04353809
v -8.06596088 -4.31819344 10.06401539
v -8.05386448 -4.31057405 10.08396339
v -8.04073524 -4.30317593 10.10333157
v -8.0266037 -4.29601669 10.12207603
v -8.01150513 -4.28911304 10.14014912
v -7.99547577 -4.28248215 10.15750885
v -7.9785533 -4.27614021 10.17411232
v -7.96077967 -4.27010202 10.18992043
v -7.94219685 -4.26438236 10.20489502
v -7.92284966 -4.25899458 10.21899986
v -7.9027853 -4.2539525 10.23220062
v -7.88205147 -4.24926758 10.24446583
v -7.86069822 -4.24495125 10.25576591
v -7.83877754 -4.241014 10.26607323
v -7.81634188 -4.23746538 10.27536392
v -7.79344511 -4.23431396 10.28361511
v -7.77014256 -4.23156691 10.29080677
v -7.74649 -4.22923136 10.29692078
v -7.72254515 -4.22731304 10.30194378
v -7.69836521 -4.22581577 10.30586338
v -7.67400837 -4.22474384 10.30867004
v -7.64953375 -4.22409964 10.31035614
v -8.12439728 4.42521477 -9.85258675
v -8.12259197 4.44807816 -9.8613205
v -8.1195879 4.47083139 -9.87001133
v -8.11539268 4.49341965 -9.87863922
v -8.11001587 4.51578856 -9.88718319
v -8.10346985 4.53788376 -9.89562225
v -8.09577179 4.55965233 -9.90393734
v -8.08693981 4.58104181 -9.91210747
v -8.0769949 4.60200071 -9.92011356
v -8.06596088 4.62247849 -9.92793465
v -8.05386448 4.64242601 -9.9355545
v -8.04073524 4.66179514 -9.94295216
v -8.0266037 4.68053865 -9.95011234
v -8.01150513 4.69861221 -9.95701504
v -7.99547577 4.71597147 -9.96364594
v -7.9785533 4.73257542 -9.96998882
v -7.96077967 4.748384 -9.97602654
v -7.94219685 4.76335812 -9.98174667
v -7.92284966 4.77746296 -9.98713398
v -7.9027853 4.79066372 -9.99217606
v -7.88205147 4.80292892 -9.9968605
v -7.86069822 4.81422901 -10.00117683
v -7.83877754 4.8245368 -10.00511456
v -7.81634188 4.83382702 -10.00866318
v -7.79344511 4.84207821 -10.01181412
v -7.77014256 4.84926939 -10.01456165
v -7.74649 4.85538387 -10.0168972
v -7.72254515 4.86040688 -10.01881599
v -7.69836521 4.86432648 -10.02031231
v -7.67400837 4.86713266 -10.02138424
v -7.64953375 4.86881924 -10.02202892
v -7.625 4.24701834 -10.31911087
v 7.625 4.24701834 -10.31911087
v -7.625 4.27052641 -10.32615662
v 7.625 4.27052641 -10.32615662
v -7.625 4.29435158 -10.33204174
v 7.625 4.29435158 -10.33204174
v -7.625 4.3184371 -10.33675003
v 7.625 4.3184371 -10.33675003
v -7.625 4.34272432 -10.340271
v 7.625 4.34272432 -10.340271
v -7.625 4.36715508 -10.34259605
v 7.625 4.36715508 -10.34259605
v -7.625 4.3916707 -10.34371948
v 7.625 4.3916707 -10.34371948
v -7.625 4.41621161 -10.34363937
v 7.625 4.41621161 -10.34363937
v -7.625 4.44071913 -10.34235382
v 7.625 4.44071913 -10.34235382
v -7.625 4.46513414 -10.33986855
v 7.625 4.46513414 -10.33986855
v -7.625 4.489398 -10.33618736
v 7.625 4.489398 -10.33618736
v -7.625 4.51345158 -10.33132076
v 7.625 4.51345158 -10.33132076
v -7.625 4.53723764 -10.32527924
v 7.625 4.53723764 -10.32527924
v -7.625 4.56069851 -10.31807804
v 7.625 4.56069851 -10.31807804
v -7.625 4.5837779 -10.30973434
v 7.625 4.5837779 -10.30973434
v -7.625 4.60642004 -10.30026817
v 7.625 4.60642004 -10.30026817
v -7.625 4.62857056 -10.28970242
v 7.625 4.62857056 -10.28970242
v -7.625 4.65017557 -10.27806282
v 7.625 4.65017557 -10.27806282
v -7.625 4.67118359 -10.26537704
v 7.625 4.67118359 -10.26537704
v -7.625 4.69154406 -10.25167561
v 7.625 4.69154406 -10.25167561
v -7.625 4.71120739 -10.23699093
v 7.625 4.71120739 -10.23699093
v -7.625 4.73012686 -10.22136021
v 7.625 4.73012686 -10.22136021
v -7.625 4.74825621 -10.20481968
v 7.625 4.74825621 -10.20481968
v -7.625 4.76555204 -10.1874094
v 7.625 4.76555204 -10.1874094
v -7.625 4.78197336 -10.16917133
v 7.625 4.78197336 -10.16917133
v 7.625 4.79747963 -10.15014935
v -7.625 4.79747963 -10.15014935
v -7.625 4.81203365 -10.13038921
v 7.625 4.81203365 -10.13038921
v -7.625 4.82560062 -10.10993958
v 7.625 4.82560062 -10.10993958
v -7.625 4.83814812 -10.08884811
v 7.625 4.83814812 -10.08884811
v 7.625 4.84964561 -10.06716728
v -7.625 4.84964561 -10.06716728
v -7.625 4.86006498 -10.04494762
v 7.625 4.86006498 -10.04494762
v 8.12439728 4.42521477 -9.85258675
v 8.12259197 4.44807816 -9.8613205
v 8.1195879 4.47083139 -9.87001133
v 8.11539268 4.49341965 -9.87863922
v 8.11001587 4.51578856 -9.88718319
v 8.10346985 4.53788376 -9.89562225
v 8.09577179 4.55965233 -9.90393734
v 8.08693981 4.58104181 -9.91210747
v 8.0769949 4.60200071 -9.92011356
v 8.06596088 4.62247849 -9.92793465
v 8.05386448 4.64242601 -9.9355545
v 8.04073524 4.66179514 -9.94295216
v 8.0266037 4.68053865 -9.95011234
v 8.01150513 4.69861221 -9.95701504
v 7.99547577 4.71597147 -9.96364594
v 7.9785533 4.73257542 -9.96998882
v 7.96077967 4.748384 -9.97602654
v 7.94219685 4.76335812 -9.98174667
v 7.92284966 4.77746296 -9.98713398
v 7.9027853 4.79066372 -9.99217606
v 7.88205147 4.80292892 -9.9968605
v 7.86069822 4.81422901 -10.00117683
v 7.83877754 4.8245368 -10.00511456
v 7.81634188 4.83382702 -10.00866318
v 7.79344511 4.84207821 -10.01181412
v 7.77014256 4.84926939 -10.01456165
v 7.74649 4.85538387 -10.0168972
v 7.72254515 4.86040688 -10.01881599
v 7.69836521 4.86432648 -10.02031231
v 7.67400837 4.86713266 -10.02138424
v 7.64953375 4.86881924 -10.02202892
v 8.12439728 -4.39354181 9.86675167
v 8.12259197 -4.38480854 9.88961506
v 8.1195879 -4.37611723 9.91236877
v 8.11539268 -4.36748934 9.93495655
v 8.11001587 -4.35894537 9.95732498
v 8.10346985 -4.35050583 9.97942066
v 8.09577179 -4.34219074 10.00118923
v 8.08693981 -4.33402061 10.02257919
v 8.0769949 -4.32601547 10.04353809
v 8.06596088 -4.31819344 10.06401539
v 8.05386448 -4.31057405 10.08396339
v 8.04073524 -4.30317593 10.10333157
v 8.0266037 -4.29601669 10.12207603
v 8.01150513 -4.28911304 10.14014912
v 7.99547577 -4.28248215 10.15750885
v 7.9785533 -4.27614021 10.17411232
v 7.96077967 -4.27010202 10.18992043
v 7.94219685 -4.26438236 10.20489502
v 7.92284966 -4.25899458 10.21899986
v 7.9027853 -4.2539525 10.23220062
v 7.88205147 -4.24926758 10.24446583
v 7.86069822 -4.24495125 10.25576591
v 7.83877754 -4.241014 10.26607323
v 7.81634188 -4.23746538 10.27536392
v 7.79344511 -4.23431396 10.28361511
v 7.77014256 -4.23156691 10.29080677
v 7.74649 -4.22923136 10.29692078
v 7.72254515 -4.22731304 10.30194378
v 7.69836521 -4.22581577 10.30586338
v 7.67400837 -4.22474384 10.30867004
v 7.64953375 -4.22409964 10.31035614
v -7.625 -4.24701834 10.31911087
v 7.625 -4.24701834 10.31911087
v -7.625 -4.27052641 10.32615662
v 7.625 -4.27052641 10.32615662
v -7.625 -4.29435158 10.33204174
v 7.625 -4.29435158 10.33204174
v -7.625 -4.3184371 10.33675003
v 7.625 -4.3184371 10.33675003
v -7.625 -4.34272432 10.340271
v 7.625 -4.34272432 10.340271
v -7.625 -4.36715508 10.34259605
v 7.625 -4.36715508 10.34259605
v -7.625 -4.3916707 10.34371948
v 7.625 -4.3916707 10.34371948
v -7.625 -4.41621161 10.34363937
v 7.625 -4.41621161 10.34363937
v -7.625 -4.44071913 10.34235382
v 7.625 -4.44071913 10.34235382
v -7.625 -4.46513414 10.33986855
v 7.625 -4.46513414 10.33986855
v -7.625 -4.489398 10.33618736
v 7.625 -4.489398 10.33618736
v -7.625 -4.51345158 10.33132076
v 7.625 -4.51345158 10.33132076
v -7.625 -4.53723764 10.32527924
v 7.625 -4.53723764 10.32527924
v -7.625 -4.56069851 10.31807804
v 7.625 -4.56069851 10.31807804
v -7.625 -4.5837779 10.30973434
v 7.625 -4.5837779 10.30973434
v -7.625 -4.60642004 10.30026817
v 7.625 -4.60642004 10.30026817
v -7.625 -4.62857056 10.28970242
v 7.625 -4.62857056 10.28970242
v -7.625 -4.65017557 10.27806282
v 7.625 -4.65017557 10.27806282
v 7.625 -4.67118359 10.26537704
v -7.625 -4.67118359 10.26537704
v -7.625 -4.69154406 10.25167561
v 7.625 -4.69154406 10.25167561
v -7.625 -4.71120739 10.23699093
v 7.625 -4.71120739 10.23699093
v -7.625 -4.73012686 10.22136021
v 7.625 -4.73012686 10.22136021
v -7.625 -4.74825621 10.20481968
v 7.625 -4.74825621 10.20481968
v -7.625 -4.76555204 10.1874094
v 7.625 -4.76555204 10.1874094
v -7.625 -4.78197336 10.16917133
v 7.625 -4.78197336 10.16917133
v -7.625 -4.79747963 10.15014935
v 7.625 -4.79747963 10.15014935
v 7.625 -4.81203365 10.13038921
v -7.625 -4.81203365 10.13038921
v -7.625 -4.82560062 10.10993958
v 7.625 -4.82560062 10.10993958
v 7.625 -4.83814812 10.08884811
v -7.625 -4.83814812 10.08884811
v -7.625 -4.84964561 10.06716728
v 7.625 -4.84964561 10.06716728
v -7.625 -4.86006498 10.04494762
v 7.625 -4.86006498 10.04494762
v -8.12439728 -4.42521477 9.85258675
v -7.64953375 -4.86881924 10.02202892
v -8.12354374 -4.40603018 9.88178444
v -8.12259197 -4.44807816 9.8613205
v -8.12121868 -4.43777561 9.89391041
v -8.1195879 -4.47083139 9.87001133
v -8.11658096 -4.46929836 9.90595055
v -8.11539268 -4.49341965 9.87863922
v -8.11918831 -4.40958023 9.91949558
v -8.10965061 -4.50045204 9.91785049
v -8.11001587 -4.51578856 9.88718319
v -8.10346985 -4.53788376 9.89562225
v -8.11572933 -4.44101143 9.93150139
v -8.11425686 -4.38161039 9.94482803
v -8.10046101 -4.53109169 9.92955399
v -8.09577179 -4.55965233 9.90393734
v -8.10998249 -4.47214842 9.94339466
v -8.11197567 -4.41276407 9.95672798
v -8.08905506 -4.56107378 9.94100571
v -8.08693981 -4.58104181 9.91210747
v -8.10197449 -4.50284672 9.95512104
v -8.10742378 -4.44369984 9.96854401
v -8.10533619 -4.38485432 9.98157501
v -8.07548428 -4.5902586 9.95215416
v -8.0769949 -4.60200071 9.92011356
v -8.06596088 -4.62247849 9.92793465
v -8.09174252 -4.5329628 9.96662426
v -8.10062313 -4.4742732 9.98022175
v -8.10197449 -4.41540432 9.99324417
v -8.05981445 -4.61851072 9.96294498
v -8.05386448 -4.64242601 9.9355545
v -8.09585571 -4.35757589 10.00599003
v -8.07933426 -4.56235647 9.97785091
v -8.09160423 -4.50434208 9.99170685
v -8.09638882 -4.4456687 10.00480366
v -8.04073524 -4.66179514 9.94295216
v -8.04211617 -4.64569759 9.97332954
v -8.0266037 -4.68053865 9.95011234
v -8.09366035 -4.38755798 10.01744175
v -8.06480789 -4.59089088 9.98875046
v -8.08041 -4.53376579 10.0029459
v -8.08860493 -4.47550631 10.01620102
v -8.02247334 -4.67169333 9.9832592
v -8.01150513 -4.69861221 9.95701504
v -8.08928013 -4.41733027 10.02881432
v -8.04823112 -4.61843204 9.99927044
v -8.0825367 -4.36045265 10.04108715
v -8.0670929 -4.56240702 10.01388645
v -8.07866001 -4.50477839 10.0273819
v -8.00097752 -4.69637585 9.99268723
v -7.99547577 -4.71597147 9.96364594
v -8.08273506 -4.4467535 10.04005241
v -8.02968025 -4.64485264 10.00936222
v -8.07933426 -4.38955259 10.05220318
v -8.0517149 -4.59013271 10.02447605
v -8.06868362 -4.33437395 10.06413078
v -8.06659889 -4.53334808 10.03829479
v -7.9785533 -4.73257542 9.96998882
v -7.97772932 -4.71963024 10.00156975
v -7.96077967 -4.748384 9.97602654
v -8.07405567 -4.47569132 10.0511055
v -8.00924301 -4.67002916 10.01897812
v -8.07401371 -4.41838074 10.0632143
v -8.03434658 -4.61681318 10.03466702
v -8.0666151 -4.36262608 10.07492256
v -8.05247974 -4.56108236 10.04888821
v -7.95283556 -4.74134874 10.00986481
v -7.94219685 -4.76335812 9.98174667
v -8.06328297 -4.50400829 10.06192207
v -7.98701429 -4.69384384 10.02807522
v -8.06659889 -4.44680214 10.07406998
v -8.01506996 -4.64232445 10.04441166
v -8.0624876 -4.39068031 10.08563805
v -8.03636742 -4.587852 10.05911255
v -8.05121422 -4.33683109 10.09692574
v -7.92641401 -4.76142979 10.01753521
v -7.92284966 -4.77746296 9.98713398
v -8.05046558 -4.53157282 10.07245064
v -7.96309805 -4.71618605 10.0366087
v -8.05712605 -4.47468472 10.08472061
v -7.99397421 -4.6665473 10.05366421
v -8.05632019 -4.41840601 10.0962286
v -8.01833725 -4.61353207 10.06892204
v -8.04823112 -4.36393881 10.10727978
v -7.9027853 -4.79066372 9.99217606
v -7.89858675 -4.77977943 10.02454376
v -7.88205147 -4.80292892 9.9968605
v -8.03566551 -4.55825567 10.08264256
v -8.03324699 -4.31243753 10.11816883
v -7.9376049 -4.73695135 10.04454041
v -8.04563808 -4.50189829 10.09511471
v -7.9711585 -4.68936872 10.06238079
v -8.04814148 -4.44567347 10.10664368
v -7.99847269 -4.6380024 10.078269
v -8.04327393 -4.39079285 10.1175375
v -7.86948395 -4.79631186 10.03085899
v -7.86069822 -4.81422901 10.00117683
v -8.01895046 -4.5839324 10.09245014
v -8.03134346 -4.33843327 10.12809753
v -7.91065454 -4.75604343 10.05183315
v -8.03218937 -4.52831602 10.10520554
v -7.94672871 -4.71068239 10.07052231
v -8.03799057 -4.47235632 10.11683559
v -7.9768672 -4.66114998 10.08711052
v -8.03636742 -4.41726875 10.12765026
v -7.83877754 -4.8245368 10.00511456
v -7.83924103 -4.81095123 10.03645039
v -7.81634188 -4.83382702 10.00866318
v -8.00039959 -4.60848427 10.10182858
v -8.02754498 -4.36424685 10.13795757
v -7.88237238 -4.77337265 10.05845261
v -8.01684189 -4.55381489 10.11494541
v -8.01195145 -4.31442881 10.14804935
v -7.92079926 -4.73038912 10.07804966
v -8.02591324 -4.49833012 10.12675667
v -7.95362091 -4.68286562 10.09540462
v -8.02754307 -4.44324255 10.13757133
v -7.80799961 -4.82362795 10.04129314
v -7.79344511 -4.84207821 10.01181412
v -7.98009729 -4.63179636 10.11073303
v -8.02187061 -4.38975811 10.14770222
v -7.85289001 -4.78885841 10.06436729
v -7.99966717 -4.57827616 10.12428856
v -8.00924301 -4.33903933 10.15744972
v -7.89349031 -4.74839687 10.08492756
v -8.01196766 -4.52347326 10.13636017
v -7.99020481 -4.29217529 10.16709518
v -7.92884254 -4.70304918 10.10311413
v -8.01684189 -4.46859312 10.14725494
v -7.77590466 -4.83428335 10.04536247
v -7.77014256 -4.84926939 10.01456165
v -7.95813942 -4.65375948 10.11912155
v -8.01434517 -4.41484785 10.15728569
v -7.82234526 -4.80242872 10.06955051
v -7.98074579 -4.60158539 10.13319206
v -8.00474358 -4.36341953 10.16676235
v -7.86492968 -4.76462173 10.09112549
v -7.99621677 -4.54766846 10.14560223
v -7.98850203 -4.31543016 10.17597771
v -7.9026475 -4.72160578 10.11020279
v -8.00431347 -4.49320269 10.15665436
v -7.74649 -4.85538387 10.0168972
v -7.74310637 -4.84286833 10.04864216
v -7.72254515 -4.86040688 10.01881599
v -7.93462849 -4.67427158 10.12695694
v -8.00500488 -4.43939972 10.16666317
v -7.7908802 -4.81402016 10.07397842
v -7.9601655 -4.62363386 10.14161396
v -7.99847269 -4.38745642 10.17594337
v -7.83525038 -4.77898836 10.09661293
v -7.97873592 -4.57080317 10.15443897
v -7.98510456 -4.33852196 10.18479824
v -7.87515831 -4.73844957 10.11663628
v -7.99001646 -4.51695585 10.16572762
v -7.9654808 -4.29366302 10.19350624
v -7.70975733 -4.84934187 10.05111504
v -7.69836521 -4.86432648 10.02031231
v -7.90967417 -4.6932373 10.13420105
v -7.99389267 -4.4632988 10.17579174
v -7.75864172 -4.82357836 10.07762909
v -7.93802261 -4.64431906 10.14951515
v -7.99046135 -4.41103745 10.18495083
v -7.8045907 -4.79142904 10.10136509
v -7.95960522 -4.5927701 10.1628294
v -7.98002815 -4.36134338 10.19351578
v -7.8465023 -4.75350094 10.12238503
v -7.97401762 -4.53974199 10.17443085
v -7.96309805 -4.31531811 10.20177746
v -7.67400837 -4.86713266 10.02138424
v -7.67601299 -4.85367489 10.05276966
v -7.88339233 -4.71056747 10.1408205
v -7.98106003 -4.48643351 10.18462849
v -7.94036007 -4.27396441 10.21000099
v -7.72578049 -4.83105946 10.0804863
v -7.9144206 -4.66354418 10.15685844
v -7.98074579 -4.43405294 10.1937418
v -7.7730937 -4.80188608 10.10535908
v -7.93891478 -4.61346579 10.17073441
v -7.97329617 -4.38378811 10.20208836
v -7.81681347 -4.76669073 10.12742329
v -7.95639133 -4.56145573 10.18272495
v -7.95913839 -4.33677053 10.20997238
v -7.64203072 -4.85584641 10.05359936
v -7.85590601 -4.72618246 10.14678478
v -7.96656799 -4.50869656 10.1931324
v -7.9388895 -4.29404497 10.21767139
v -7.69244909 -4.83642817 10.08253765
v -7.88946867 -4.68122005 10.1636095
v -7.96937132 -4.45639515 10.20227623
v -7.74090624 -4.81031084 10.10857677
v -7.91676092 -4.63279438 10.1781168
v -7.96494055 -4.40575123 10.21047783
v -7.78623056 -4.77795744 10.13172722
v -7.9372201 -4.58199453 10.19056988
v -7.95362091 -4.35792065 10.21805096
v -7.82734251 -4.74000835 10.15206623
v -7.95048285 -4.52998352 10.20126343
v -7.935956 -4.31398535 10.22528744
v -7.65880346 -4.83965921 10.08377171
v -7.86328411 -4.69726419 10.16973782
v -7.95639133 -4.47796059 10.21051311
v -7.91266775 -4.27492094 10.23244953
v -7.70817804 -4.81666422 10.11100388
v -7.89324617 -4.65066528 10.1849432
v -7.95499992 -4.4271307 10.21864414
v -7.75489616 -4.78724813 10.13527584
v -7.91659355 -4.601264 10.19793034
v -7.94657183 -4.37866974 10.22597599
v -7.7978363 -4.75198078 10.1566391
v -7.9328804 -4.55019569 10.20898342
v -7.93157196 -4.33369207 10.23281479
v -7.83598852 -4.71160173 10.17521477
v -7.9418664 -4.49864769 10.21841526
v -7.91065454 -4.29321718 10.23943806
v -7.67506266 -4.82091618 10.11262798
v -7.86848116 -4.66699553 10.19118118
v -7.94352055 -4.44782639 10.22654915
v -7.88464069 -4.2581439 10.24608517
v -7.7229557 -4.79451942 10.13805294
v -7.89460707 -4.61917305 10.20477104
v -7.93802261 -4.39892149 10.23371124
v -7.76752377 -4.76204491 10.16048336
v -7.91384268 -4.56923819 10.2162571
v -7.92575932 -4.35307312 10.24021816
v -7.80770922 -4.72416544 10.18001366
v -7.92586422 -4.51836109 10.22594452
v -7.90730906 -4.31134224 10.24636078
v -7.64171362 -4.82304716 10.11344147
v -7.8425808 -4.68170929 10.19680119
v -7.93055582 -4.46774197 10.23415565
v -7.88343 -4.27467632 10.2524004
v -7.69055843 -4.79973745 10.14004612
v -7.87136364 -4.63563871 10.21106052
v -7.92801428 -4.41858053 10.24122047
v -7.73654699 -4.77015305 10.16357994
v -7.89345789 -4.58702326 10.22305107
v -7.91854382 -4.37203884 10.24746227
v -7.7785778 -4.73489714 10.18411255
v -7.90845871 -4.53700829 10.23306751
v -7.90264797 -4.32921171 10.25318623
v -7.8156662 -4.69473743 10.20177746
v -7.91616678 -4.48678493 10.24142933
v -7.88101435 -4.29109335 10.25867081
v -7.65785599 -4.8028779 10.14124584
v -7.84697151 -4.65058422 10.21676922
v -7.91659355 -4.43755579 10.2484684
v -7.85449648 -4.25855207 10.26415253
v -7.70504999 -4.77626705 10.16591549
v -7.8718214 -4.60346699 10.22933197
v -7.90995979 -4.39050007 10.25451374
v -7.74873018 -4.74374676 10.18749237
v -7.88973188 -4.55450201 10.23974991
v -7.8966918 -4.34674215 10.25988293
v -7.7878623 -4.7060194 10.20608711
v -7.90042019 -4.50486612 10.24833584
v -7.87740517 -4.30731821 10.26486778
v -7.82154417 -4.66394043 10.22187042
v -7.90381289 -4.45575857 10.25542164
v -7.85289001 -4.27314806 10.26972866
v -7.67317963 -4.78035927 10.16747856
v -7.84903431 -4.61849308 10.23507118
v -7.9000473 -4.40837145 10.26134014
v -7.82408428 -4.24500847 10.27467632
v -7.71830606 -4.75067282 10.19013786
v -7.869771 -4.57076168 10.24596024
v -7.88946867 -4.3638525 10.26641846
v -7.75929928 -4.71550226 10.20970917
v -7.88338947 -4.52190113 10.25484276
v -7.87261915 -4.32327557 10.27096272
v -7.79520082 -4.67564392 10.22634125
v -7.88973188 -4.47310448 10.26204681
v -7.85022116 -4.28760815 10.27525139
v -7.64108515 -4.78241014 10.16826248
v -7.82520247 -4.63203144 10.240242
v -7.88885212 -4.42556906 10.26790905
v -7.82315636 -4.25768518 10.27951813
v -7.68744659 -4.75564289 10.19203663
v -7.84866858 -4.58571053 10.25166988
v -7.88101292 -4.38046217 10.2727623
v -7.73010969 -4.72314262 10.21262741
v -7.86515427 -4.5378108 10.26091957
v -7.86667871 -4.33889008 10.27692699
v -7.76806402 -4.68564081 10.23015976
v -7.8744173 -4.48951197 10.26831436
v -7.8465023 -4.30186415 10.28069687
v -7.80043745 -4.64401865 10.24482059
v -7.87642717 -4.44201279 10.27418995
v -7.82130432 -4.27027321 10.28432655
v -7.65629625 -4.75863457 10.19317913
v -7.82652378 -4.5992794 10.2568531
v -7.87136364 -4.39649439 10.27888584
v -7.79204941 -4.24486017 10.28802681
v -7.70043039 -4.72890377 10.21482754
v -7.84579897 -4.55252075 10.26653862
v -7.85961151 -4.35408926 10.28273296
v -7.74025965 -4.69388437 10.23330784
v -7.85793924 -4.50490522 10.27419376
v -7.84175062 -4.31584978 10.2860384
v -7.77485466 -4.65439939 10.24878597
v -7.86282969 -4.45762587 10.28015327
v -7.81853676 -4.28271389 10.28907871
v -7.80343866 -4.6114049 10.26148415
v -7.86056519 -4.41187382 10.28476048
v -7.7908802 -4.25548506 10.29208565
v -7.67039919 -4.73275995 10.21630096
v -7.82541418 -4.56596279 10.2716732
v -7.85145044 -4.36880302 10.28835297
v -7.75981998 -4.2348032 10.29524136
v -7.71191835 -4.70033646 10.23577309
v -7.84037542 -4.51921225 10.27965832
v -7.83598852 -4.32949972 10.29125309
v -7.74857283 -4.66312551 10.25211906
v -7.84812307 -4.47233582 10.28577232
v -7.81486702 -4.29494953 10.29375172
v -7.77952194 -4.62203026 10.26554298
v -7.84866858 -4.42652893 10.29035854
v -7.78893757 -4.26601028 10.29610538
v -7.64015675 -4.7346921 10.21703911
v -7.80409527 -4.57807398 10.27629852
v -7.84223318 -4.38296223 10.29376125
v -7.75919104 -4.2433877 10.29852009
v -7.68317175 -4.70496655 10.2375412
v -7.82180738 -4.5323658 10.28468227
v -7.82924271 -4.34275055 10.29631424
v -7.7217145 -4.67015505 10.25480461
v -7.83237648 -4.48607397 10.29101944
v -7.81031179 -4.30692244 10.29832554
v -7.75488472 -4.63110638 10.26900959
v -7.8357296 -4.44039154 10.29565334
v -7.78623056 -4.27638721 10.30006886
v -7.78194094 -4.58879757 10.28039455
v -7.83200359 -4.39650059 10.29893303
v -7.75793695 -4.25191259 10.30177689
v -7.65415382 -4.70775366 10.2386055
v -7.80232191 -4.54430485 10.28924274
v -7.82154417 -4.35554075 10.30119896
v -7.72649097 -4.23410177 10.30362606
v -7.69440603 -4.67545652 10.25682926
v -7.81566334 -4.49877644 10.29587173
v -7.80489302 -4.31857681 10.30277634
v -7.72964239 -4.63859081 10.27186871
v -7.82180738 -4.4533968 10.30062103
v -7.78277206 -4.28656721 10.30395794
v -7.75905514 -4.59808397 10.28394222
v -7.82080841 -4.40935516 10.30384254
v -7.75606298 -4.26033735 10.30499458
v -7.7820096 -4.55497408 10.29331875
v -7.81292963 -4.36781025 10.30588627
v -7.72578049 -4.24055672 10.30609226
v -7.66677332 -4.67900467 10.25818443
v -7.79806089 -4.51038361 10.30030537
v -7.79863548 -4.32985878 10.30708599
v -7.69304371 -4.22771788 10.30739784
v -7.70391178 -4.64444828 10.27410603
v -7.80696821 -4.46548462 10.30523777
v -7.7785778 -4.29650307 10.30775261
v -7.7355442 -4.60588932 10.28692341
v -7.80870056 -4.42146587 10.30846882
v -7.75357771 -4.26862288 10.30815983
v -7.76096487 -4.5643239 10.29688931
v -7.80343866 -4.37950182 10.31035137
v -7.72460032 -4.2469511 10.30853462
v -7.63894606 -4.68078279 10.25886345
v -7.77965117 -4.52084208 10.30429935
v -7.7915678 -4.34071541 10.31123257
v -7.69272661 -4.23205042 10.30905247
v -7.67781305 -4.64865208 10.27571201
v -7.79128027 -4.47659779 10.30948257
v -7.77366734 -4.30614853 10.31143665
v -7.71151781 -4.61217833 10.28932571
v -7.79573631 -4.43277693 10.31278896
v -7.75049305 -4.27673101 10.31125641
v -7.73928642 -4.57230997 10.29994011
v -7.79311609 -4.3905611 10.31457615
v -7.7229557 -4.25325537 10.31094265
v -7.76052094 -4.53010178 10.30783653
v -7.78372383 -4.35109615 10.31519794
v -7.69209337 -4.23635292 10.3106966
v -7.65146828 -4.65118217 10.27667809
v -7.77481699 -4.48668528 10.31333637
v -7.76806402 -4.3154583 10.3149929
v -7.65904188 -4.22647572 10.31066132
v -7.68708849 -4.61692047 10.29113674
v -7.78197575 -4.44323492 10.31678391
v -7.74682331 -4.28462362 10.31427097
v -7.71707535 -4.57889557 10.30245495
v -7.7820096 -4.4009366 10.31853867
v -7.72085428 -4.25944042 10.3133049
v -7.74075842 -4.53812075 10.31089973
v -7.77514029 -4.36095285 10.31896305
v -7.69114733 -4.24060488 10.31232071
v -7.75765514 -4.49569941 10.31677914
v -7.76179314 -4.32438898 10.3184042
v -7.65880346 -4.22864103 10.31148815
v -7.66236925 -4.6200943 10.29234982
v -7.76748323 -4.45279121 10.32043362
v -7.74258566 -4.29226351 10.31718922
v -7.69443464 -4.5840497 10.30442429
v -7.77017069 -4.41057968 10.32222271
v -7.71830606 -4.26547718 10.31561089
v -7.7204566 -4.54486132 10.31347466
v -7.76585627 -4.37023878 10.32250977
v -7.68989325 -4.24478674 10.31391716
v -7.73987484 -4.50359869 10.31979656
v -7.75488472 -4.33289957 10.32165527
v -7.65840769 -4.23078585 10.31230736
v -7.63747597 -4.62168503 10.29295731
v -7.75232649 -4.46140146 10.32372284
v -7.73779964 -4.29961586 10.31999779
v -7.67147064 -4.58774853 10.30583668
v -7.75765514 -4.41944599 10.32560921
v -7.71532297 -4.27133703 10.31784916
v -7.69970942 -4.55029154 10.3155489
v -7.75591516 -4.37891197 10.32582283
v -7.68833637 -4.24887896 10.31548023
v -7.72155905 -4.51034641 10.32237339
v -7.7473712 -4.34094954 10.32472992
v -7.65785599 -4.23290062 10.31311512
v -7.73657656 -4.46902561 10.32663441
v -7.73248768 -4.30664539 10.32268238
v -7.64828968 -4.5899744 10.30668736
v -7.74452114 -4.42749357 10.3286829
v -7.71191835 -4.27699327 10.32000923
v -7.67861414 -4.55438662 10.31711292
v -7.74536419 -4.38693094 10.32888603
v -7.68648434 -4.25286245 10.3170023
v -7.70279312 -4.51591015 10.32449913
v -7.73928642 -4.34850168 10.32761478
v -7.65715122 -4.23497486 10.31390762
v -7.72030592 -4.4756279 10.32915688
v -7.72667456 -4.31332064 10.32523251
v -7.73082972 -4.43468475 10.33142948
v -7.7081089 -4.2824192 10.32208252
v -7.657269 -4.55712748 10.3181591
v -7.73425198 -4.3942585 10.33168411
v -7.68434572 -4.25671816 10.31847477
v -7.68366432 -4.5202651 10.32616234
v -7.73066902 -4.3555212 10.33029556
v -7.65629625 -4.23699951 10.31468105
v -7.70359087 -4.48117733 10.33127594
v -7.72038746 -4.31960917 10.32763481
v -7.71664524 -4.44098663 10.33383656
v -7.70391178 -4.28758955 10.32405663
v -7.63577318 -4.55850077 10.31868458
v -7.72263002 -4.40086031 10.33420658
v -7.68193007 -4.26042891 10.31989193
v -7.66426229 -4.52338982 10.32735634
v -7.72155905 -4.36197472 10.33276081
v -7.65529585 -4.23896551 10.31543159
v -7.68650961 -4.48564816 10.33298397
v -7.71365595 -4.32548237 10.32987785
v -7.70203304 -4.44636965 10.33589268
v -7.69934654 -4.29248047 10.32592487
v -7.71055317 -4.40670633 10.33643913
v -7.67924929 -4.26397705 10.3212471
v -7.64467716 -4.52527094 10.32807446
v -7.71199894 -4.36783218 10.33499813
v -7.65415382 -4.24086237 10.31615639
v -7.66914129 -4.48901939 10.33427143
v -7.70651054 -4.33091259 10.3319521
v -7.68706226 -4.45080853 10.33758831
v -7.69443464 -4.2970686 10.32767773
v -7.69807768 -4.41176844 10.33837318
v -7.67631531 -4.26734591 10.32253456
v -7.70203304 -4.3730669 10.33699799
v -7.6528759 -4.24268246 10.31685162
v -7.65156746 -4.49127626 10.33513355
v -7.6989851 -4.33587503 10.33384705
v -7.67180157 -4.45428276 10.33891582
v -7.68919945 -4.30133343 10.3293066
v -7.68526125 -4.41602373 10.33999825
v -7.67314196 -4.27051973 10.32374668
v -7.69170809 -4.37765408 10.33874989
v -7.65146828 -4.24441671 10.31751347
v -7.63386965 -4.49240685 10.33556557
v -7.6911149 -4.34034586 10.33555508
v -7.65632296 -4.45677567 10.33986759
v -7.68366432 -4.30525446 10.33080482
v -7.67216349 -4.41945171 10.34130764
v -7.66974449 -4.27348375 10.32487869
v -7.68107224 -4.38157225 10.3402462
v -7.64993715 -4.24605703 10.31814003
v -7.68293667 -4.34430456 10.3370676
v -7.64069796 -4.45827627 10.34044075
v -7.67785645 -4.3088131 10.33216381
v -7.65884638 -4.42203712 10.34229469
v -7.66613865 -4.27622461 10.32592583
v -7.6701746 -4.3848033 10.34148026
v -7.64828968 -4.24759626 10.31872845
v -7.67448807 -4.34773302 10.338377
v -7.67180157 -4.3119936 10.33337879
v -7.64537096 -4.42376709 10.34295559
v -7.66234064 -4.27872896 10.32688236
v -7.65906668 -4.38733196 10.34244633
v -7.64653349 -4.24902678 10.3192749
v -7.66580868 -4.35061455 10.33947754
v -7.66552877 -4.31478024 10.33444309
v -7.63180113 -4.42463446 10.34328747
v -7.65836811 -4.28098536 10.32774448
v -7.64779949 -4.3891468 10.34313965
v -7.64467716 -4.25034189 10.31977654
v -7.65693903 -4.35293579 10.34036446
v -7.65906668 -4.31716108 10.33535194
v -7.65424061 -4.2829833 10.32850742
v -7.63642645 -4.39023924 10.3435564
v -7.64272881 -4.25153542 10.32023239
v -7.64792061 -4.35468674 10.34103298
v -7.65244579 -4.31912374 10.33610249
v -7.64997673 -4.28471375 10.32916832
v -7.64069796 -4.2526021 10.32064056
v -7.63879538 -4.35585833 10.34148026
v -7.64569712 -4.32066011 10.336689
v -7.64559603 -4.2861681 10.32972336
v -7.63859415 -4.2535367 10.32099724
v -7.62960577 -4.35644579 10.34170437
v -7.63885212 -4.32176256 10.33711052
v -7.64111948 -4.28733969 10.33017159
v -7.63642645 -4.2543354 10.32130241
v -7.63194227 -4.32242632 10.33736324
v -7.63656807 -4.28822327 10.33050919
v -7.63420582 -4.25499392 10.32155323
v -7.6319623 -4.28881454 10.33073425
v -7.63194227 -4.2555089 10.32175064
v -7.62732458 -4.28911114 10.33084774
v -7.6296463 -4.25587893 10.32189178
v -7.6273284 -4.25610161 10.32197666
v -7.64953375 4.22409964 -10.31035614
v -8.12439728 4.39354181 -9.86675167
v -7.64203072 4.25627947 -10.32173347
v -7.67400837 4.22474384 -10.30867004
v -7.67601299 4.25710917 -10.31956196
v -7.69836521 4.22581577 -10.30586338
v -7.70975733 4.25876379 -10.31522942
v -7.72254515 4.22731304 -10.30194378
v -7.65880346 4.28956032 -10.32978344
v -7.74310637 4.26123667 -10.30875587
v -7.74649 4.22923136 -10.29692078
v -7.77014256 4.23156691 -10.29080677
v -7.69244909 4.29079437 -10.32655239
v -7.64171362 4.32274961 -10.33718109
v -7.77590466 4.26451588 -10.3001709
v -7.79344511 4.23431396 -10.28361511
v -7.72578049 4.29284477 -10.3211832
v -7.67506266 4.32356358 -10.33505058
v -7.80799961 4.26858568 -10.2895155
v -7.81634188 4.23746538 -10.27536392
v -7.75864172 4.29570246 -10.31370258
v -7.70817804 4.32518768 -10.33079815
v -7.65785599 4.35691977 -10.34068394
v -7.83924103 4.27342796 -10.2768383
v -7.83877754 4.241014 -10.26607323
v -7.86069822 4.24495125 -10.25576591
v -7.7908802 4.2993536 -10.30414391
v -7.74090624 4.32761431 -10.32444572
v -7.69055843 4.35811901 -10.33754349
v -7.86948395 4.27901936 -10.2621994
v -7.88205147 4.24926758 -10.24446583
v -7.64108515 4.39070177 -10.3434391
v -7.82234526 4.30378103 -10.29255295
v -7.7730937 4.33083248 -10.31602001
v -7.7229557 4.36011219 -10.33232594
v -7.9027853 4.2539525 -10.23220062
v -7.89858675 4.28533459 -10.2456665
v -7.92284966 4.25899458 -10.21899986
v -7.67317963 4.39148521 -10.3413887
v -7.85289001 4.30896425 -10.27898216
v -7.8045907 4.33482695 -10.30556297
v -7.75489616 4.36288977 -10.32505417
v -7.92641401 4.29234362 -10.22731686
v -7.94219685 4.26438236 -10.20489502
v -7.70504999 4.39304829 -10.33729649
v -7.88237238 4.31487942 -10.2634964
v -7.65629625 4.42512417 -10.34232998
v -7.83525038 4.33957863 -10.29312229
v -7.78623056 4.36643839 -10.31576347
v -7.95283556 4.30001354 -10.20723629
v -7.96077967 4.27010202 -10.18992043
v -7.73654699 4.39538336 -10.33118248
v -7.91065454 4.32149839 -10.24616718
v -7.68744659 4.42626715 -10.3393383
v -7.86492968 4.34506607 -10.27875614
v -7.64015675 4.45886946 -10.34039021
v -7.81681347 4.37074184 -10.30449772
v -7.9785533 4.27614021 -10.17411232
v -7.97772932 4.30830956 -10.18551731
v -7.99547577 4.28248215 -10.15750885
v -7.76752377 4.39848042 -10.32307434
v -7.9376049 4.32879114 -10.22707558
v -7.71830606 4.42816544 -10.33436775
v -7.89349031 4.35126352 -10.26253128
v -7.67039919 4.4596076 -10.33845806
v -7.8465023 4.37577963 -10.29130745
v -8.00097752 4.3171916 -10.16226292
v -8.01150513 4.28911304 -10.14014912
v -7.7978363 4.40232468 -10.31301022
v -7.96309805 4.33672237 -10.20631027
v -7.74873018 4.43081093 -10.32744217
v -7.92079926 4.3581419 -10.244524
v -7.70043039 4.46108055 -10.33460236
v -7.87515831 4.38152933 -10.27625561
v -7.65415382 4.49290371 -10.33468914
v -8.02247334 4.32661963 -10.13758087
v -8.0266037 4.29601669 -10.12207603
v -7.82734251 4.40689754 -10.30103779
v -7.98701429 4.34525633 -10.18396759
v -7.7785778 4.43419123 -10.31859207
v -7.94672871 4.36566925 -10.22481728
v -7.73010969 4.46328115 -10.32884026
v -7.9026475 4.38796282 -10.25941181
v -7.68317175 4.49396801 -10.3319025
v -8.04073524 4.30317593 -10.10333157
v -8.04211617 4.33654928 -10.11158466
v -8.05386448 4.31057405 -10.08396339
v -7.85590601 4.41217899 -10.28721142
v -7.63894606 4.52598381 -10.32809162
v -8.00924301 4.35435295 -10.16015339
v -7.80770922 4.4382906 -10.30786037
v -7.9711585 4.37381029 -10.20350361
v -7.75929928 4.4661994 -10.32120037
v -7.92884254 4.39505053 -10.24085522
v -7.71191835 4.4957366 -10.32727242
v -8.05981445 4.34693384 -10.08439827
v -8.06596088 4.31819344 -10.06401539
v -7.88339233 4.41814327 -10.27159691
v -7.66677332 4.52666283 -10.32631397
v -8.02968025 4.36396933 -10.13497734
v -7.83598852 4.44308949 -10.29529667
v -7.99397421 4.38252735 -10.18068123
v -7.7878623 4.46982193 -10.31171703
v -7.95362091 4.40276003 -10.22067165
v -7.74025965 4.49820137 -10.32082081
v -8.0769949 4.32601547 -10.04353809
v -8.07548428 4.35772514 -10.05614567
v -8.08693981 4.33402061 -10.02257919
v -7.90967417 4.42476273 -10.25426674
v -7.69440603 4.528018 -10.32276535
v -8.04823112 4.37406111 -10.10855675
v -7.86328411 4.44856548 -10.28095913
v -7.65146828 4.55899525 -10.31790543
v -8.01506996 4.39177942 -10.15645885
v -7.8156662 4.47413111 -10.30043602
v -7.9768672 4.41105509 -10.19895649
v -7.76806402 4.50134993 -10.31257629
v -8.08905506 4.36887264 -10.02696133
v -8.09577179 4.34219074 -10.00118923
v -7.93462849 4.43200684 -10.23530102
v -7.7217145 4.53004313 -10.31746387
v -8.06480789 4.38458109 -10.08101463
v -7.88946867 4.45469379 -10.26491547
v -7.67781305 4.5599618 -10.31537533
v -8.03434658 4.40152407 -10.13094807
v -7.8425808 4.47910738 -10.28740788
v -7.63747597 4.59079361 -10.30677223
v -7.99847269 4.41989613 -10.17580891
v -7.79520082 4.50516844 -10.30257988
v -8.10046101 4.38032484 -9.99697876
v -8.10346985 4.35050583 -9.97942066
v -7.95813942 4.43984175 -10.21478844
v -7.74857283 4.5327282 -10.31043434
v -8.07933426 4.39548016 -10.0524807
v -7.9144206 4.46144533 -10.24723911
v -7.70391178 4.56156731 -10.31117153
v -8.0517149 4.41171503 -10.10426712
v -7.86848116 4.48472738 -10.27269363
v -7.66236925 4.5914011 -10.3051815
v -8.01833725 4.42924309 -10.15133858
v -7.82154417 4.50963879 -10.29087639
v -8.11001587 4.35894537 -9.95732498
v -8.10965061 4.39202785 -9.96633911
v -8.11539268 4.36748934 -9.93495655
v -7.98009729 4.44823122 -10.19282532
v -7.77485466 4.53606129 -10.30170918
v -8.09174252 4.40670776 -10.0230875
v -7.93802261 4.4687891 -10.22801399
v -7.72964239 4.5638051 -10.30531406
v -8.0670929 4.42230558 -10.0765419
v -7.89324617 4.49096489 -10.25636387
v -7.68708849 4.5926137 -10.30200768
v -8.03636742 4.4390521 -10.12565804
v -7.84697151 4.51474047 -10.27752018
v -7.64828968 4.62216806 -10.29228973
v -8.11658096 4.4039278 -9.93518543
v -8.1195879 4.37611723 -9.91236877
v -8.00039959 4.4571352 -10.1695137
v -7.80043745 4.54002619 -10.29132843
v -8.10197449 4.41821098 -9.99297047
v -7.9601655 4.47668982 -10.2073288
v -7.75488472 4.56666374 -10.29782963
v -8.08041 4.43324518 -10.0479002
v -7.91676092 4.49779129 -10.23849201
v -7.71151781 4.5944252 -10.29726505
v -8.05247974 4.4492774 -10.0988884
v -7.87136364 4.52044916 -10.26257515
v -7.67147064 4.62301826 -10.29006386
v -8.12259197 4.38480854 -9.88961506
v -8.12121868 4.41596842 -9.90366268
v -8.01895046 4.46651316 -10.14496231
v -7.82520247 4.54460526 -10.27934074
v -7.63577318 4.65209246 -10.27682877
v -8.10998249 4.42993689 -9.96227264
v -7.98074579 4.48511171 -10.1852808
v -7.77952194 4.57013035 -10.28875351
v -8.09160423 4.44448423 -10.01847649
v -7.93891478 4.50517416 -10.21916389
v -7.7355442 4.59682703 -10.29097652
v -8.06659889 4.45987082 -10.07115459
v -7.89460707 4.52673864 -10.24610901
v -7.69443464 4.62443113 -10.28636456
v -8.12354374 4.42809391 -9.87191772
v -8.03566551 4.47632122 -10.11928463
v -7.84903431 4.54977608 -10.26580238
v -7.657269 4.65261698 -10.27545547
v -8.11572933 4.44183016 -9.93113518
v -7.99966717 4.49401522 -10.16197109
v -7.80343866 4.57418919 -10.27812767
v -8.10062313 4.45596933 -9.98840809
v -7.95960522 4.51307917 -10.19846821
v -7.75905514 4.59980869 -10.2831707
v -8.07866001 4.47078371 -10.04258442
v -7.91659355 4.53357935 -10.22819996
v -7.71707535 4.62639999 -10.2812109
v -8.05046558 4.48651314 -10.09260178
v -7.8718214 4.55551577 -10.25077629
v -7.67861414 4.65366411 -10.27271461
v -8.11918831 4.45383549 -9.89970493
v -8.01684189 4.50335836 -10.1375103
v -7.82652378 4.57882071 -10.26600266
v -7.64467716 4.68124485 -10.25832081
v -8.10742378 4.46764755 -9.95783424
v -7.97873592 4.52146959 -10.17650127
v -7.78194094 4.60335588 -10.27388477
v -8.08860493 4.48196459 -10.01331234
v -7.9372201 4.54093933 -10.20893097
v -7.73928642 4.62891531 -10.27462482
v -8.06328297 4.4970417 -10.06503773
v -7.89345789 4.56179667 -10.23433208
v -7.69970942 4.65522814 -10.26861954
v -8.03218937 4.51309824 -10.11201096
v -7.84866858 4.58400345 -10.25243378
v -7.66426229 4.68196344 -10.25644016
v -8.11197567 4.47946405 -9.92689896
v -7.99621677 4.53030634 -10.15336704
v -7.80409527 4.60745192 -10.26316071
v -7.63386965 4.70873785 -10.23881912
v -8.09638882 4.49336147 -9.98347473
v -7.95639133 4.54878473 -10.18839169
v -7.76096487 4.63196564 -10.26663876
v -8.07405567 4.5078578 -10.03672028
v -7.91384268 4.56858969 -10.21654797
v -7.7204566 4.65730238 -10.26318932
v -8.04563808 4.52318907 -10.08559322
v -7.869771 4.5897131 -10.23748493
v -7.68366432 4.68315697 -10.25331497
v -8.11425686 4.49136353 -9.89574432
v -8.01196766 4.5395484 -10.12917137
v -7.82541418 4.61207771 -10.25105
v -7.65156746 4.70916986 -10.23768902
v -8.10197449 4.50492144 -9.95321083
v -7.97401762 4.55707836 -10.16667843
v -7.7820096 4.63553715 -10.25728989
v -8.08273506 4.51891088 -10.00778294
v -7.9328804 4.57586336 -10.197505
v -7.74075842 4.65987682 -10.25644875
v -8.05712605 4.53358364 -10.05838013
v -7.88973188 4.5959239 -10.22122478
v -7.70279312 4.68482018 -10.24895954
v -8.02591324 4.5491519 -10.1040287
v -7.84579897 4.6172123 -10.23760796
v -7.66914129 4.71003151 -10.23543262
v -8.10533619 4.5165906 -9.92266083
v -7.99001646 4.56578207 -10.14389133
v -7.80232191 4.6396122 -10.24662018
v -7.64069796 4.73512554 -10.21662998
v -8.08928013 4.53014994 -9.97835922
v -7.95048285 4.58358383 -10.17729282
v -7.76052094 4.66294003 -10.2484293
v -8.06659889 4.5442338 -10.03049755
v -7.90845871 4.60260582 -10.20373154
v -7.72155905 4.68694544 -10.24339581
v -8.03799057 4.55907297 -10.07805443
v -7.86515427 4.62283087 -10.22289753
v -7.68650961 4.71131945 -10.23206043
v -8.00431347 4.57485485 -10.12013817
v -7.82180738 4.64417267 -10.23468113
v -7.65632296 4.7356987 -10.21512985
v -8.09366035 4.54152203 -9.94858742
v -7.96656799 4.59171486 -10.15600586
v -7.77965117 4.66647673 -10.23917007
v -7.63180113 4.75967503 -10.19345284
v -8.07401371 4.55508995 -10.00207615
v -7.92586422 4.60972834 -10.18508434
v -7.73987484 4.68952274 -10.23664856
v -8.04814148 4.56926489 -10.05137157
v -7.88338947 4.62890768 -10.20698833
v -7.70359087 4.713027 -10.22758961
v -8.01684189 4.58425474 -10.09552956
v -7.84037542 4.6491971 -10.2215271
v -7.67180157 4.73665094 -10.21263695
v -8.09585571 4.55297375 -9.91860485
v -7.98106003 4.6002183 -10.13374233
v -7.79806089 4.67047167 -10.22871208
v -7.64537096 4.76000595 -10.19258499
v -8.07933426 4.56610107 -9.97324753
v -7.9418664 4.61725855 -10.16537094
v -7.75765514 4.69254017 -10.22874928
v -8.05632019 4.57968044 -10.02410412
v -7.90042019 4.6354146 -10.18995285
v -7.72030592 4.71514702 -10.22204018
v -8.02754307 4.59393787 -10.07017803
v -7.85793924 4.65466166 -10.20722103
v -7.68706226 4.73797798 -10.20916271
v -7.99389267 4.60905504 -10.1106081
v -7.81566334 4.6749053 -10.21710396
v -7.65884638 4.76066685 -10.19085503
v -8.0825367 4.57721615 -9.94414806
v -7.95639133 4.62516022 -10.14468384
v -7.77481699 4.69598341 -10.21973515
v -7.63642645 4.78280592 -10.16799545
v -8.0624876 4.59027052 -9.9963789
v -7.91616678 4.64232111 -10.17187214
v -7.73657656 4.71766853 -10.21543789
v -8.03636742 4.60385895 -10.04420471
v -7.8744173 4.66054106 -10.19182777
v -7.70203304 4.73967314 -10.20472336
v -8.00500488 4.61818361 -10.08670902
v -7.83237648 4.67975712 -10.20440197
v -7.67216349 4.76165438 -10.18826962
v -7.96937132 4.63339758 -10.1231184
v -7.79128027 4.69983625 -10.20964813
v -7.64779949 4.78322315 -10.1669035
v -8.0666151 4.60098648 -9.96832466
v -7.93055582 4.64959478 -10.15282917
v -7.75232649 4.72058058 -10.20781422
v -7.62960577 4.8039546 -10.14157295
v -8.04327393 4.61397171 -10.01772881
v -7.88973188 4.66680861 -10.17541981
v -7.71664524 4.74172926 -10.19934082
v -8.01434517 4.62756157 -10.06215668
v -7.84812307 4.68500471 -10.19066334
v -7.68526125 4.76296377 -10.18484211
v -7.98074579 4.64193153 -10.10077572
v -7.80696821 4.70408106 -10.19853401
v -7.65906668 4.78391647 -10.16508865
v -8.06868362 4.61177778 -9.94007206
v -7.94352055 4.65720177 -10.13291359
v -7.76748323 4.7238698 -10.19920444
v -7.63879538 4.80417871 -10.14098549
v -8.04823112 4.62422943 -9.99087429
v -7.90381289 4.67343378 -10.15807438
v -7.73082972 4.74413633 -10.19303894
v -8.02187061 4.63714504 -10.03706741
v -7.86282969 4.69062328 -10.17595387
v -7.69807768 4.76458931 -10.18058681
v -7.99046135 4.6507225 -10.0777607
v -7.82180738 4.70869827 -10.18644714
v -7.6701746 4.78488207 -10.16255951
v -7.95499992 4.66510677 -10.1122179
v -7.78197575 4.72751999 -10.18964767
v -7.64792061 4.80462646 -10.13981342
v -8.05121422 4.63458347 -9.96376705
v -7.91659355 4.68038702 -10.13987064
v -7.74452114 4.74688339 -10.18584728
v -7.63194227 4.82339811 -10.11332226
v -8.02754498 4.64688969 -10.01155567
v -7.87642717 4.69658709 -10.16034031
v -7.71055317 4.76652288 -10.17552471
v -7.99847269 4.65972948 -10.05417919
v -7.83572912 4.71366596 -10.17344093
v -7.68107224 4.78611612 -10.15932846
v -7.96494055 4.67327309 -10.09083843
v -7.79573631 4.73151445 -10.17918968
v -7.65693903 4.80529499 -10.13806343
v -7.92801428 4.68763494 -10.12089539
v -7.75765514 4.74995708 -10.17780018
v -7.63885212 4.82365179 -10.1126585
v -8.03134346 4.65674973 -9.98574257
v -7.88885212 4.70286798 -10.14389706
v -7.72263002 4.76875544 -10.16967869
v -7.62732458 4.84075212 -10.0841465
v -8.00474358 4.66891098 -10.03014278
v -7.84866858 4.71896076 -10.15957832
v -7.69170809 4.78761292 -10.15541077
v -7.97329617 4.68166208 -10.06887531
v -7.80870056 4.73583508 -10.1678791
v -7.66580868 4.80618191 -10.13574123
v -7.93802261 4.6951437 -10.10123634
v -7.77017069 4.75334358 -10.16893387
v -7.64569712 4.82407284 -10.11155605
v -8.03324699 4.66667891 -9.95974731
v -7.9000473 4.70943689 -10.12669945
v -7.73425198 4.77127743 -10.1630764
v -7.6319623 4.84086514 -10.08384991
v -8.00924301 4.67822361 -10.0057621
v -7.86056519 4.72455883 -10.14492321
v -7.70203304 4.78936529 -10.15082359
v -7.98002815 4.69023561 -10.04643059
v -7.82080841 4.74046087 -10.15576744
v -7.67448807 4.80728245 -10.13286018
v -7.94657135 4.70287943 -10.08098507
v -7.7820096 4.75702715 -10.15929031
v -7.65244579 4.82465982 -10.11001968
v -7.90995979 4.71626282 -10.10882759
v -7.74536419 4.77407646 -10.15574932
v -7.63656807 4.84109116 -10.08325863
v -8.01195145 4.68762398 -9.98115158
v -7.87136364 4.73043299 -10.12954426
v -7.71199894 4.79136467 -10.14558887
v -7.6273284 4.85614634 -10.05362892
v -7.98510456 4.69895267 -10.02360916
v -7.83200359 4.74537086 -10.14291286
v -7.68293667 4.80859184 -10.12943172
v -7.95362091 4.71080446 -10.06023598
v -7.79311609 4.76099014 -10.14891529
v -7.65906668 4.82540941 -10.10805702
v -7.91854382 4.72331476 -10.09036636
v -7.75591516 4.77713919 -10.14772987
v -7.64111948 4.84142876 -10.08237553
v -7.88101292 4.73655701 -10.11351204
v -7.72155905 4.79360199 -10.13973141
v -7.6296463 4.85623121 -10.05340576
v -7.98850203 4.70777273 -10.00051689
v -7.84223318 4.75054216 -10.1293745
v -7.6911149 4.81010389 -10.12547302
v -7.95913839 4.71888351 -10.03908634
v -7.80343866 4.76521444 -10.13785553
v -7.66552877 4.82631874 -10.1056757
v -7.92575932 4.73055887 -10.0714016
v -7.76585627 4.78045177 -10.13905716
v -7.64559603 4.84187603 -10.08120346
v -7.88946867 4.74290133 -10.09690189
v -7.73066902 4.79606724 -10.13327694
v -7.63194227 4.85637236 -10.05303669
v -7.99020481 4.71665525 -9.9772625
v -7.85145044 4.75595045 -10.1152153
v -7.6989851 4.81181192 -10.1210022
v -7.96309805 4.72707748 -10.01763344
v -7.81292963 4.7696805 -10.12616444
v -7.67180157 4.82738304 -10.10288906
v -7.93157196 4.73796177 -10.05202007
v -7.77513981 4.78399897 -10.12977123
v -7.64997673 4.84243155 -10.07974911
v -7.8966918 4.74943686 -10.07979202
v -7.73928642 4.79874802 -10.1262579
v -7.63420582 4.85656929 -10.05252075
v -7.85961151 4.76157045 -10.10050201
v -7.70651054 4.81370735 -10.11604023
v -7.9654808 4.73534918 -9.99597836
v -7.82154417 4.77436686 -10.11389446
v -7.67785645 4.82859802 -10.09970856
v -7.935956 4.74548912 -10.03231335
v -7.78372383 4.78776407 -10.11991405
v -7.65424061 4.84309244 -10.07801914
v -7.9026475 4.7561326 -10.06226158
v -7.7473712 4.80163288 -10.11870575
v -7.63642645 4.85682106 -10.05186272
v -7.86667871 4.76737595 -10.08530235
v -7.71365595 4.81578159 -10.11060905
v -7.82924271 4.77925205 -10.10110474
v -7.68366432 4.82995749 -10.0961504
v -7.9388895 4.75310564 -10.01237297
v -7.7915678 4.79172897 -10.10953331
v -7.65836811 4.84385586 -10.07602119
v -7.90730906 4.76295853 -10.04439163
v -7.75488472 4.80470753 -10.11065578
v -7.63859415 4.85712576 -10.05106449
v -7.87261915 4.77334023 -10.06968784
v -7.72038746 4.81802464 -10.10473633
v -7.83598852 4.78431368 -10.08785343
v -7.68919945 4.83145523 -10.09222889
v -7.94036007 4.76077557 -9.9922924
v -7.79863501 4.79587603 -10.09867668
v -7.66234064 4.8447175 -10.0737648
v -7.91065454 4.76988125 -10.02626705
v -7.76179314 4.8079586 -10.1021452
v -7.64069796 4.85748291 -10.05012894
v -7.87740517 4.77943516 -10.05373096
v -7.72667456 4.82042694 -10.0984478
v -7.84175062 4.78952742 -10.07420349
v -7.69443464 4.83308411 -10.08796501
v -7.80489302 4.8001852 -10.08739471
v -7.66613865 4.84567404 -10.07126045
v -7.91266775 4.77686977 -10.00797081
v -7.76806402 4.8113699 -10.09321499
v -7.64272881 4.85789013 -10.04906273
v -7.88101435 4.78563261 -10.0375061
v -7.73248768 4.82297659 -10.09177303
v -7.8465023 4.79486942 -10.06021786
v -7.69934654 4.83483648 -10.08337593
v -7.81031179 4.80463696 -10.07574081
v -7.66974449 4.84672117 -10.06851959
v -7.77366734 4.81492567 -10.08390427
v -7.64467716 4.85834646 -10.04786873
v -7.88343 4.7919035 -10.02108955
v -7.73779964 4.82566166 -10.08474255
v -7.85022116 4.8003149 -10.04596233
v -7.70391178 4.83670473 -10.07848549
v -7.81486702 4.80920982 -10.06376743
v -7.67314196 4.84785318 -10.06555557
v -7.7785778 4.81860971 -10.07425976
v -7.64653349 4.85884857 -10.04655361
v -7.88464069 4.79821825 -10.00455666
v -7.74258566 4.82846975 -10.07739067
v -7.85289001 4.80583811 -10.03150177
v -7.7081089 4.83867979 -10.07331467
v -7.81853676 4.8138833 -10.05153179
v -7.67631531 4.84906578 -10.06238079
v -7.78277206 4.82240486 -10.06432343
v -7.64828968 4.85939503 -10.0451231
v -7.74682331 4.831388 -10.06975079
v -7.85449648 4.81141329 -10.01690578
v -7.71191835 4.84075212 -10.06788921
v -7.82130384 4.81863546 -10.03909111
v -7.67924929 4.85035229 -10.05901241
v -7.78623056 4.82629347 -10.05414391
v -7.64993715 4.85998297 -10.04358387
v -7.75049305 4.83440256 -10.06185818
v -7.71532297 4.84291267 -10.06223297
v -7.82315636 4.82344389 -10.02650356
v -7.68193007 4.85170746 -10.05546474
v -7.78893757 4.83025694 -10.04376698
v -7.65146828 4.86060953 -10.04194355
v -7.75357771 4.83749962 -10.05375004
v -7.71830606 4.84515095 -10.05637264
v -7.82408428 4.82828569 -10.01382637
v -7.68434572 4.8531251 -10.051754
v -7.7908802 4.83427763 -10.03324127
v -7.6528759 4.86127186 -10.04020977
v -7.75606298 4.84066439 -10.04546452
v -7.72085428 4.84745693 -10.05033588
v -7.68648434 4.85459757 -10.04789829
v -7.79204941 4.83833551 -10.02261639
v -7.65415382 4.86196709 -10.03838921
v -7.75793695 4.84388256 -10.03703976
v -7.7229557 4.84981918 -10.04415131
v -7.68833637 4.85611916 -10.04391479
v -7.65529585 4.86269188 -10.03649235
v -7.75919104 4.84713888 -10.02851486
v -7.72460032 4.85222721 -10.03784657
v -7.68989325 4.85768223 -10.03982258
v -7.65629625 4.86344242 -10.03452682
v -7.75981951 4.85041761 -10.01992989
v -7.72578049 4.85466957 -10.03145218
v -7.69114733 4.85927963 -10.03564072
v -7.65715122 4.86421585 -10.03250217
v -7.72649097 4.8571353 -10.02499771
v -7.69209337 4.86090374 -10.03138828
v -7.65785599 4.86500835 -10.03042793
v -7.69272661 4.86254692 -10.02708626
v -7.65840769 4.86581612 -10.02831268
v -7.69304371 4.86420202 -10.02275372
v -7.65880346 4.86663532 -10.02616787
v -7.65904188 4.86746216 -10.02400303
v 8.12439728 4.39354181 -9.86675167
v 7.64953375 4.22409964 -10.31035614
v 8.12354374 4.42809391 -9.87191772
v 8.12259197 4.38480854 -9.88961506
v 8.12121868 4.41596842 -9.90366268
v 8.1195879 4.37611723 -9.91236877
v 8.11658096 4.4039278 -9.93518543
v 8.11539268 4.36748934 -9.93495655
v 8.11918831 4.45383549 -9.89970493
v 8.10965061 4.39202785 -9.96633911
v 8.11001587 4.35894537 -9.95732498
v 8.10346985 4.35050583 -9.97942066
v 8.11572933 4.44183016 -9.93113518
v 8.11425686 4.49136353 -9.89574432
v 8.10046101 4.38032484 -9.99697876
v 8.09577179 4.34219074 -10.00118923
v 8.10998249 4.42993689 -9.96227264
v 8.11197567 4.47946405 -9.92689896
v 8.08905506 4.36887264 -10.02696133
v 8.08693981 4.33402061 -10.02257919
v 8.10197449 4.41821098 -9.99297047
v 8.10742378 4.46764755 -9.95783424
v 8.10533619 4.5165906 -9.92266083
v 8.07548428 4.35772514 -10.05614567
v 8.0769949 4.32601547 -10.04353809
v 8.06596088 4.31819344 -10.06401539
v 8.09174252 4.40670776 -10.0230875
v 8.10062313 4.45596933 -9.98840809
v 8.10197449 4.50492144 -9.95321083
v 8.05981445 4.34693384 -10.08439827
v 8.05386448 4.31057405 -10.08396339
v 8.09585571 4.55297375 -9.91860485
v 8.07933426 4.39548016 -10.0524807
v 8.09160423 4.44448423 -10.01847649
v 8.09638882 4.49336147 -9.98347473
v 8.04073524 4.30317593 -10.10333157
v 8.04211617 4.33654928 -10.11158466
v 8.0266037 4.29601669 -10.12207603
v 8.09366035 4.54152203 -9.94858742
v 8.06480789 4.38458109 -10.08101463
v 8.08041 4.43324518 -10.0479002
v 8.08860493 4.48196459 -10.01331234
v 8.02247334 4.32661963 -10.13758087
v 8.01150513 4.28911304 -10.14014912
v 8.08928013 4.53014994 -9.97835922
v 8.04823112 4.37406111 -10.10855675
v 8.0825367 4.57721615 -9.94414806
v 8.0670929 4.42230558 -10.0765419
v 8.07866001 4.47078371 -10.04258442
v 8.00097752 4.3171916 -10.16226292
v 7.99547577 4.28248215 -10.15750885
v 8.08273506 4.51891088 -10.00778294
v 8.02968025 4.36396933 -10.13497734
v 8.07933426 4.56610107 -9.97324753
v 8.0517149 4.41171503 -10.10426712
v 8.06868362 4.61177778 -9.94007206
v 8.06659889 4.45987082 -10.07115459
v 7.9785533 4.27614021 -10.17411232
v 7.97772932 4.30830956 -10.18551731
v 7.96077967 4.27010202 -10.18992043
v 8.07405567 4.5078578 -10.03672028
v 8.00924301 4.35435295 -10.16015339
v 8.07401371 4.55508995 -10.00207615
v 8.03434658 4.40152407 -10.13094807
v 8.0666151 4.60098648 -9.96832466
v 8.05247974 4.4492774 -10.0988884
v 7.95283556 4.30001354 -10.20723629
v 7.94219685 4.26438236 -10.20489502
v 8.06328297 4.4970417 -10.06503773
v 7.98701429 4.34525633 -10.18396759
v 8.06659889 4.5442338 -10.03049755
v 8.01506996 4.39177942 -10.15645885
v 8.0624876 4.59027052 -9.9963789
v 8.03636742 4.4390521 -10.12565804
v 8.05121422 4.63458347 -9.96376705
v 7.92641401 4.29234362 -10.22731686
v 7.92284966 4.25899458 -10.21899986
v 8.05046558 4.48651314 -10.09260178
v 7.96309805 4.33672237 -10.20631027
v 8.05712605 4.53358364 -10.05838013
v 7.99397421 4.38252735 -10.18068123
v 8.05632019 4.57968044 -10.02410412
v 8.01833725 4.42924309 -10.15133858
v 8.04823112 4.62422943 -9.99087429
v 7.9027853 4.2539525 -10.23220062
v 7.89858675 4.28533459 -10.2456665
v 7.88205147 4.24926758 -10.24446583
v 8.03566551 4.47632122 -10.11928463
v 8.03324699 4.66667891 -9.95974731
v 7.9376049 4.32879114 -10.22707558
v 8.04563808 4.52318907 -10.08559322
v 7.9711585 4.37381029 -10.20350361
v 8.04814148 4.56926489 -10.05137157
v 7.99847269 4.41989613 -10.17580891
v 8.04327393 4.61397171 -10.01772881
v 7.86948395 4.27901936 -10.2621994
v 7.86069822 4.24495125 -10.25576591
v 8.01895046 4.46651316 -10.14496231
v 8.03134346 4.65674973 -9.98574257
v 7.91065454 4.32149839 -10.24616718
v 8.03218937 4.51309824 -10.11201096
v 7.94672871 4.36566925 -10.22481728
v 8.03799057 4.55907297 -10.07805443
v 7.9768672 4.41105509 -10.19895649
v 8.03636742 4.60385895 -10.04420471
v 7.83877754 4.241014 -10.26607323
v 7.83924103 4.27342796 -10.2768383
v 7.81634188 4.23746538 -10.27536392
v 8.00039959 4.4571352 -10.1695137
v 8.02754498 4.64688969 -10.01155567
v 7.88237238 4.31487942 -10.2634964
v 8.01684189 4.50335836 -10.1375103
v 8.01195145 4.68762398 -9.98115158
v 7.92079926 4.3581419 -10.244524
v 8.02591324 4.5491519 -10.1040287
v 7.95362091 4.40276003 -10.22067165
v 8.02754307 4.59393787 -10.07017803
v 7.80799961 4.26858568 -10.2895155
v 7.79344511 4.23431396 -10.28361511
v 7.98009729 4.44823122 -10.19282532
v 8.02187061 4.63714504 -10.03706741
v 7.85289001 4.30896425 -10.27898216
v 7.99966717 4.49401522 -10.16197109
v 8.00924301 4.67822361 -10.0057621
v 7.89349031 4.35126352 -10.26253128
v 8.01196766 4.5395484 -10.12917137
v 7.99020481 4.71665525 -9.9772625
v 7.92884254 4.39505053 -10.24085522
v 8.01684189 4.58425474 -10.09552956
v 7.77590466 4.26451588 -10.3001709
v 7.77014256 4.23156691 -10.29080677
v 7.95813942 4.43984175 -10.21478844
v 8.01434517 4.62756157 -10.06215668
v 7.82234526 4.30378103 -10.29255295
v 7.98074579 4.48511171 -10.1852808
v 8.00474358 4.66891098 -10.03014278
v 7.86492968 4.34506607 -10.27875614
v 7.99621677 4.53030634 -10.15336704
v 7.98850203 4.70777273 -10.00051689
v 7.9026475 4.38796282 -10.25941181
v 8.00431347 4.57485485 -10.12013817
v 7.74649 4.22923136 -10.29692078
v 7.74310637 4.26123667 -10.30875587
v 7.72254515 4.22731304 -10.30194378
v 7.93462849 4.43200684 -10.23530102
v 8.00500488 4.61818361 -10.08670902
v 7.7908802 4.2993536 -10.30414391
v 7.9601655 4.47668982 -10.2073288
v 7.99847269 4.65972948 -10.05417919
v 7.83525038 4.33957863 -10.29312229
v 7.97873592 4.52146959 -10.17650127
v 7.98510456 4.69895267 -10.02360916
v 7.87515831 4.38152933 -10.27625561
v 7.99001646 4.56578207 -10.14389133
v 7.9654808 4.73534918 -9.99597836
v 7.70975733 4.25876379 -10.31522942
v 7.69836521 4.22581577 -10.30586338
v 7.90967417 4.42476273 -10.25426674
v 7.99389267 4.60905504 -10.1106081
v 7.75864172 4.29570246 -10.31370258
v 7.93802261 4.4687891 -10.22801399
v 7.99046135 4.6507225 -10.0777607
v 7.8045907 4.33482695 -10.30556297
v 7.95960522 4.51307917 -10.19846821
v 7.98002815 4.69023561 -10.04643059
v 7.8465023 4.37577963 -10.29130745
v 7.97401762 4.55707836 -10.16667843
v 7.96309805 4.72707748 -10.01763344
v 7.67400837 4.22474384 -10.30867004
v 7.67601299 4.25710917 -10.31956196
v 7.88339233 4.41814327 -10.27159691
v 7.98106003 4.6002183 -10.13374233
v 7.94036007 4.76077557 -9.9922924
v 7.72578049 4.29284477 -10.3211832
v 7.9144206 4.46144533 -10.24723911
v 7.98074579 4.64193153 -10.10077572
v 7.7730937 4.33083248 -10.31602001
v 7.93891478 4.50517416 -10.21916389
v 7.97329617 4.68166208 -10.06887531
v 7.81681347 4.37074184 -10.30449772
v 7.95639133 4.54878473 -10.18839169
v 7.95913839 4.71888351 -10.03908634
v 7.64203072 4.25627947 -10.32173347
v 7.85590601 4.41217899 -10.28721142
v 7.96656799 4.59171486 -10.15600586
v 7.9388895 4.75310564 -10.01237297
v 7.69244909 4.29079437 -10.32655239
v 7.88946867 4.45469379 -10.26491547
v 7.96937132 4.63339758 -10.1231184
v 7.74090624 4.32761431 -10.32444572
v 7.91676092 4.49779129 -10.23849201
v 7.96494055 4.67327309 -10.09083843
v 7.78623056 4.36643839 -10.31576347
v 7.9372201 4.54093933 -10.20893097
v 7.95362091 4.71080446 -10.06023598
v 7.82734251 4.40689754 -10.30103779
v 7.95048285 4.58358383 -10.17729282
v 7.935956 4.74548912 -10.03231335
v 7.65880346 4.28956032 -10.32978344
v 7.86328411 4.44856548 -10.28095913
v 7.95639133 4.62516022 -10.14468384
v 7.91266775 4.77686977 -10.00797081
v 7.70817804 4.32518768 -10.33079815
v 7.89324617 4.49096489 -10.25636387
v 7.95499992 4.66510677 -10.1122179
v 7.75489616 4.36288977 -10.32505417
v 7.91659355 4.53357935 -10.22819996
v 7.94657135 4.70287943 -10.08098507
v 7.7978363 4.40232468 -10.31301022
v 7.9328804 4.57586336 -10.197505
v 7.93157196 4.73796177 -10.05202007
v 7.83598852 4.44308949 -10.29529667
v 7.9418664 4.61725855 -10.16537094
v 7.91065454 4.76988125 -10.02626705
v 7.67506266 4.32356358 -10.33505058
v 7.86848116 4.48472738 -10.27269363
v 7.94352055 4.65720177 -10.13291359
v 7.88464069 4.79821825 -10.00455666
v 7.7229557 4.36011219 -10.33232594
v 7.89460707 4.52673864 -10.24610901
v 7.93802261 4.6951437 -10.10123634
v 7.76752377 4.39848042 -10.32307434
v 7.91384268 4.56858969 -10.21654797
v 7.92575932 4.73055887 -10.0714016
v 7.80770922 4.4382906 -10.30786037
v 7.92586422 4.60972834 -10.18508434
v 7.90730906 4.76295853 -10.04439163
v 7.64171362 4.32274961 -10.33718109
v 7.8425808 4.47910738 -10.28740788
v 7.93055582 4.64959478 -10.15282917
v 7.88343 4.7919035 -10.02108955
v 7.69055843 4.35811901 -10.33754349
v 7.87136364 4.52044916 -10.26257515
v 7.92801428 4.68763494 -10.12089539
v 7.73654699 4.39538336 -10.33118248
v 7.89345789 4.56179667 -10.23433208
v 7.91854382 4.72331476 -10.09036636
v 7.7785778 4.43419123 -10.31859207
v 7.90845871 4.60260582 -10.20373154
v 7.9026475 4.7561326 -10.06226158
v 7.8156662 4.47413111 -10.30043602
v 7.91616678 4.64232111 -10.17187214
v 7.88101435 4.78563261 -10.0375061
v 7.65785599 4.35691977 -10.34068394
v 7.84697151 4.51474047 -10.27752018
v 7.91659355 4.68038702 -10.13987064
v 7.85449648 4.81141329 -10.01690578
v 7.70504999 4.39304829 -10.33729649
v 7.8718214 4.55551577 -10.25077629
v 7.90995979 4.71626282 -10.10882759
v 7.74873018 4.43081093 -10.32744217
v 7.88973188 4.5959239 -10.22122478
v 7.8966918 4.74943686 -10.07979202
v 7.7878623 4.46982193 -10.31171703
v 7.90042019 4.6354146 -10.18995285
v 7.87740517 4.77943516 -10.05373096
v 7.82154417 4.50963879 -10.29087639
v 7.90381289 4.67343378 -10.15807438
v 7.85289001 4.80583811 -10.03150177
v 7.67317963 4.39148521 -10.3413887
v 7.84903431 4.54977608 -10.26580238
v 7.9000473 4.70943689 -10.12669945
v 7.82408428 4.82828569 -10.01382637
v 7.71830606 4.42816544 -10.33436775
v 7.869771 4.5897131 -10.23748493
v 7.88946867 4.74290133 -10.09690189
v 7.75929928 4.4661994 -10.32120037
v 7.88338947 4.62890768 -10.20698833
v 7.87261915 4.77334023 -10.06968784
v 7.79520082 4.50516844 -10.30257988
v 7.88973188 4.66680861 -10.17541981
v 7.85022116 4.8003149 -10.04596233
v 7.64108515 4.39070177 -10.3434391
v 7.82520247 4.54460526 -10.27934074
v 7.88885212 4.70286798 -10.14389706
v 7.82315636 4.82344389 -10.02650356
v 7.68744659 4.42626715 -10.3393383
v 7.84866858 4.58400345 -10.25243378
v 7.88101292 4.73655701 -10.11351204
v 7.73010969 4.46328115 -10.32884026
v 7.86515427 4.62283087 -10.22289753
v 7.86667871 4.76737595 -10.08530235
v 7.76806402 4.50134993 -10.31257629
v 7.8744173 4.66054106 -10.19182777
v 7.8465023 4.79486942 -10.06021786
v 7.80043745 4.54002619 -10.29132843
v 7.87642717 4.69658709 -10.16034031
v 7.82130384 4.81863546 -10.03909111
v 7.65629625 4.42512417 -10.34232998
v 7.82652378 4.57882071 -10.26600266
v 7.87136364 4.73043299 -10.12954426
v 7.79204941 4.83833551 -10.02261639
v 7.70043039 4.46108055 -10.33460236
v 7.84579897 4.6172123 -10.23760796
v 7.85961151 4.76157045 -10.10050201
v 7.74025965 4.49820137 -10.32082081
v 7.85793924 4.65466166 -10.20722103
v 7.84175062 4.78952742 -10.07420349
v 7.77485466 4.53606129 -10.30170918
v 7.86282969 4.69062328 -10.17595387
v 7.81853676 4.8138833 -10.05153179
v 7.80343866 4.57418919 -10.27812767
v 7.86056519 4.72455883 -10.14492321
v 7.7908802 4.83427763 -10.03324127
v 7.67039919 4.4596076 -10.33845806
v 7.82541418 4.61207771 -10.25105
v 7.85145044 4.75595045 -10.1152153
v 7.75981951 4.85041761 -10.01992989
v 7.71191835 4.4957366 -10.32727242
v 7.84037542 4.6491971 -10.2215271
v 7.83598852 4.78431368 -10.08785343
v 7.74857283 4.5327282 -10.31043434
v 7.84812307 4.68500471 -10.19066334
v 7.81486702 4.80920982 -10.06376743
v 7.77952194 4.57013035 -10.28875351
v 7.84866858 4.71896076 -10.15957832
v 7.78893757 4.83025694 -10.04376698
v 7.64015675 4.45886946 -10.34039021
v 7.80409527 4.60745192 -10.26316071
v 7.84223318 4.75054216 -10.1293745
v 7.75919104 4.84713888 -10.02851486
v 7.68317175 4.49396801 -10.3319025
v 7.82180738 4.64417267 -10.23468113
v 7.82924271 4.77925205 -10.10110474
v 7.7217145 4.53004313 -10.31746387
v 7.83237648 4.67975712 -10.20440197
v 7.81031179 4.80463696 -10.07574081
v 7.75488472 4.56666374 -10.29782963
v 7.83572912 4.71366596 -10.17344093
v 7.78623056 4.82629347 -10.05414391
v 7.78194094 4.60335588 -10.27388477
v 7.83200359 4.74537086 -10.14291286
v 7.75793695 4.84388256 -10.03703976
v 7.65415382 4.49290371 -10.33468914
v 7.80232191 4.6396122 -10.24662018
v 7.82154417 4.77436686 -10.11389446
v 7.72649097 4.8571353 -10.02499771
v 7.69440603 4.528018 -10.32276535
v 7.81566334 4.6749053 -10.21710396
v 7.80489302 4.8001852 -10.08739471
v 7.72964239 4.5638051 -10.30531406
v 7.82180738 4.70869827 -10.18644714
v 7.78277206 4.82240486 -10.06432343
v 7.75905514 4.59980869 -10.2831707
v 7.82080841 4.74046087 -10.15576744
v 7.75606298 4.84066439 -10.04546452
v 7.7820096 4.63553715 -10.25728989
v 7.81292963 4.7696805 -10.12616444
v 7.72578049 4.85466957 -10.03145218
v 7.66677332 4.52666283 -10.32631397
v 7.79806089 4.67047167 -10.22871208
v 7.79863501 4.79587603 -10.09867668
v 7.69304371 4.86420202 -10.02275372
v 7.70391178 4.56156731 -10.31117153
v 7.80696821 4.70408106 -10.19853401
v 7.7785778 4.81860971 -10.07425976
v 7.7355442 4.59682703 -10.29097652
v 7.80870056 4.73583508 -10.1678791
v 7.75357771 4.83749962 -10.05375004
v 7.76096487 4.63196564 -10.26663876
v 7.80343866 4.76521444 -10.13785553
v 7.72460032 4.85222721 -10.03784657
v 7.63894606 4.52598381 -10.32809162
v 7.77965117 4.66647673 -10.23917007
v 7.7915678 4.79172897 -10.10953331
v 7.69272661 4.86254692 -10.02708626
v 7.67781305 4.5599618 -10.31537533
v 7.79128027 4.69983625 -10.20964813
v 7.77366734 4.81492567 -10.08390427
v 7.71151781 4.5944252 -10.29726505
v 7.79573631 4.73151445 -10.17918968
v 7.75049305 4.83440256 -10.06185818
v 7.73928642 4.62891531 -10.27462482
v 7.79311609 4.76099014 -10.14891529
v 7.7229557 4.84981918 -10.04415131
v 7.76052094 4.66294003 -10.2484293
v 7.78372383 4.78776407 -10.11991405
v 7.69209337 4.86090374 -10.03138828
v 7.65146828 4.55899525 -10.31790543
v 7.77481699 4.69598341 -10.21973515
v 7.76806402 4.8113699 -10.09321499
v 7.65904188 4.86746216 -10.02400303
v 7.68708849 4.5926137 -10.30200768
v 7.78197575 4.72751999 -10.18964767
v 7.74682331 4.831388 -10.06975079
v 7.71707535 4.62639999 -10.2812109
v 7.7820096 4.75702715 -10.15929031
v 7.72085428 4.84745693 -10.05033588
v 7.74075842 4.65987682 -10.25644875
v 7.77513981 4.78399897 -10.12977123
v 7.69114733 4.85927963 -10.03564072
v 7.75765514 4.69254017 -10.22874928
v 7.76179314 4.8079586 -10.1021452
v 7.65880346 4.86663532 -10.02616787
v 7.66236925 4.5914011 -10.3051815
v 7.76748323 4.7238698 -10.19920444
v 7.74258566 4.82846975 -10.07739067
v 7.69443464 4.62443113 -10.28636456
v 7.77017069 4.75334358 -10.16893387
v 7.71830606 4.84515095 -10.05637264
v 7.7204566 4.65730238 -10.26318932
v 7.76585627 4.78045177 -10.13905716
v 7.68989325 4.85768223 -10.03982258
v 7.73987484 4.68952274 -10.23664856
v 7.75488472 4.80470753 -10.11065578
v 7.65840769 4.86581612 -10.02831268
v 7.63747597 4.59079361 -10.30677223
v 7.75232649 4.72058058 -10.20781422
v 7.73779964 4.82566166 -10.08474255
v 7.67147064 4.62301826 -10.29006386
v 7.75765514 4.74995708 -10.17780018
v 7.71532297 4.84291267 -10.06223297
v 7.69970942 4.65522814 -10.26861954
v 7.75591516 4.77713919 -10.14772987
v 7.68833637 4.85611916 -10.04391479
v 7.72155905 4.68694544 -10.24339581
v 7.7473712 4.80163288 -10.11870575
v 7.65785599 4.86500835 -10.03042793
v 7.73657656 4.71766853 -10.21543789
v 7.73248768 4.82297659 -10.09177303
v 7.64828968 4.62216806 -10.29228973
v 7.74452114 4.74688339 -10.18584728
v 7.71191835 4.84075212 -10.06788921
v 7.67861414 4.65366411 -10.27271461
v 7.74536419 4.77407646 -10.15574932
v 7.68648434 4.85459757 -10.04789829
v 7.70279312 4.68482018 -10.24895954
v 7.73928642 4.79874802 -10.1262579
v 7.65715122 4.86421585 -10.03250217
v 7.72030592 4.71514702 -10.22204018
v 7.72667456 4.82042694 -10.0984478
v 7.73082972 4.74413633 -10.19303894
v 7.7081089 4.83867979 -10.07331467
v 7.657269 4.65261698 -10.27545547
v 7.73425198 4.77127743 -10.1630764
v 7.68434572 4.8531251 -10.051754
v 7.68366432 4.68315697 -10.25331497
v 7.73066902 4.79606724 -10.13327694
v 7.65629625 4.86344242 -10.03452682
v 7.70359087 4.713027 -10.22758961
v 7.72038746 4.81802464 -10.10473633
v 7.71664524 4.74172926 -10.19934082
v 7.70391178 4.83670473 -10.07848549
v 7.63577318 4.65209246 -10.27682877
v 7.72263002 4.76875544 -10.16967869
v 7.68193007 4.85170746 -10.05546474
v 7.66426229 4.68196344 -10.25644016
v 7.72155905 4.79360199 -10.13973141
v 7.65529585 4.86269188 -10.03649235
v 7.68650961 4.71131945 -10.23206043
v 7.71365595 4.81578159 -10.11060905
v 7.70203304 4.73967314 -10.20472336
v 7.69934654 4.83483648 -10.08337593
v 7.71055317 4.76652288 -10.17552471
v 7.67924929 4.85035229 -10.05901241
v 7.64467716 4.68124485 -10.25832081
v 7.71199894 4.79136467 -10.14558887
v 7.65415382 4.86196709 -10.03838921
v 7.66914129 4.71003151 -10.23543262
v 7.70651054 4.81370735 -10.11604023
v 7.68706226 4.73797798 -10.20916271
v 7.69443464 4.83308411 -10.08796501
v 7.69807768 4.76458931 -10.18058681
v 7.67631531 4.84906578 -10.06238079
v 7.70203304 4.78936529 -10.15082359
v 7.6528759 4.86127186 -10.04020977
v 7.65156746 4.70916986 -10.23768902
v 7.6989851 4.81181192 -10.1210022
v 7.67180157 4.73665094 -10.21263695
v 7.68919945 4.83145523 -10.09222889
v 7.68526125 4.76296377 -10.18484211
v 7.67314196 4.84785318 -10.06555557
v 7.69170809 4.78761292 -10.15541077
v 7.65146828 4.86060953 -10.04194355
v 7.63386965 4.70873785 -10.23881912
v 7.6911149 4.81010389 -10.12547302
v 7.65632296 4.7356987 -10.21512985
v 7.68366432 4.82995749 -10.0961504
v 7.67216349 4.76165438 -10.18826962
v 7.66974449 4.84672117 -10.06851959
v 7.68107224 4.78611612 -10.15932846
v 7.64993715 4.85998297 -10.04358387
v 7.68293667 4.80859184 -10.12943172
v 7.64069796 4.73512554 -10.21662998
v 7.67785645 4.82859802 -10.09970856
v 7.65884638 4.76066685 -10.19085503
v 7.66613865 4.84567404 -10.07126045
v 7.6701746 4.78488207 -10.16255951
v 7.64828968 4.85939503 -10.0451231
v 7.67448807 4.80728245 -10.13286018
v 7.67180157 4.82738304 -10.10288906
v 7.64537096 4.76000595 -10.19258499
v 7.66234064 4.8447175 -10.0737648
v 7.65906668 4.78391647 -10.16508865
v 7.64653349 4.85884857 -10.04655361
v 7.66580868 4.80618191 -10.13574123
v 7.66552877 4.82631874 -10.1056757
v 7.63180113 4.75967503 -10.19345284
v 7.65836811 4.84385586 -10.07602119
v 7.64779949 4.78322315 -10.1669035
v 7.64467716 4.85834646 -10.04786873
v 7.65693903 4.80529499 -10.13806343
v 7.65906668 4.82540941 -10.10805702
v 7.65424061 4.84309244 -10.07801914
v 7.63642645 4.78280592 -10.16799545
v 7.64272881 4.85789013 -10.04906273
v 7.64792061 4.80462646 -10.13981342
v 7.65244579 4.82465982 -10.11001968
v 7.64997673 4.84243155 -10.07974911
v 7.64069796 4.85748291 -10.05012894
v 7.63879538 4.80417871 -10.14098549
v 7.64569712 4.82407284 -10.11155605
v 7.64559603 4.84187603 -10.08120346
v 7.63859415 4.85712576 -10.05106449
v 7.62960577 4.8039546 -10.14157295
v 7.63885212 4.82365179 -10.1126585
v 7.64111948 4.84142876 -10.08237553
v 7.63642645 4.85682106 -10.05186272
v 7.63194227 4.82339811 -10.11332226
v 7.63656807 4.84109116 -10.08325863
v 7.63420582 4.85656929 -10.05252075
v 7.6319623 4.84086514 -10.08384991
v 7.63194227 4.85637236 -10.05303669
v 7.62732458 4.84075212 -10.0841465
v 7.6296463 4.85623121 -10.05340576
v 7.6273284 4.85614634 -10.05362892
v 7.64953375 -4.86881924 10.02202892
v 8.12439728 -4.42521477 9.85258675
v 7.64203072 -4.85584641 10.05359936
v 7.67400837 -4.86713266 10.02138424
v 7.67601299 -4.85367489 10.05276966
v 7.69836521 -4.86432648 10.02031231
v 7.70975733 -4.84934187 10.05111504
v 7.72254515 -4.86040688 10.01881599
v 7.65880346 -4.83965921 10.08377171
v 7.74310637 -4.84286833 10.04864216
v 7.74649 -4.85538387 10.0168972
v 7.77014256 -4.84926939 10.01456165
v 7.69244909 -4.83642817 10.08253765
v 7.64171362 -4.82304716 10.11344147
v 7.77590466 -4.83428335 10.04536247
v 7.79344511 -4.84207821 10.01181412
v 7.72578049 -4.83105946 10.0804863
v 7.67506266 -4.82091618 10.11262798
v 7.80799961 -4.82362795 10.04129314
v 7.81634188 -4.83382702 10.00866318
v 7.75864172 -4.82357836 10.07762909
v 7.70817804 -4.81666422 10.11100388
v 7.65785599 -4.8028779 10.14124584
v 7.83924103 -4.81095123 10.03645039
v 7.83877754 -4.8245368 10.00511456
v 7.86069822 -4.81422901 10.00117683
v 7.7908802 -4.81402016 10.07397842
v 7.74090624 -4.81031084 10.10857677
v 7.69055843 -4.79973745 10.14004612
v 7.86948395 -4.79631186 10.03085899
v 7.88205147 -4.80292892 9.9968605
v 7.64108515 -4.78241014 10.16826248
v 7.82234526 -4.80242872 10.06955051
v 7.7730937 -4.80188608 10.10535908
v 7.7229557 -4.79451942 10.13805294
v 7.9027853 -4.79066372 9.99217606
v 7.89858675 -4.77977943 10.02454376
v 7.92284966 -4.77746296 9.98713398
v 7.67317963 -4.78035927 10.16747856
v 7.85289001 -4.78885841 10.06436729
v 7.8045907 -4.79142904 10.10136509
v 7.75489616 -4.78724813 10.13527584
v 7.92641401 -4.76142979 10.01753521
v 7.94219685 -4.76335812 9.98174667
v 7.70504999 -4.77626705 10.16591549
v 7.88237238 -4.77337265 10.05845261
v 7.65629625 -4.75863457 10.19317913
v 7.83525038 -4.77898836 10.09661293
v 7.78623056 -4.77795744 10.13172722
v 7.95283556 -4.74134874 10.00986481
v 7.96077967 -4.748384 9.97602654
v 7.73654699 -4.77015305 10.16357994
v 7.91065454 -4.75604343 10.05183315
v 7.68744659 -4.75564289 10.19203663
v 7.86492968 -4.76462173 10.09112549
v 7.64015675 -4.7346921 10.21703911
v 7.81681347 -4.76669073 10.12742329
v 7.9785533 -4.73257542 9.96998882
v 7.97772932 -4.71963024 10.00156975
v 7.99547577 -4.71597147 9.96364594
v 7.76752377 -4.76204491 10.16048336
v 7.9376049 -4.73695135 10.04454041
v 7.71830606 -4.75067282 10.19013786
v 7.89349031 -4.74839687 10.08492756
v 7.67039919 -4.73275995 10.21630096
v 7.8465023 -4.75350094 10.12238503
v 8.00097752 -4.69637585 9.99268723
v 8.01150513 -4.69861221 9.95701504
v 7.7978363 -4.75198078 10.1566391
v 7.96309805 -4.71618605 10.0366087
v 7.74873018 -4.74374676 10.18749237
v 7.92079926 -4.73038912 10.07804966
v 7.70043039 -4.72890377 10.21482754
v 7.87515831 -4.73844957 10.11663628
v 7.65415382 -4.70775366 10.2386055
v 8.02247334 -4.67169333 9.9832592
v 8.0266037 -4.68053865 9.95011234
v 7.82734251 -4.74000835 10.15206623
v 7.98701429 -4.69384384 10.02807522
v 7.7785778 -4.73489714 10.18411255
v 7.94672871 -4.71068239 10.07052231
v 7.73010969 -4.72314262 10.21262741
v 7.9026475 -4.72160578 10.11020279
v 7.68317175 -4.70496655 10.2375412
v 8.04073524 -4.66179514 9.94295216
v 8.04211617 -4.64569759 9.97332954
v 8.05386448 -4.64242601 9.9355545
v 7.85590601 -4.72618246 10.14678478
v 7.63894606 -4.68078279 10.25886345
v 8.00924301 -4.67002916 10.01897812
v 7.80770922 -4.72416544 10.18001366
v 7.9711585 -4.68936872 10.06238079
v 7.75929928 -4.71550226 10.20970917
v 7.92884254 -4.70304918 10.10311413
v 7.71191835 -4.70033646 10.23577309
v 8.05981445 -4.61851072 9.96294498
v 8.06596088 -4.62247849 9.92793465
v 7.88339233 -4.71056747 10.1408205
v 7.66677332 -4.67900467 10.25818443
v 8.02968025 -4.64485264 10.00936222
v 7.83598852 -4.71160173 10.17521477
v 7.99397421 -4.6665473 10.05366421
v 7.7878623 -4.7060194 10.20608711
v 7.95362091 -4.68286562 10.09540462
v 7.74025965 -4.69388437 10.23330784
v 8.0769949 -4.60200071 9.92011356
v 8.07548428 -4.5902586 9.95215416
v 8.08693981 -4.58104181 9.91210747
v 7.90967417 -4.6932373 10.13420105
v 7.69440603 -4.67545652 10.25682926
v 8.04823112 -4.61843204 9.99927044
v 7.86328411 -4.69726419 10.16973782
v 7.65146828 -4.65118217 10.27667809
v 8.01506996 -4.64232445 10.04441166
v 7.8156662 -4.69473743 10.20177746
v 7.9768672 -4.66114998 10.08711052
v 7.76806402 -4.68564081 10.23015976
v 8.08905506 -4.56107378 9.94100571
v 8.09577179 -4.55965233 9.90393734
v 7.93462849 -4.67427158 10.12695694
v 7.7217145 -4.67015505 10.25480461
v 8.06480789 -4.59089088 9.98875046
v 7.88946867 -4.68122005 10.1636095
v 7.67781305 -4.64865208 10.27571201
v 8.03434658 -4.61681318 10.03466702
v 7.8425808 -4.68170929 10.19680119
v 7.63747597 -4.62168503 10.29295731
v 7.99847269 -4.6380024 10.078269
v 7.79520082 -4.67564392 10.22634125
v 8.10046101 -4.53109169 9.92955399
v 8.10346985 -4.53788376 9.89562225
v 7.95813942 -4.65375948 10.11912155
v 7.74857283 -4.66312551 10.25211906
v 8.07933426 -4.56235647 9.97785091
v 7.9144206 -4.66354418 10.15685844
v 7.70391178 -4.64444828 10.27410603
v 8.0517149 -4.59013271 10.02447605
v 7.86848116 -4.66699553 10.19118118
v 7.66236925 -4.6200943 10.29234982
v 8.01833725 -4.61353207 10.06892204
v 7.82154417 -4.66394043 10.22187042
v 8.11001587 -4.51578856 9.88718319
v 8.10965061 -4.50045204 9.91785049
v 8.11539268 -4.49341965 9.87863922
v 7.98009729 -4.63179636 10.11073303
v 7.77485466 -4.65439939 10.24878597
v 8.09174252 -4.5329628 9.96662426
v 7.93802261 -4.64431906 10.14951515
v 7.72964239 -4.63859081 10.27186871
v 8.0670929 -4.56240702 10.01388645
v 7.89324617 -4.65066528 10.1849432
v 7.68708849 -4.61692047 10.29113674
v 8.03636742 -4.587852 10.05911255
v 7.84697151 -4.65058422 10.21676922
v 7.64828968 -4.5899744 10.30668736
v 8.11658096 -4.46929836 9.90595055
v 8.1195879 -4.47083139 9.87001133
v 8.00039959 -4.60848427 10.10182858
v 7.80043745 -4.64401865 10.24482059
v 8.10197449 -4.50284672 9.95512104
v 7.9601655 -4.62363386 10.14161396
v 7.75488472 -4.63110638 10.26900959
v 8.08041 -4.53376579 10.0029459
v 7.91676092 -4.63279438 10.1781168
v 7.71151781 -4.61217833 10.28932571
v 8.05247974 -4.56108236 10.04888821
v 7.87136364 -4.63563871 10.21106052
v 7.67147064 -4.58774853 10.30583668
v 8.12259197 -4.44807816 9.8613205
v 8.12121868 -4.43777561 9.89391041
v 8.01895046 -4.5839324 10.09245014
v 7.82520247 -4.63203144 10.240242
v 7.63577318 -4.55850077 10.31868458
v 8.10998249 -4.47214842 9.94339466
v 7.98074579 -4.60158539 10.13319206
v 7.77952194 -4.62203026 10.26554298
v 8.09160423 -4.50434208 9.99170685
v 7.93891478 -4.61346579 10.17073441
v 7.7355442 -4.60588932 10.28692341
v 8.06659889 -4.53334808 10.03829479
v 7.89460707 -4.61917305 10.20477104
v 7.69443464 -4.5840497 10.30442429
v 8.12354374 -4.40603018 9.88178444
v 8.03566551 -4.55825567 10.08264256
v 7.84903431 -4.61849308 10.23507118
v 7.657269 -4.55712748 10.3181591
v 8.11572933 -4.44101143 9.93150139
v 7.99966717 -4.57827616 10.12428856
v 7.80343866 -4.6114049 10.26148415
v 8.10062313 -4.4742732 9.98022175
v 7.95960522 -4.5927701 10.1628294
v 7.75905514 -4.59808397 10.28394222
v 8.07866001 -4.50477839 10.0273819
v 7.91659355 -4.601264 10.19793034
v 7.71707535 -4.57889557 10.30245495
v 8.05046558 -4.53157282 10.07245064
v 7.8718214 -4.60346699 10.22933197
v 7.67861414 -4.55438662 10.31711292
v 8.11918831 -4.40958023 9.91949558
v 8.01684189 -4.55381489 10.11494541
v 7.82652378 -4.5992794 10.2568531
v 7.64467716 -4.52527094 10.32807446
v 8.10742378 -4.44369984 9.96854401
v 7.97873592 -4.57080317 10.15443897
v 7.78194094 -4.58879757 10.28039455
v 8.08860493 -4.47550631 10.01620102
v 7.9372201 -4.58199453 10.19056988
v 7.73928642 -4.57230997 10.29994011
v 8.06328297 -4.50400829 10.06192207
v 7.89345789 -4.58702326 10.22305107
v 7.69970942 -4.55029154 10.3155489
v 8.03218937 -4.52831602 10.10520554
v 7.84866858 -4.58571053 10.25166988
v 7.66426229 -4.52338982 10.32735634
v 8.11197567 -4.41276407 9.95672798
v 7.99621677 -4.54766846 10.14560223
v 7.80409527 -4.57807398 10.27629852
v 7.63386965 -4.49240685 10.33556557
v 8.09638882 -4.4456687 10.00480366
v 7.95639133 -4.56145573 10.18272495
v 7.76096487 -4.5643239 10.29688931
v 8.07405567 -4.47569132 10.0511055
v 7.91384268 -4.56923819 10.2162571
v 7.7204566 -4.54486132 10.31347466
v 8.04563808 -4.50189829 10.09511471
v 7.869771 -4.57076168 10.24596024
v 7.68366432 -4.5202651 10.32616234
v 8.11425686 -4.38161039 9.94482803
v 8.01196766 -4.52347326 10.13636017
v 7.82541418 -4.56596279 10.2716732
v 7.65156746 -4.49127626 10.33513355
v 8.10197449 -4.41540432 9.99324417
v 7.97401762 -4.53974199 10.17443085
v 7.7820096 -4.55497408 10.29331875
v 8.08273506 -4.4467535 10.04005241
v 7.9328804 -4.55019569 10.20898342
v 7.74075842 -4.53812075 10.31089973
v 8.05712605 -4.47468472 10.08472061
v 7.88973188 -4.55450201 10.23974991
v 7.70279312 -4.51591015 10.32449913
v 8.02591324 -4.49833012 10.12675667
v 7.84579897 -4.55252075 10.26653862
v 7.66914129 -4.48901939 10.33427143
v 8.10533619 -4.38485432 9.98157501
v 7.99001646 -4.51695585 10.16572762
v 7.80232191 -4.54430485 10.28924274
v 7.64069796 -4.45827627 10.34044075
v 8.08928013 -4.41733027 10.02881432
v 7.95048285 -4.52998352 10.20126343
v 7.76052094 -4.53010178 10.30783653
v 8.06659889 -4.44680214 10.07406998
v 7.90845871 -4.53700829 10.23306751
v 7.72155905 -4.51034641 10.32237339
v 8.03799057 -4.47235632 10.11683559
v 7.86515427 -4.5378108 10.26091957
v 7.68650961 -4.48564816 10.33298397
v 8.00431347 -4.49320269 10.15665436
v 7.82180738 -4.5323658 10.28468227
v 7.65632296 -4.45677567 10.33986759
v 8.09366035 -4.38755798 10.01744175
v 7.96656799 -4.50869656 10.1931324
v 7.77965117 -4.52084208 10.30429935
v 7.63180113 -4.42463446 10.34328747
v 8.07401371 -4.41838074 10.0632143
v 7.92586422 -4.51836109 10.22594452
v 7.73987484 -4.50359869 10.31979656
v 8.04814148 -4.44567347 10.10664368
v 7.88338947 -4.52190113 10.25484276
v 7.70359087 -4.48117733 10.33127594
v 8.01684189 -4.46859312 10.14725494
v 7.84037542 -4.51921225 10.27965832
v 7.67180157 -4.45428276 10.33891582
v 8.09585571 -4.35757589 10.00599003
v 7.98106003 -4.48643351 10.18462849
v 7.79806089 -4.51038361 10.30030537
v 7.64537096 -4.42376709 10.34295559
v 8.07933426 -4.38955259 10.05220318
v 7.9418664 -4.49864769 10.21841526
v 7.75765514 -4.49569941 10.31677914
v 8.05632019 -4.41840601 10.0962286
v 7.90042019 -4.50486612 10.24833584
v 7.72030592 -4.4756279 10.32915688
v 8.02754307 -4.44324255 10.13757133
v 7.85793924 -4.50490522 10.27419376
v 7.68706226 -4.45080853 10.33758831
v 7.99389267 -4.4632988 10.17579174
v 7.81566334 -4.49877644 10.29587173
v 7.65884638 -4.42203712 10.34229469
v 8.0825367 -4.36045265 10.04108715
v 7.95639133 -4.47796059 10.21051311
v 7.77481699 -4.48668528 10.31333637
v 7.63642645 -4.39023924 10.3435564
v 8.0624876 -4.39068031 10.08563805
v 7.91616678 -4.48678493 10.24142933
v 7.73657656 -4.46902561 10.32663441
v 8.03636742 -4.41726875 10.12765026
v 7.8744173 -4.48951197 10.26831436
v 7.70203304 -4.44636965 10.33589268
v 8.00500488 -4.43939972 10.16666317
v 7.83237648 -4.48607397 10.29101944
v 7.67216349 -4.41945171 10.34130764
v 7.96937132 -4.45639515 10.20227623
v 7.79128027 -4.47659779 10.30948257
v 7.64779949 -4.3891468 10.34313965
v 8.0666151 -4.36262608 10.07492256
v 7.93055582 -4.46774197 10.23415565
v 7.75232649 -4.46140146 10.32372284
v 7.62960577 -4.35644579 10.34170437
v 8.04327393 -4.39079285 10.1175375
v 7.88973188 -4.47310448 10.26204681
v 7.71664524 -4.44098663 10.33383656
v 8.01434517 -4.41484785 10.15728569
v 7.84812307 -4.47233582 10.28577232
v 7.68526125 -4.41602373 10.33999825
v 7.98074579 -4.43405294 10.1937418
v 7.80696821 -4.46548462 10.30523777
v 7.65906668 -4.38733196 10.34244633
v 8.06868362 -4.33437395 10.06413078
v 7.94352055 -4.44782639 10.22654915
v 7.76748323 -4.45279121 10.32043362
v 7.63879538 -4.35585833 10.34148026
v 8.04823112 -4.36393881 10.10727978
v 7.90381289 -4.45575857 10.25542164
v 7.73082972 -4.43468475 10.33142948
v 8.02187061 -4.38975811 10.14770222
v 7.86282969 -4.45762587 10.28015327
v 7.69807768 -4.41176844 10.33837318
v 7.99046135 -4.41103745 10.18495083
v 7.82180738 -4.4533968 10.30062103
v 7.6701746 -4.3848033 10.34148026
v 7.95499992 -4.4271307 10.21864414
v 7.78197575 -4.44323492 10.31678391
v 7.64792061 -4.35468674 10.34103298
v 8.05121422 -4.33683109 10.09692574
v 7.91659355 -4.43755579 10.2484684
v 7.74452114 -4.42749357 10.3286829
v 7.63194227 -4.32242632 10.33736324
v 8.02754498 -4.36424685 10.13795757
v 7.87642717 -4.44201279 10.27418995
v 7.71055317 -4.40670633 10.33643913
v 7.99847269 -4.38745642 10.17594337
v 7.8357296 -4.44039154 10.29565334
v 7.68107224 -4.38157225 10.3402462
v 7.96494055 -4.40575123 10.21047783
v 7.79573631 -4.43277693 10.31278896
v 7.65693903 -4.35293579 10.34036446
v 7.92801428 -4.41858053 10.24122047
v 7.75765514 -4.41944599 10.32560921
v 7.63885212 -4.32176256 10.33711052
v 8.03134346 -4.33843327 10.12809753
v 7.88885212 -4.42556906 10.26790905
v 7.72263002 -4.40086031 10.33420658
v 7.62732458 -4.28911114 10.33084774
v 8.00474358 -4.36341953 10.16676235
v 7.84866858 -4.42652893 10.29035854
v 7.69170809 -4.37765408 10.33874989
v 7.97329617 -4.38378811 10.20208836
v 7.80870056 -4.42146587 10.30846882
v 7.66580868 -4.35061455 10.33947754
v 7.93802261 -4.39892149 10.23371124
v 7.77017069 -4.41057968 10.32222271
v 7.64569712 -4.32066011 10.336689
v 8.03324699 -4.31243753 10.11816883
v 7.9000473 -4.40837145 10.26134014
v 7.73425198 -4.3942585 10.33168411
v 7.6319623 -4.28881454 10.33073425
v 8.00924301 -4.33903933 10.15744972
v 7.86056519 -4.41187382 10.28476048
v 7.70203304 -4.3730669 10.33699799
v 7.98002815 -4.36134338 10.19351578
v 7.82080841 -4.40935516 10.30384254
v 7.67448807 -4.34773302 10.338377
v 7.94657183 -4.37866974 10.22597599
v 7.7820096 -4.4009366 10.31853867
v 7.65244579 -4.31912374 10.33610249
v 7.90995979 -4.39050007 10.25451374
v 7.74536419 -4.38693094 10.32888603
v 7.63656807 -4.28822327 10.33050919
v 8.01195145 -4.31442881 10.14804935
v 7.87136364 -4.39649439 10.27888584
v 7.71199894 -4.36783218 10.33499813
v 7.6273284 -4.25610161 10.32197666
v 7.98510456 -4.33852196 10.18479824
v 7.83200359 -4.39650059 10.29893303
v 7.68293667 -4.34430456 10.3370676
v 7.95362091 -4.35792065 10.21805096
v 7.79311609 -4.3905611 10.31457615
v 7.65906668 -4.31716108 10.33535194
v 7.91854382 -4.37203884 10.24746227
v 7.75591516 -4.37891197 10.32582283
v 7.64111948 -4.28733969 10.33017159
v 7.88101292 -4.38046217 10.2727623
v 7.72155905 -4.36197472 10.33276081
v 7.6296463 -4.25587893 10.32189178
v 7.98850203 -4.31543016 10.17597771
v 7.84223318 -4.38296223 10.29376125
v 7.6911149 -4.34034586 10.33555508
v 7.95913839 -4.33677053 10.20997238
v 7.80343866 -4.37950182 10.31035137
v 7.66552877 -4.31478024 10.33444309
v 7.92575932 -4.35307312 10.24021816
v 7.76585627 -4.37023878 10.32250977
v 7.64559603 -4.2861681 10.32972336
v 7.88946867 -4.3638525 10.26641846
v 7.73066902 -4.3555212 10.33029556
v 7.63194227 -4.2555089 10.32175064
v 7.99020481 -4.29217529 10.16709518
v 7.85145044 -4.36880302 10.28835297
v 7.6989851 -4.33587503 10.33384705
v 7.96309805 -4.31531811 10.20177746
v 7.81292963 -4.36781025 10.30588627
v 7.67180157 -4.3119936 10.33337879
v 7.93157196 -4.33369207 10.23281479
v 7.77514029 -4.36095285 10.31896305
v 7.64997673 -4.28471375 10.32916832
v 7.8966918 -4.34674215 10.25988293
v 7.73928642 -4.34850168 10.32761478
v 7.63420582 -4.25499392 10.32155323
v 7.85961151 -4.35408926 10.28273296
v 7.70651054 -4.33091259 10.3319521
v 7.9654808 -4.29366302 10.19350624
v 7.82154417 -4.35554075 10.30119896
v 7.67785645 -4.3088131 10.33216381
v 7.935956 -4.31398535 10.22528744
v 7.78372383 -4.35109615 10.31519794
v 7.65424061 -4.2829833 10.32850742
v 7.90264797 -4.32921171 10.25318623
v 7.7473712 -4.34094954 10.32472992
v 7.63642645 -4.2543354 10.32130241
v 7.86667871 -4.33889008 10.27692699
v 7.71365595 -4.32548237 10.32987785
v 7.82924271 -4.34275055 10.29631424
v 7.68366432 -4.30525446 10.33080482
v 7.9388895 -4.29404497 10.21767139
v 7.7915678 -4.34071541 10.31123257
v 7.65836811 -4.28098536 10.32774448
v 7.90730906 -4.31134224 10.24636078
v 7.75488472 -4.33289957 10.32165527
v 7.63859415 -4.2535367 10.32099724
v 7.87261915 -4.32327557 10.27096272
v 7.72038746 -4.31960917 10.32763481
v 7.83598852 -4.32949972 10.29125309
v 7.68919945 -4.30133343 10.3293066
v 7.94036007 -4.27396441 10.21000099
v 7.79863548 -4.32985878 10.30708599
v 7.66234064 -4.27872896 10.32688236
v 7.91065454 -4.29321718 10.23943806
v 7.76179314 -4.32438898 10.3184042
v 7.64069796 -4.2526021 10.32064056
v 7.87740517 -4.30731821 10.26486778
v 7.72667456 -4.31332064 10.32523251
v 7.84175062 -4.31584978 10.2860384
v 7.69443464 -4.2970686 10.32767773
v 7.80489302 -4.31857681 10.30277634
v 7.66613865 -4.27622461 10.32592583
v 7.91266775 -4.27492094 10.23244953
v 7.76806402 -4.3154583 10.3149929
v 7.64272881 -4.25153542 10.32023239
v 7.88101435 -4.29109335 10.25867081
v 7.73248768 -4.30664539 10.32268238
v 7.8465023 -4.30186415 10.28069687
v 7.69934654 -4.29248047 10.32592487
v 7.81031179 -4.30692244 10.29832554
v 7.66974449 -4.27348375 10.32487869
v 7.77366734 -4.30614853 10.31143665
v 7.64467716 -4.25034189 10.31977654
v 7.88343 -4.27467632 10.2524004
v 7.73779964 -4.29961586 10.31999779
v 7.85022116 -4.28760815 10.27525139
v 7.70391178 -4.28758955 10.32405663
v 7.81486702 -4.29494953 10.29375172
v 7.67314196 -4.27051973 10.32374668
v 7.7785778 -4.29650307 10.30775261
v 7.64653349 -4.24902678 10.3192749
v 7.88464069 -4.2581439 10.24608517
v 7.74258566 -4.29226351 10.31718922
v 7.85289001 -4.27314806 10.26972866
v 7.7081089 -4.2824192 10.32208252
v 7.81853676 -4.28271389 10.28907871
v 7.67631531 -4.26734591 10.32253456
v 7.78277206 -4.28656721 10.30395794
v 7.64828968 -4.24759626 10.31872845
v 7.74682331 -4.28462362 10.31427097
v 7.85449648 -4.25855207 10.26415253
v 7.71191835 -4.27699327 10.32000923
v 7.82130432 -4.27027321 10.28432655
v 7.67924929 -4.26397705 10.3212471
v 7.78623056 -4.27638721 10.30006886
v 7.64993715 -4.24605703 10.31814003
v 7.75049305 -4.27673101 10.31125641
v 7.71532297 -4.27133703 10.31784916
v 7.82315636 -4.25768518 10.27951813
v 7.68193007 -4.26042891 10.31989193
v 7.78893757 -4.26601028 10.29610538
v 7.65146828 -4.24441671 10.31751347
v 7.75357771 -4.26862288 10.30815983
v 7.71830606 -4.26547718 10.31561089
v 7.82408428 -4.24500847 10.27467632
v 7.68434572 -4.25671816 10.31847477
v 7.7908802 -4.25548506 10.29208565
v 7.6528759 -4.24268246 10.31685162
v 7.75606298 -4.26033735 10.30499458
v 7.72085428 -4.25944042 10.3133049
v 7.68648434 -4.25286245 10.3170023
v 7.79204941 -4.24486017 10.28802681
v 7.65415382 -4.24086237 10.31615639
v 7.75793695 -4.25191259 10.30177689
v 7.7229557 -4.25325537 10.31094265
v 7.68833637 -4.24887896 10.31548023
v 7.65529585 -4.23896551 10.31543159
v 7.75919104 -4.2433877 10.29852009
v 7.72460032 -4.2469511 10.30853462
v 7.68989325 -4.24478674 10.31391716
v 7.65629625 -4.23699951 10.31468105
v 7.75981998 -4.2348032 10.29524136
v 7.72578049 -4.24055672 10.30609226
v 7.69114733 -4.24060488 10.31232071
v 7.65715122 -4.23497486 10.31390762
v 7.72649097 -4.23410177 10.30362606
v 7.69209337 -4.23635292 10.3106966
v 7.65785599 -4.23290062 10.31311512
v 7.69272661 -4.23205042 10.30905247
v 7.65840769 -4.23078585 10.31230736
v 7.69304371 -4.22771788 10.30739784
v 7.65880346 -4.22864103 10.31148815
v 7.65904188 -4.22647572 10.31066132
v -8.12439728 -9.86675167 -4.39354181
v -8.12259197 -9.88961506 -4.38480854
v -8.1195879 -9.91236877 -4.37611723
v -8.11539268 -9.93495655 -4.36748934
v -8.11001587 -9.95732498 -4.35894537
v -8.10346985 -9.97942066 -4.35050583
v -8.09577179 -10.00118923 -4.34219074
v -8.08693981 -10.02257919 -4.33402061
v -8.0769949 -10.04353809 -4.32601547
v -8.06596088 -10.06401539 -4.31819344
v -8.05386448 -10.08396339 -4.31057405
v -8.04073524 -10.10333157 -4.30317593
v -8.0266037 -10.12207603 -4.29601669
v -8.01150513 -10.14014912 -4.28911304
v -7.99547577 -10.15750885 -4.28248215
v -7.9785533 -10.17411232 -4.27614021
v -7.96077967 -10.18992043 -4.27010202
v -7.94219685 -10.20489502 -4.26438236
v -7.92284966 -10.21899986 -4.25899458
v -7.9027853 -10.23220062 -4.2539525
v -7.88205147 -10.24446583 -4.24926758
v -7.86069822 -10.25576591 -4.24495125
v -7.83877754 -10.26607323 -4.241014
v -7.81634188 -10.27536392 -4.23746538
v -7.79344511 -10.28361511 -4.23431396
v -7.77014256 -10.29080677 -4.23156691
v -7.74649 -10.29692078 -4.22923136
v -7.72254515 -10.30194378 -4.22731304
v -7.69836521 -10.30586338 -4.22581577
v -7.67400837 -10.30867004 -4.22474384
v -7.64953375 -10.31035614 -4.22409964
v -8.12439728 -9.85258675 -4.42521477
v -8.12259197 -9.8613205 -4.44807816
v -8.1195879 -9.87001133 -4.47083139
v -8.11539268 -9.87863922 -4.49341965
v -8.11001587 -9.88718319 -4.51578856
v -8.10346985 -9.89562225 -4.53788376
v -8.09577179 -9.90393734 -4.55965233
v -8.08693981 -9.91210747 -4.58104181
v -8.0769949 -9.92011356 -4.60200071
v -8.06596088 -9.92793465 -4.62247849
v -8.05386448 -9.9355545 -4.64242601
v -8.04073524 -9.94295216 -4.66179514
v -8.0266037 -9.95011234 -4.68053865
v -8.01150513 -9.95701504 -4.69861221
v -7.99547577 -9.96364594 -4.71597147
v -7.9785533 -9.96998882 -4.73257542
v -7.96077967 -9.97602654 -4.748384
v -7.94219685 -9.98174667 -4.76335812
v -7.92284966 -9.98713398 -4.77746296
v -7.9027853 -9.99217606 -4.79066372
v -7.88205147 -9.9968605 -4.80292892
v -7.86069822 -10.00117683 -4.81422901
v -7.83877754 -10.00511456 -4.8245368
v -7.81634188 -10.00866318 -4.83382702
v -7.79344511 -10.01181412 -4.84207821
v -7.77014256 -10.01456165 -4.84926939
v -7.74649 -10.0168972 -4.85538387
v -7.72254515 -10.01881599 -4.86040688
v -7.69836521 -10.02031231 -4.86432648
v -7.67400837 -10.02138424 -4.86713266
v -7.64953375 -10.02202892 -4.86881924
v 8.12439728 -9.85258675 -4.42521477
v 8.12259197 -9.8613205 -4.44807816
v 8.1195879 -9.87001133 -4.47083139
v 8.11539268 -9.87863922 -4.49341965
v 8.11001587 -9.88718319 -4.51578856
v 8.10346985 -9.89562225 -4.53788376
v 8.09577179 -9.90393734 -4.55965233
v 8.08693981 -9.91210747 -4.58104181
v 8.0769949 -9.92011356 -4.60200071
v 8.06596088 -9.92793465 -4.62247849
v 8.05386448 -9.9355545 -4.64242601
v 8.04073524 -9.94295216 -4.66179514
v 8.0266037 -9.95011234 -4.68053865
v 8.01150513 -9.95701504 -4.69861221
v 7.99547577 -9.96364594 -4.71597147
v 7.9785533 -9.96998882 -4.73257542
v 7.96077967 -9.97602654 -4.748384
v 7.94219685 -9.98174667 -4.76335812
v 7.92284966 -9.98713398 -4.77746296
v 7.9027853 -9.99217606 -4.79066372
v 7.88205147 -9.9968605 -4.80292892
v 7.86069822 -10.00117683 -4.81422901
v 7.83877754 -10.00511456 -4.8245368
v 7.81634188 -10.00866318 -4.83382702
v 7.79344511 -10.01181412 -4.84207821
v 7.77014256 -10.01456165 -4.84926939
v 7.74649 -10.0168972 -4.85538387
v 7.72254515 -10.01881599 -4.86040688
v 7.69836521 -10.02031231 -4.86432648
v 7.67400837 -10.02138424 -4.86713266
v 7.64953375 -10.02202892 -4.86881924
v 8.12439728 -9.86675167 -4.39354181
v 8.12259197 -9.88961506 -4.38480854
v 8.1195879 -9.91236877 -4.37611723
v 8.11539268 -9.93495655 -4.36748934
v 8.11001587 -9.95732498 -4.35894537
v 8.10346985 -9.97942066 -4.35050583
v 8.09577179 -10.00118923 -4.34219074
v 8.08693981 -10.02257919 -4.33402061
v 8.0769949 -10.04353809 -4.32601547
v 8.06596088 -10.06401539 -4.31819344
v 8.05386448 -10.08396339 -4.31057405
v 8.04073524 -10.10333157 -4.30317593
v 8.0266037 -10.12207603 -4.29601669
v 8.01150513 -10.14014912 -4.28911304
v 7.99547577 -10.15750885 -4.28248215
v 7.9785533 -10.17411232 -4.27614021
v 7.96077967 -10.18992043 -4.27010202
v 7.94219685 -10.20489502 -4.26438236
v 7.92284966 -10.21899986 -4.25899458
v 7.9027853 -10.23220062 -4.2539525
v 7.88205147 -10.24446583 -4.24926758
v 7.86069822 -10.25576591 -4.24495125
v 7.83877754 -10.26607323 -4.241014
v 7.81634188 -10.27536392 -4.23746538
v 7.79344511 -10.28361511 -4.23431396
v 7.77014256 -10.29080677 -4.23156691
v 7.74649 -10.29692078 -4.22923136
v 7.72254515 -10.30194378 -4.22731304
v 7.69836521 -10.30586338 -4.22581577
v 7.67400837 -10.30867004 -4.22474384
v 7.64953375 -10.31035614 -4.22409964
v -7.625 -10.04494762 -4.86006498
v -7.625 -10.31911087 -4.24701834
v -7.65912104 -10.0376339 -4.86194468
v -7.625 -10.06716728 -4.84964561
v -7.65912104 -10.06854916 -4.84764767
v -7.625 -10.08884811 -4.83814812
v -7.65912104 -10.09841728 -4.83127403
v -7.625 -10.10993958 -4.82560062
v -7.69308329 -10.05174828 -4.85189104
v -7.65912104 -10.12709808 -4.81290054
v -7.625 -10.13038921 -4.81203365
v -7.625 -10.15014935 -4.79747963
v -7.69308329 -10.08194447 -4.83665419
v -7.72672796 -10.03402328 -4.85338211
v -7.65912104 -10.154459 -4.79261255
v -7.625 -10.16917133 -4.78197336
v -7.69308329 -10.11103153 -4.8193922
v -7.72672796 -10.06436348 -4.83935165
v -7.65912104 -10.18037033 -4.77050495
v -7.625 -10.1874094 -4.76555204
v -7.69308329 -10.13887215 -4.80018568
v -7.72672796 -10.09367466 -4.8232832
v -7.75989819 -10.04592037 -4.83928871
v -7.65912104 -10.20471382 -4.74668026
v -7.625 -10.20481968 -4.74825621
v -7.625 -10.22136021 -4.73012686
v -7.69308329 -10.16533756 -4.77912378
v -7.72672796 -10.1218214 -4.8052516
v -7.75989819 -10.07527065 -4.8244791
v -7.65912104 -10.22737408 -4.72125006
v -7.625 -10.23699093 -4.71120739
v -7.79243994 -10.02687073 -4.83641672
v -7.69308329 -10.1903038 -4.75630522
v -7.72672796 -10.1486721 -4.78534174
v -7.75989819 -10.10354233 -4.80770111
v -7.625 -10.25167561 -4.69154406
v -7.65912104 -10.24824619 -4.6943326
v -7.625 -10.26537704 -4.67118359
v -7.79243994 -10.05606937 -4.82291365
v -7.69308329 -10.21365452 -4.73183584
v -7.72672796 -10.17410183 -4.76364565
v -7.75989819 -10.13060284 -4.78903294
v -7.65912104 -10.26723289 -4.66605377
v -7.625 -10.27806282 -4.65017557
v -7.79243994 -10.08427811 -4.80744982
v -7.69308329 -10.23528099 -4.7058301
v -7.82420063 -10.03632832 -4.81854677
v -7.72672796 -10.19799137 -4.74026489
v -7.75989819 -10.15632534 -4.76856136
v -7.65912104 -10.28424549 -4.63654518
v -7.625 -10.28970242 -4.62857056
v -7.79243994 -10.11136627 -4.79009676
v -7.69308329 -10.25508213 -4.6784091
v -7.82420063 -10.06428528 -4.80444002
v -7.72672796 -10.22022915 -4.71530867
v -7.85503244 -10.01630783 -4.81136465
v -7.75989819 -10.18059254 -4.74638224
v -7.625 -10.30026817 -4.60642004
v -7.65912104 -10.29920387 -4.60594416
v -7.625 -10.30973434 -4.5837779
v -7.79243994 -10.13720703 -4.77093554
v -7.69308329 -10.27296638 -4.64970064
v -7.82420063 -10.09121418 -4.78845835
v -7.72672796 -10.24071312 -4.68889236
v -7.85503244 -10.04382133 -4.79864073
v -7.75989819 -10.20328808 -4.72259903
v -7.65912104 -10.31204033 -4.57439375
v -7.625 -10.31807804 -4.56069851
v -7.79243994 -10.16168022 -4.75005531
v -7.69308329 -10.28884888 -4.61983871
v -7.82420063 -10.11699009 -4.77067614
v -7.72672796 -10.25934505 -4.66114044
v -7.85503244 -10.0704031 -4.78406906
v -7.75989819 -10.22430897 -4.69732189
v -7.88479185 -10.02314949 -4.79005003
v -7.65912104 -10.32269287 -4.54204082
v -7.625 -10.32527924 -4.53723764
v -7.79243994 -10.1846714 -4.72755384
v -7.69308329 -10.30265713 -4.58896255
v -7.82420063 -10.14149284 -4.75117636
v -7.72672796 -10.27604103 -4.63218117
v -7.85503244 -10.09592819 -4.76771736
v -7.75989819 -10.24355507 -4.67066956
v -7.88479185 -10.04919338 -4.77690935
v -7.625 -10.33132076 -4.51345158
v -7.65912104 -10.33111286 -4.50903654
v -7.625 -10.33618736 -4.489398
v -7.79243994 -10.20607281 -4.70353603
v -7.91334009 -10.00253201 -4.77869225
v -7.69308329 -10.31432629 -4.55721617
v -7.82420063 -10.16460705 -4.73005009
v -7.72672796 -10.29072094 -4.60215044
v -7.85503244 -10.1202774 -4.74966192
v -7.75989819 -10.26093769 -4.642766
v -7.88479185 -10.07427883 -4.76202154
v -7.65912104 -10.3372612 -4.47553444
v -7.625 -10.33986855 -4.46513414
v -7.79243994 -10.22578621 -4.67811394
v -7.91334009 -10.02784824 -4.76698494
v -7.69308329 -10.32380199 -4.52474737
v -7.82420063 -10.18622589 -4.70739555
v -7.72672796 -10.30331802 -4.57118797
v -7.85503244 -10.1433382 -4.72998714
v -7.75989819 -10.27637577 -4.6137414
v -7.88479185 -10.09829044 -4.7454567
v -7.625 -10.34235382 -4.44071913
v -7.65912104 -10.34110928 -4.44169092
v -7.625 -10.34363937 -4.41621161
v -7.79243994 -10.24371815 -4.65140533
v -7.91334009 -10.05230713 -4.75357723
v -7.69308329 -10.33103943 -4.4917078
v -7.82420063 -10.20624924 -4.68331814
v -7.94054413 -10.00663185 -4.75433064
v -7.72672796 -10.3137722 -4.53943777
v -7.85503244 -10.16500282 -4.7087841
v -7.75989819 -10.28979683 -4.5837307
v -7.88479185 -10.12111473 -4.72729206
v -7.65912104 -10.34263802 -4.40766382
v -7.625 -10.34371948 -4.3916707
v -7.79243994 -10.25978565 -4.62353563
v -7.91334009 -10.07579327 -4.73853111
v -7.69308329 -10.33600521 -4.458251
v -7.82420063 -10.22458172 -4.65793085
v -7.94054413 -10.03027534 -4.74240017
v -7.72672796 -10.32203579 -4.50704813
v -7.85503244 -10.18516922 -4.68615246
v -7.96627665 -9.98580074 -4.73900843
v -7.75989819 -10.30113888 -4.55287409
v -7.88479185 -10.14264774 -4.70761204
v -7.65912104 -10.3418417 -4.37361145
v -7.625 -10.34259605 -4.36715508
v -7.79243994 -10.27391434 -4.59463406
v -7.91334009 -10.09819794 -4.72191811
v -7.69308329 -10.33867645 -4.42453384
v -7.82420063 -10.24113941 -4.63135195
v -7.94054413 -10.05305004 -4.72888422
v -7.72672796 -10.32806969 -4.47417021
v -7.85503244 -10.20374489 -4.66219711
v -7.96627665 -10.00844765 -4.72853518
v -7.75989819 -10.31034851 -4.5213151
v -7.88479185 -10.16278648 -4.68650818
v -7.625 -10.340271 -4.34272432
v -7.65912104 -10.33872318 -4.33969307
v -7.625 -10.33675003 -4.3184371
v -7.79243994 -10.28603745 -4.56483603
v -7.91334009 -10.11941624 -4.70381451
v -7.69308329 -10.3390398 -4.39071274
v -7.82420063 -10.25584412 -4.60370493
v -7.94054413 -10.07485008 -4.71384525
v -7.72672796 -10.33184528 -4.44095707
v -7.85503244 -10.22064209 -4.63702965
v -7.96627665 -10.03032684 -4.71654129
v -7.75989819 -10.31738281 -4.48920155
v -7.88479185 -10.18143845 -4.66407967
v -7.99041796 -9.98708057 -4.7120533
v -7.65912104 -10.33329773 -4.30606651
v -7.625 -10.33204174 -4.29435158
v -7.79243994 -10.29609871 -4.53427982
v -7.91334009 -10.13935089 -4.68430471
v -7.69308329 -10.33709526 -4.35694551
v -7.82420063 -10.26862812 -4.57511854
v -7.94054413 -10.09557247 -4.69735384
v -7.72672796 -10.33334637 -4.40756369
v -7.85503244 -10.23578167 -4.61076832
v -7.96627665 -10.05133724 -4.70308161
v -7.75989819 -10.32220936 -4.45668268
v -7.88479185 -10.19851589 -4.64043045
v -7.99041796 -10.00788498 -4.70155573
v -7.625 -10.32615662 -4.27052641
v -7.65912104 -10.32558918 -4.27288866
v -7.79243994 -10.30405045 -4.5031085
v -7.91334009 -10.15790653 -4.66348076
v -8.01285553 -9.96642399 -4.69305229
v -7.69308329 -10.33285046 -4.32338953
v -7.82420063 -10.2794323 -4.54572678
v -7.94054413 -10.11512089 -4.67948675
v -7.72672796 -10.33256435 -4.37414598
v -7.85503244 -10.24909496 -4.58353472
v -7.96627665 -10.07137966 -4.68822002
v -7.75989819 -10.32480621 -4.42391062
v -7.88479185 -10.21393967 -4.61567068
v -7.99041796 -10.02792454 -4.68966293
v -7.65912104 -10.31563568 -4.24031401
v -7.79243994 -10.30985737 -4.47146702
v -7.91334009 -10.17499828 -4.64143848
v -8.01285553 -9.98598003 -4.6840086
v -7.69308329 -10.32632542 -4.29020214
v -7.82420063 -10.28820419 -4.51566601
v -7.94054413 -10.13340473 -4.66032696
v -7.72672796 -10.32950401 -4.34085941
v -7.85503244 -10.26051807 -4.55545616
v -7.96627665 -10.0903616 -4.67202473
v -7.75989819 -10.32516003 -4.39103746
v -7.88479185 -10.22763824 -4.58991623
v -7.99041796 -10.04710579 -4.67643023
v -7.79243994 -10.31349182 -4.43950319
v -7.91334009 -10.19054604 -4.61828136
v -8.01285553 -10.00487328 -4.67365122
v -7.69308329 -10.31755161 -4.25753689
v -7.82420063 -10.29490566 -4.48507643
v -7.94054413 -10.15033817 -4.63996458
v -8.03348541 -9.96486092 -4.66400623
v -7.72672796 -10.32417965 -4.30785894
v -7.85503244 -10.2699995 -4.5266633
v -7.96627665 -10.1081934 -4.65457249
v -7.75989819 -10.32326889 -4.35821676
v -7.88479185 -10.23954678 -4.56328726
v -7.99041796 -10.06534004 -4.66191912
v -7.79243994 -10.31493568 -4.4073658
v -7.91334009 -10.20447731 -4.59411764
v -8.01285553 -10.02301598 -4.66202879
v -7.82420063 -10.29950333 -4.45410109
v -7.94054413 -10.16584301 -4.61849356
v -8.03348541 -9.98243809 -4.65513659
v -7.72672796 -10.3166151 -4.27529907
v -7.85503244 -10.27749252 -4.49729061
v -7.96627665 -10.12479305 -4.63594389
v -8.05220985 -9.94476414 -4.64167976
v -7.75989819 -10.3191433 -4.32560158
v -7.88479185 -10.2496109 -4.53590727
v -7.99041796 -10.08254051 -4.6461978
v -7.79243994 -10.31418324 -4.37520456
v -7.91334009 -10.2167263 -4.5690589
v -8.01285553 -10.04032326 -4.64919567
v -7.82420063 -10.3019762 -4.42288446
v -7.94054413 -10.17984581 -4.59601498
v -8.03348541 -9.99936962 -4.64508867
v -7.72672796 -10.30684662 -4.24333143
v -7.85503244 -10.28296471 -4.46747541
v -7.96627665 -10.14008331 -4.61622572
v -8.05220985 -9.96086502 -4.63423395
v -7.75989819 -10.31280136 -4.29334402
v -7.88479185 -10.25778294 -4.50790453
v -7.99041796 -10.098629 -4.62933922
v -7.79243994 -10.31123829 -4.34317017
v -7.91334009 -10.2272377 -4.5432229
v -8.01285553 -10.05671406 -4.63521099
v -7.82420063 -10.30231285 -4.39157152
v -7.94054413 -10.19228268 -4.57263279
v -8.03348541 -10.01557541 -4.63390827
v -7.85503244 -10.2863884 -4.437356
v -7.96627665 -10.1539917 -4.59551001
v -8.05220985 -9.9764204 -4.62570667
v -7.75989819 -10.30427361 -4.2615943
v -7.88479185 -10.26402473 -4.47940922
v -7.99041796 -10.11352921 -4.61142206
v -8.06894302 -9.94038677 -4.61108351
v -7.79243994 -10.3061142 -4.3114109
v -7.91334009 -10.23596096 -4.51673031
v -8.01285553 -10.07211208 -4.62014055
v -7.82420063 -10.30051231 -4.36030865
v -7.94054413 -10.20309448 -4.54845667
v -8.03348541 -10.03098106 -4.62164831
v -7.85503244 -10.28774929 -4.40707302
v -7.96627665 -10.16645432 -4.57389355
v -8.05220985 -9.99135685 -4.61613798
v -7.88479185 -10.26830769 -4.45055485
v -7.99041796 -10.12717152 -4.59252977
v -8.06894302 -9.9544096 -4.60400772
v -7.79243994 -10.29883385 -4.28007555
v -7.91334009 -10.24285603 -4.48970366
v -8.01285553 -10.08644676 -4.60405445
v -8.08360577 -9.92122364 -4.58584833
v -7.82420063 -10.29658222 -4.32924175
v -7.94054413 -10.21223164 -4.52359915
v -8.03348541 -10.04551411 -4.60836554
v -7.85503244 -10.28704071 -4.37676811
v -7.96627665 -10.17741203 -4.55147696
v -8.05220985 -10.0056057 -4.60557222
v -7.88479185 -10.27061176 -4.42147493
v -7.99041796 -10.13949299 -4.57275057
v -8.06894302 -9.96791744 -4.59599161
v -7.79243994 -10.28943253 -4.24931002
v -7.91334009 -10.24789143 -4.46226931
v -8.01285553 -10.09964943 -4.58702755
v -8.08360577 -9.93356895 -4.58013916
v -7.82420063 -10.29054165 -4.29851532
v -7.94054413 -10.21965027 -4.4981761
v -8.03348541 -10.05910683 -4.59412193
v -7.85503244 -10.28426552 -4.34658194
v -7.96627665 -10.18681526 -4.52836514
v -8.05220985 -10.01910114 -4.59405851
v -7.88479185 -10.27092552 -4.39230585
v -7.99041796 -10.15043545 -4.55217648
v -8.06894302 -9.98084641 -4.5870719
v -7.91334009 -10.25104141 -4.43455553
v -8.01285553 -10.11166 -4.569139
v -8.08360577 -9.94549656 -4.57360077
v -7.82420063 -10.28241825 -4.26827288
v -7.94054413 -10.225317 -4.47230577
v -8.03348541 -10.07169533 -4.57898378
v -8.09613037 -9.914114 -4.5542717
v -7.85503244 -10.27943707 -4.31665564
v -7.96627665 -10.19461823 -4.50466537
v -8.05220985 -10.03177929 -4.58165073
v -7.88479185 -10.26924801 -4.3631835
v -7.99041796 -10.1599493 -4.53090382
v -8.06894302 -9.99313641 -4.57729101
v -7.91334009 -10.25229359 -4.40669155
v -8.01285553 -10.12242126 -4.55047321
v -8.08360577 -9.95695019 -4.5662632
v -7.94054413 -10.22920609 -4.44610929
v -8.03348541 -10.08322144 -4.56302214
v -8.09613037 -9.92432117 -4.5491209
v -7.85503244 -10.27257729 -4.28712845
v -7.96627665 -10.20078659 -4.48048782
v -8.05220985 -10.04358006 -4.56840658
v -8.10645866 -9.89624214 -4.5265975
v -7.88479185 -10.26558685 -4.3342433
v -7.99041796 -10.16798878 -4.5090313
v -8.06894302 -10.00473022 -4.56669426
v -7.91334009 -10.25164223 -4.37880707
v -8.01285553 -10.13188362 -4.53111601
v -8.08360577 -9.96787548 -4.55816174
v -7.94054413 -10.23129749 -4.41970825
v -8.03348541 -10.09363174 -4.5463109
v -8.09613037 -9.93415356 -4.54328632
v -7.85503244 -10.26371765 -4.25813866
v -7.96627665 -10.20529079 -4.45594645
v -8.05220985 -10.05445004 -4.55438805
v -8.10645866 -9.90460205 -4.52273083
v -7.88479185 -10.25996017 -4.30562019
v -7.99041796 -10.17451668 -4.48666143
v -8.06894302 -10.01557446 -4.55533123
v -7.91334009 -10.24908829 -4.35103178
v -8.01285553 -10.1400032 -4.51115847
v -8.08360577 -9.97822285 -4.54933357
v -7.94054413 -10.23158264 -4.39322615
v -8.03348541 -10.10287762 -4.52892828
v -8.09613037 -9.94356441 -4.53679371
v -7.96627665 -10.2081089 -4.43115473
v -8.05220985 -10.06433868 -4.53966045
v -8.10645866 -9.91267967 -4.51830339
v -7.88479185 -10.25239277 -4.27744818
v -7.99041796 -10.17950344 -4.46389818
v -8.06894302 -10.0256176 -4.54325438
v -8.11454201 -9.88653183 -4.49462843
v -7.91334009 -10.24464512 -4.32349586
v -8.01285553 -10.14674187 -4.49069309
v -8.08360577 -9.98794365 -4.53981972
v -7.94054413 -10.23005962 -4.36678648
v -8.03348541 -10.11091518 -4.51095486
v -8.09613037 -9.95250988 -4.52967405
v -7.96627665 -10.20922947 -4.40622807
v -8.05220985 -10.07319832 -4.52429247
v -8.10645866 -9.92043591 -4.51333427
v -7.99041796 -10.18292522 -4.4408474
v -8.06894302 -10.03481293 -4.53051996
v -8.11454201 -9.89273357 -4.49149942
v -7.91334009 -10.23833275 -4.29632711
v -8.01285553 -10.15206814 -4.46981621
v -8.08360577 -9.99699306 -4.52966452
v -8.12034321 -9.87028313 -4.46503067
v -7.94054413 -10.22673607 -4.3405118
v -8.03348541 -10.11770821 -4.49247551
v -8.09613037 -9.9609499 -4.52196074
v -7.96627665 -10.20864582 -4.38128328
v -8.05220985 -10.08098888 -4.50835562
v -8.10645866 -9.92783451 -4.50784826
v -7.99041796 -10.18476486 -4.41761684
v -8.06894302 -10.04311848 -4.51718807
v -8.11454201 -9.89870739 -4.48795462
v -7.91334009 -10.23018169 -4.26965237
v -8.01285553 -10.15595722 -4.44862366
v -8.08360577 -10.00532818 -4.51891565
v -8.12034321 -9.87450314 -4.46307945
v -7.94054413 -10.22162724 -4.3145256
v -8.03348541 -10.1232233 -4.47357512
v -8.09613037 -9.96884251 -4.51368952
v -7.96627665 -10.20636177 -4.35643673
v -8.05220985 -10.08767414 -4.49192381
v -8.10645866 -9.93484211 -4.50186968
v -7.99041796 -10.18501568 -4.39431524
v -8.06894302 -10.05049419 -4.50332069
v -8.11454201 -9.90442467 -4.48400974
v -8.01285553 -10.158391 -4.42721558
v -8.08360577 -10.01290989 -4.50762272
v -8.12034321 -9.87858009 -4.46084499
v -7.94054413 -10.21475697 -4.28894901
v -8.03348541 -10.12743664 -4.45434284
v -8.09613037 -9.97615337 -4.50489902
v -8.12383461 -9.8581543 -4.43326569
v -7.96627665 -10.20238686 -4.3318038
v -8.05220985 -10.09322166 -4.47507477
v -8.10645866 -9.94142437 -4.49542665
v -7.99041796 -10.18367577 -4.37105083
v -8.06894302 -10.0569067 -4.4889822
v -8.11454201 -9.90985966 -4.47968435
v -8.01285553 -10.15935802 -4.40569162
v -8.08360577 -10.01970387 -4.49583912
v -8.12034321 -9.88249397 -4.45833731
v -8.03348541 -10.13032722 -4.43486738
v -8.09613037 -9.98284626 -4.49562979
v -8.12383461 -9.86023521 -4.43221617
v -7.96627665 -10.19674015 -4.30749941
v -8.05220985 -10.09760761 -4.45788622
v -8.10645866 -9.94755268 -4.48854971
v -7.99041796 -10.1807518 -4.34793186
v -8.06894302 -10.06232548 -4.47423935
v -8.11454201 -9.91498661 -4.47499847
v -8.01285553 -10.15885448 -4.38415146
v -8.08360577 -10.02567673 -4.48361921
v -8.12034321 -9.88622856 -4.45556831
v -8.03348541 -10.13188171 -4.41524076
v -8.09613037 -9.9888916 -4.48592567
v -8.12383461 -9.86223888 -4.43102694
v -7.96627665 -10.18944836 -4.28363705
v -8.05220985 -10.1008091 -4.44043827
v -8.10645866 -9.95319748 -4.48127031
v -7.99041796 -10.17625618 -4.32506657
v -8.06894302 -10.06672573 -4.45916128
v -8.11454201 -9.91978264 -4.46997309
v -8.01285553 -10.15688229 -4.36269569
v -8.08360577 -10.03080273 -4.47102022
v -8.12034321 -9.88976479 -4.45255089
v -8.03348541 -10.13209438 -4.39555311
v -8.09613037 -9.99426079 -4.47583151
v -8.12383461 -9.86415577 -4.42970419
v -8.05220985 -10.10281372 -4.42281294
v -8.10645866 -9.95833111 -4.47362328
v -7.99041796 -10.17021084 -4.30256128
v -8.06894302 -10.07008648 -4.44381809
v -8.11454201 -9.9242239 -4.46463251
v -8.01285553 -10.15345001 -4.34142494
v -8.08360577 -10.03505707 -4.45810032
v -8.12034321 -9.89308739 -4.44929886
v -8.03348541 -10.13096142 -4.37589741
v -8.09613037 -9.99892807 -4.4653945
v -8.12383461 -9.86597919 -4.42825317
v -8.05220985 -10.10361004 -4.40509129
v -8.10645866 -9.96293259 -4.46564293
v -8.06894302 -10.07239246 -4.42828083
v -8.11454201 -9.92829037 -4.45900106
v -8.01285553 -10.14857388 -4.32043791
v -8.08360577 -10.03841972 -4.44492102
v -8.12034321 -9.89618015 -4.44582844
v -8.03348541 -10.1284914 -4.35636425
v -8.09613037 -10.00287247 -4.45466328
v -8.12383461 -9.86769867 -4.42668152
v -8.05220985 -10.10319519 -4.38735723
v -8.10645866 -9.96697712 -4.4573679
v -8.06894302 -10.07363319 -4.41262293
v -8.11454201 -9.93196297 -4.45310497
v -8.01285553 -10.14227772 -4.29983234
v -8.08360577 -10.04087448 -4.4315424
v -8.12034321 -9.89902878 -4.44215441
v -8.03348541 -10.12469292 -4.33704567
v -8.09613037 -10.00607586 -4.44368792
v -8.12383461 -9.86930752 -4.4249959
v -8.05220985 -10.10157108 -4.36969233
v -8.10645866 -9.97044849 -4.44883585
v -8.06894302 -10.07380199 -4.39691687
v -8.11454201 -9.93522549 -4.44697237
v -8.08360577 -10.04241085 -4.4180274
v -8.12034321 -9.90161991 -4.43829489
v -8.03348541 -10.11958504 -4.31803131
v -8.09613037 -10.00852203 -4.43251944
v -8.12383461 -9.87079716 -4.42320442
v -8.05220985 -10.09874535 -4.35218
v -8.10645866 -9.97332954 -4.44008684
v -8.06894302 -10.07289886 -4.3812356
v -8.11454201 -9.93806076 -4.44063139
v -8.08360577 -10.04302216 -4.40443945
v -8.12034321 -9.90394211 -4.43426704
v -8.09613037 -10.0102005 -4.42121029
v -8.12383461 -9.87216091 -4.42131567
v -8.05220985 -10.09473038 -4.33490086
v -8.10645866 -9.97560692 -4.4311614
v -8.06894302 -10.07092762 -4.36565256
v -8.11454201 -9.94045734 -4.4341116
v -8.08360577 -10.04270363 -4.39084148
v -8.12034321 -9.90598392 -4.4300909
v -8.09613037 -10.01110363 -4.40981293
v -8.12383461 -9.87339306 -4.41933823
v -8.05220985 -10.0895462 -4.31793594
v -8.10645866 -9.97726917 -4.4221015
v -8.06894302 -10.0678978 -4.35024071
v -8.11454201 -9.94240379 -4.4274435
v -8.08360577 -10.04145813 -4.37729645
v -8.12034321 -9.90773582 -4.42578459
v -8.09613037 -10.01122665 -4.39838028
v -8.12383461 -9.87448692 -4.41728115
v -8.10645866 -9.97830963 -4.41294956
v -8.06894302 -10.06382275 -4.33507109
v -8.11454201 -9.94388962 -4.42065811
v -8.08360577 -10.03929138 -4.36386824
v -8.12034321 -9.90919018 -4.42136908
v -8.09613037 -10.01056957 -4.38696623
v -8.12383461 -9.87543869 -4.41515398
v -8.10645866 -9.97872353 -4.40374756
v -8.11454201 -9.9449091 -4.41378736
v -8.08360577 -10.03621387 -4.35061932
v -8.12034321 -9.91033936 -4.4168644
v -8.09613037 -10.00913429 -4.37562323
v -8.12383461 -9.87624264 -4.41296721
v -8.10645866 -9.978508 -4.39453888
v -8.11454201 -9.94545841 -4.40686274
v -8.08360577 -10.03223896 -4.3376112
v -8.12034321 -9.91117859 -4.412292
v -8.09613037 -10.00692844 -4.36440516
v -8.12383461 -9.87689495 -4.41073084
v -8.10645866 -9.97766495 -4.38536644
v -8.11454201 -9.9455328 -4.39991713
v -8.12034321 -9.91170311 -4.40767288
v -8.09613037 -10.00396252 -4.35336304
v -8.12383461 -9.87739372 -4.4084549
v -8.10645866 -9.97619724 -4.37627268
v -8.11454201 -9.94513321 -4.39298248
v -8.12034321 -9.91191196 -4.40302849
v -8.12383461 -9.87773514 -4.40615034
v -8.10645866 -9.97411251 -4.36730051
v -8.11454201 -9.94426155 -4.38609076
v -8.12034321 -9.91180325 -4.39838076
v -8.12383461 -9.8779192 -4.40382767
v -8.10645866 -9.97142124 -4.35849142
v -8.11454201 -9.94292164 -4.37927532
v -8.12034321 -9.91137791 -4.39375162
v -8.12383461 -9.87794495 -4.40149784
v -8.11454201 -9.94112015 -4.3725667
v -8.12034321 -9.9106369 -4.38916206
v -8.12383461 -9.87781048 -4.39917183
v -8.12034321 -9.909585 -4.38463354
v -8.12383461 -9.87751865 -4.3968606
v -8.12034321 -9.90822697 -4.38018799
v -8.12383461 -9.87706852 -4.39457417
v -8.12383461 -9.87646389 -4.39232445
v 7.625 -10.31911087 -4.24701834
v 7.625 -10.04494762 -4.86006498
v 7.65912104 -10.31563568 -4.24031401
v 7.625 -10.32615662 -4.27052641
v 7.65912104 -10.32558918 -4.27288866
v 7.625 -10.33204174 -4.29435158
v 7.65912104 -10.33329773 -4.30606651
v 7.625 -10.33675003 -4.3184371
v 7.69308329 -10.31755161 -4.25753689
v 7.65912104 -10.33872318 -4.33969307
v 7.625 -10.340271 -4.34272432
v 7.625 -10.34259605 -4.36715508
v 7.69308329 -10.32632542 -4.29020214
v 7.72672796 -10.30684662 -4.24333143
v 7.65912104 -10.3418417 -4.37361145
v 7.625 -10.34371948 -4.3916707
v 7.69308329 -10.33285046 -4.32338953
v 7.72672796 -10.3166151 -4.27529907
v 7.65912104 -10.34263802 -4.40766382
v 7.625 -10.34363937 -4.41621161
v 7.69308329 -10.33709526 -4.35694551
v 7.72672796 -10.32417965 -4.30785894
v 7.75989819 -10.30427361 -4.2615943
v 7.65912104 -10.34110928 -4.44169092
v 7.625 -10.34235382 -4.44071913
v 7.625 -10.33986855 -4.46513414
v 7.69308329 -10.3390398 -4.39071274
v 7.72672796 -10.32950401 -4.34085941
v 7.75989819 -10.31280136 -4.29334402
v 7.65912104 -10.3372612 -4.47553444
v 7.625 -10.33618736 -4.489398
v 7.79243994 -10.28943253 -4.24931002
v 7.69308329 -10.33867645 -4.42453384
v 7.72672796 -10.33256435 -4.37414598
v 7.75989819 -10.3191433 -4.32560158
v 7.625 -10.33132076 -4.51345158
v 7.65912104 -10.33111286 -4.50903654
v 7.625 -10.32527924 -4.53723764
v 7.79243994 -10.29883385 -4.28007555
v 7.69308329 -10.33600521 -4.458251
v 7.72672796 -10.33334637 -4.40756369
v 7.75989819 -10.32326889 -4.35821676
v 7.65912104 -10.32269287 -4.54204082
v 7.625 -10.31807804 -4.56069851
v 7.79243994 -10.3061142 -4.3114109
v 7.69308329 -10.33103943 -4.4917078
v 7.82420063 -10.28241825 -4.26827288
v 7.72672796 -10.33184528 -4.44095707
v 7.75989819 -10.32516003 -4.39103746
v 7.65912104 -10.31204033 -4.57439375
v 7.625 -10.30973434 -4.5837779
v 7.79243994 -10.31123829 -4.34317017
v 7.69308329 -10.32380199 -4.52474737
v 7.82420063 -10.29054165 -4.29851532
v 7.72672796 -10.32806969 -4.47417021
v 7.85503244 -10.26371765 -4.25813866
v 7.75989819 -10.32480621 -4.42391062
v 7.625 -10.30026817 -4.60642004
v 7.65912104 -10.29920387 -4.60594416
v 7.625 -10.28970242 -4.62857056
v 7.79243994 -10.31418324 -4.37520456
v 7.69308329 -10.31432629 -4.55721617
v 7.82420063 -10.29658222 -4.32924175
v 7.72672796 -10.32203579 -4.50704813
v 7.85503244 -10.27257729 -4.28712845
v 7.75989819 -10.32220936 -4.45668268
v 7.65912104 -10.28424549 -4.63654518
v 7.625 -10.27806282 -4.65017557
v 7.79243994 -10.31493568 -4.4073658
v 7.69308329 -10.30265713 -4.58896255
v 7.82420063 -10.30051231 -4.36030865
v 7.72672796 -10.3137722 -4.53943777
v 7.85503244 -10.27943707 -4.31665564
v 7.75989819 -10.31738281 -4.48920155
v 7.88479185 -10.25239277 -4.27744818
v 7.65912104 -10.26723289 -4.66605377
v 7.625 -10.26537704 -4.67118359
v 7.79243994 -10.31349182 -4.43950319
v 7.69308329 -10.28884888 -4.61983871
v 7.82420063 -10.30231285 -4.39157152
v 7.72672796 -10.30331802 -4.57118797
v 7.85503244 -10.28426552 -4.34658194
v 7.75989819 -10.31034851 -4.5213151
v 7.88479185 -10.25996017 -4.30562019
v 7.625 -10.25167561 -4.69154406
v 7.65912104 -10.24824619 -4.6943326
v 7.625 -10.23699093 -4.71120739
v 7.79243994 -10.30985737 -4.47146702
v 7.91334009 -10.23018169 -4.26965237
v 7.69308329 -10.27296638 -4.64970064
v 7.82420063 -10.3019762 -4.42288446
v 7.72672796 -10.29072094 -4.60215044
v 7.85503244 -10.28704071 -4.37676811
v 7.75989819 -10.30113888 -4.55287409
v 7.88479185 -10.26558685 -4.3342433
v 7.65912104 -10.22737408 -4.72125006
v 7.625 -10.22136021 -4.73012686
v 7.79243994 -10.30405045 -4.5031085
v 7.91334009 -10.23833275 -4.29632711
v 7.69308329 -10.25508213 -4.6784091
v 7.82420063 -10.29950333 -4.45410109
v 7.72672796 -10.27604103 -4.63218117
v 7.85503244 -10.28774929 -4.40707302
v 7.75989819 -10.28979683 -4.5837307
v 7.88479185 -10.26924801 -4.3631835
v 7.625 -10.20481968 -4.74825621
v 7.65912104 -10.20471382 -4.74668026
v 7.625 -10.1874094 -4.76555204
v 7.79243994 -10.29609871 -4.53427982
v 7.91334009 -10.24464512 -4.32349586
v 7.69308329 -10.23528099 -4.7058301
v 7.82420063 -10.29490566 -4.48507643
v 7.94054413 -10.21475697 -4.28894901
v 7.72672796 -10.25934505 -4.66114044
v 7.85503244 -10.2863884 -4.437356
v 7.75989819 -10.27637577 -4.6137414
v 7.88479185 -10.27092552 -4.39230585
v 7.65912104 -10.18037033 -4.77050495
v 7.625 -10.16917133 -4.78197336
v 7.79243994 -10.28603745 -4.56483603
v 7.91334009 -10.24908829 -4.35103178
v 7.69308329 -10.21365452 -4.73183584
v 7.82420063 -10.28820419 -4.51566601
v 7.94054413 -10.22162724 -4.3145256
v 7.72672796 -10.24071312 -4.68889236
v 7.85503244 -10.28296471 -4.46747541
v 7.96627665 -10.18944836 -4.28363705
v 7.75989819 -10.26093769 -4.642766
v 7.88479185 -10.27061176 -4.42147493
v 7.65912104 -10.154459 -4.79261255
v 7.625 -10.15014935 -4.79747963
v 7.79243994 -10.27391434 -4.59463406
v 7.91334009 -10.25164223 -4.37880707
v 7.69308329 -10.1903038 -4.75630522
v 7.82420063 -10.2794323 -4.54572678
v 7.94054413 -10.22673607 -4.3405118
v 7.72672796 -10.22022915 -4.71530867
v 7.85503244 -10.27749252 -4.49729061
v 7.96627665 -10.19674015 -4.30749941
v 7.75989819 -10.24355507 -4.67066956
v 7.88479185 -10.26830769 -4.45055485
v 7.625 -10.13038921 -4.81203365
v 7.65912104 -10.12709808 -4.81290054
v 7.625 -10.10993958 -4.82560062
v 7.79243994 -10.25978565 -4.62353563
v 7.91334009 -10.25229359 -4.40669155
v 7.69308329 -10.16533756 -4.77912378
v 7.82420063 -10.26862812 -4.57511854
v 7.94054413 -10.23005962 -4.36678648
v 7.72672796 -10.19799137 -4.74026489
v 7.85503244 -10.2699995 -4.5266633
v 7.96627665 -10.20238686 -4.3318038
v 7.75989819 -10.22430897 -4.69732189
v 7.88479185 -10.26402473 -4.47940922
v 7.99041796 -10.17021084 -4.30256128
v 7.65912104 -10.09841728 -4.83127403
v 7.625 -10.08884811 -4.83814812
v 7.79243994 -10.24371815 -4.65140533
v 7.91334009 -10.25104141 -4.43455553
v 7.69308329 -10.13887215 -4.80018568
v 7.82420063 -10.25584412 -4.60370493
v 7.94054413 -10.23158264 -4.39322615
v 7.72672796 -10.17410183 -4.76364565
v 7.85503244 -10.26051807 -4.55545616
v 7.96627665 -10.20636177 -4.35643673
v 7.75989819 -10.20328808 -4.72259903
v 7.88479185 -10.25778294 -4.50790453
v 7.99041796 -10.17625618 -4.32506657
v 7.625 -10.06716728 -4.84964561
v 7.65912104 -10.06854916 -4.84764767
v 7.79243994 -10.22578621 -4.67811394
v 7.91334009 -10.24789143 -4.46226931
v 8.01285553 -10.14227772 -4.29983234
v 7.69308329 -10.11103153 -4.8193922
v 7.82420063 -10.24113941 -4.63135195
v 7.94054413 -10.23129749 -4.41970825
v 7.72672796 -10.1486721 -4.78534174
v 7.85503244 -10.24909496 -4.58353472
v 7.96627665 -10.20864582 -4.38128328
v 7.75989819 -10.18059254 -4.74638224
v 7.88479185 -10.2496109 -4.53590727
v 7.99041796 -10.1807518 -4.34793186
v 7.65912104 -10.0376339 -4.86194468
v 7.79243994 -10.20607281 -4.70353603
v 7.91334009 -10.24285603 -4.48970366
v 8.01285553 -10.14857388 -4.32043791
v 7.69308329 -10.08194447 -4.83665419
v 7.82420063 -10.22458172 -4.65793085
v 7.94054413 -10.22920609 -4.44610929
v 7.72672796 -10.1218214 -4.8052516
v 7.85503244 -10.23578167 -4.61076832
v 7.96627665 -10.20922947 -4.40622807
v 7.75989819 -10.15632534 -4.76856136
v 7.88479185 -10.23954678 -4.56328726
v 7.99041796 -10.18367577 -4.37105083
v 7.79243994 -10.1846714 -4.72755384
v 7.91334009 -10.23596096 -4.51673031
v 8.01285553 -10.15345001 -4.34142494
v 7.69308329 -10.05174828 -4.85189104
v 7.82420063 -10.20624924 -4.68331814
v 7.94054413 -10.225317 -4.47230577
v 8.03348541 -10.11958504 -4.31803131
v 7.72672796 -10.09367466 -4.8232832
v 7.85503244 -10.22064209 -4.63702965
v 7.96627665 -10.2081089 -4.43115473
v 7.75989819 -10.13060284 -4.78903294
v 7.88479185 -10.22763824 -4.58991623
v 7.99041796 -10.18501568 -4.39431524
v 7.79243994 -10.16168022 -4.75005531
v 7.91334009 -10.2272377 -4.5432229
v 8.01285553 -10.15688229 -4.36269569
v 7.82420063 -10.18622589 -4.70739555
v 7.94054413 -10.21965027 -4.4981761
v 8.03348541 -10.12469292 -4.33704567
v 7.72672796 -10.06436348 -4.83935165
v 7.85503244 -10.20374489 -4.66219711
v 7.96627665 -10.20529079 -4.45594645
v 8.05220985 -10.0895462 -4.31793594
v 7.75989819 -10.10354233 -4.80770111
v 7.88479185 -10.21393967 -4.61567068
v 7.99041796 -10.18476486 -4.41761684
v 7.79243994 -10.13720703 -4.77093554
v 7.91334009 -10.2167263 -4.5690589
v 8.01285553 -10.15885448 -4.38415146
v 7.82420063 -10.16460705 -4.73005009
v 7.94054413 -10.21223164 -4.52359915
v 8.03348541 -10.1284914 -4.35636425
v 7.72672796 -10.03402328 -4.85338211
v 7.85503244 -10.18516922 -4.68615246
v 7.96627665 -10.20078659 -4.48048782
v 8.05220985 -10.09473038 -4.33490086
v 7.75989819 -10.07527065 -4.8244791
v 7.88479185 -10.19851589 -4.64043045
v 7.99041796 -10.18292522 -4.4408474
v 7.79243994 -10.11136627 -4.79009676
v 7.91334009 -10.20447731 -4.59411764
v 8.01285553 -10.15935802 -4.40569162
v 7.82420063 -10.14149284 -4.75117636
v 7.94054413 -10.20309448 -4.54845667
v 8.03348541 -10.13096142 -4.37589741
v 7.85503244 -10.16500282 -4.7087841
v 7.96627665 -10.19461823 -4.50466537
v 8.05220985 -10.09874535 -4.35218
v 7.75989819 -10.04592037 -4.83928871
v 7.88479185 -10.18143845 -4.66407967
v 7.99041796 -10.17950344 -4.46389818
v 8.06894302 -10.06382275 -4.33507109
v 7.79243994 -10.08427811 -4.80744982
v 7.91334009 -10.19054604 -4.61828136
v 8.01285553 -10.158391 -4.42721558
v 7.82420063 -10.11699009 -4.77067614
v 7.94054413 -10.19228268 -4.57263279
v 8.03348541 -10.13209438 -4.39555311
v 7.85503244 -10.1433382 -4.72998714
v 7.96627665 -10.18681526 -4.52836514
v 8.05220985 -10.10157108 -4.36969233
v 7.88479185 -10.16278648 -4.68650818
v 7.99041796 -10.17451668 -4.48666143
v 8.06894302 -10.0678978 -4.35024071
v 7.79243994 -10.05606937 -4.82291365
v 7.91334009 -10.17499828 -4.64143848
v 8.01285553 -10.15595722 -4.44862366
v 8.08360577 -10.03223896 -4.3376112
v 7.82420063 -10.09121418 -4.78845835
v 7.94054413 -10.17984581 -4.59601498
v 8.03348541 -10.13188171 -4.41524076
v 7.85503244 -10.1202774 -4.74966192
v 7.96627665 -10.17741203 -4.55147696
v 8.05220985 -10.10319519 -4.38735723
v 7.88479185 -10.14264774 -4.70761204
v 7.99041796 -10.16798878 -4.5090313
v 8.06894302 -10.07092762 -4.36565256
v 7.79243994 -10.02687073 -4.83641672
v 7.91334009 -10.15790653 -4.66348076
v 8.01285553 -10.15206814 -4.46981621
v 8.08360577 -10.03621387 -4.35061932
v 7.82420063 -10.06428528 -4.80444002
v 7.94054413 -10.16584301 -4.61849356
v 8.03348541 -10.13032722 -4.43486738
v 7.85503244 -10.09592819 -4.76771736
v 7.96627665 -10.16645432 -4.57389355
v 8.05220985 -10.10361004 -4.40509129
v 7.88479185 -10.12111473 -4.72729206
v 7.99041796 -10.1599493 -4.53090382
v 8.06894302 -10.07289886 -4.3812356
v 7.91334009 -10.13935089 -4.68430471
v 8.01285553 -10.14674187 -4.49069309
v 8.08360577 -10.03929138 -4.36386824
v 7.82420063 -10.03632832 -4.81854677
v 7.94054413 -10.15033817 -4.63996458
v 8.03348541 -10.12743664 -4.45434284
v 8.09613037 -10.00396252 -4.35336304
v 7.85503244 -10.0704031 -4.78406906
v 7.96627665 -10.1539917 -4.59551001
v 8.05220985 -10.10281372 -4.42281294
v 7.88479185 -10.09829044 -4.7454567
v 7.99041796 -10.15043545 -4.55217648
v 8.06894302 -10.07380199 -4.39691687
v 7.91334009 -10.11941624 -4.70381451
v 8.01285553 -10.1400032 -4.51115847
v 8.08360577 -10.04145813 -4.37729645
v 7.94054413 -10.13340473 -4.66032696
v 8.03348541 -10.1232233 -4.47357512
v 8.09613037 -10.00692844 -4.36440516
v 7.85503244 -10.04382133 -4.79864073
v 7.96627665 -10.14008331 -4.61622572
v 8.05220985 -10.1008091 -4.44043827
v 8.10645866 -9.97142124 -4.35849142
v 7.88479185 -10.07427883 -4.76202154
v 7.99041796 -10.13949299 -4.57275057
v 8.06894302 -10.07363319 -4.41262293
v 7.91334009 -10.09819794 -4.72191811
v 8.01285553 -10.13188362 -4.53111601
v 8.08360577 -10.04270363 -4.39084148
v 7.94054413 -10.11512089 -4.67948675
v 8.03348541 -10.11770821 -4.49247551
v 8.09613037 -10.00913429 -4.37562323
v 7.85503244 -10.01630783 -4.81136465
v 7.96627665 -10.12479305 -4.63594389
v 8.05220985 -10.09760761 -4.45788622
v 8.10645866 -9.97411251 -4.36730051
v 7.88479185 -10.04919338 -4.77690935
v 7.99041796 -10.12717152 -4.59252977
v 8.06894302 -10.07239246 -4.42828083
v 7.91334009 -10.07579327 -4.73853111
v 8.01285553 -10.12242126 -4.55047321
v 8.08360577 -10.04302216 -4.40443945
v 7.94054413 -10.09557247 -4.69735384
v 8.03348541 -10.11091518 -4.51095486
v 8.09613037 -10.01056957 -4.38696623
v 7.96627665 -10.1081934 -4.65457249
v 8.05220985 -10.09322166 -4.47507477
v 8.10645866 -9.97619724 -4.37627268
v 7.88479185 -10.02314949 -4.79005003
v 7.99041796 -10.11352921 -4.61142206
v 8.06894302 -10.07008648 -4.44381809
v 8.11454201 -9.94112015 -4.3725667
v 7.91334009 -10.05230713 -4.75357723
v 8.01285553 -10.11166 -4.569139
v 8.08360577 -10.04241085 -4.4180274
v 7.94054413 -10.07485008 -4.71384525
v 8.03348541 -10.10287762 -4.52892828
v 8.09613037 -10.01122665 -4.39838028
v 7.96627665 -10.0903616 -4.67202473
v 8.05220985 -10.08767414 -4.49192381
v 8.10645866 -9.97766495 -4.38536644
v 7.99041796 -10.098629 -4.62933922
v 8.06894302 -10.06672573 -4.45916128
v 8.11454201 -9.94292164 -4.37927532
v 7.91334009 -10.02784824 -4.76698494
v 8.01285553 -10.09964943 -4.58702755
v 8.08360577 -10.04087448 -4.4315424
v 8.12034321 -9.90822697 -4.38018799
v 7.94054413 -10.05305004 -4.72888422
v 8.03348541 -10.09363174 -4.5463109
v 8.09613037 -10.01110363 -4.40981293
v 7.96627665 -10.07137966 -4.68822002
v 8.05220985 -10.08098888 -4.50835562
v 8.10645866 -9.978508 -4.39453888
v 7.99041796 -10.08254051 -4.6461978
v 8.06894302 -10.06232548 -4.47423935
v 8.11454201 -9.94426155 -4.38609076
v 7.91334009 -10.00253201 -4.77869225
v 8.01285553 -10.08644676 -4.60405445
v 8.08360577 -10.03841972 -4.44492102
v 8.12034321 -9.909585 -4.38463354
v 7.94054413 -10.03027534 -4.74240017
v 8.03348541 -10.08322144 -4.56302214
v 8.09613037 -10.0102005 -4.42121029
v 7.96627665 -10.05133724 -4.70308161
v 8.05220985 -10.07319832 -4.52429247
v 8.10645866 -9.97872353 -4.40374756
v 7.99041796 -10.06534004 -4.66191912
v 8.06894302 -10.0569067 -4.4889822
v 8.11454201 -9.94513321 -4.39298248
v 8.01285553 -10.07211208 -4.62014055
v 8.08360577 -10.03505707 -4.45810032
v 8.12034321 -9.9106369 -4.38916206
v 7.94054413 -10.00663185 -4.75433064
v 8.03348541 -10.07169533 -4.57898378
v 8.09613037 -10.00852203 -4.43251944
v 8.12383461 -9.87646389 -4.39232445
v 7.96627665 -10.03032684 -4.71654129
v 8.05220985 -10.06433868 -4.53966045
v 8.10645866 -9.97830963 -4.41294956
v 7.99041796 -10.04710579 -4.67643023
v 8.06894302 -10.05049419 -4.50332069
v 8.11454201 -9.9455328 -4.39991713
v 8.01285553 -10.05671406 -4.63521099
v 8.08360577 -10.03080273 -4.47102022
v 8.12034321 -9.91137791 -4.39375162
v 8.03348541 -10.05910683 -4.59412193
v 8.09613037 -10.00607586 -4.44368792
v 8.12383461 -9.87706852 -4.39457417
v 7.96627665 -10.00844765 -4.72853518
v 8.05220985 -10.05445004 -4.55438805
v 8.10645866 -9.97726917 -4.4221015
v 7.99041796 -10.02792454 -4.68966293
v 8.06894302 -10.04311848 -4.51718807
v 8.11454201 -9.94545841 -4.40686274
v 8.01285553 -10.04032326 -4.64919567
v 8.08360577 -10.02567673 -4.48361921
v 8.12034321 -9.91180325 -4.39838076
v 8.03348541 -10.04551411 -4.60836554
v 8.09613037 -10.00287247 -4.45466328
v 8.12383461 -9.87751865 -4.3968606
v 7.96627665 -9.98580074 -4.73900843
v 8.05220985 -10.04358006 -4.56840658
v 8.10645866 -9.97560692 -4.4311614
v 7.99041796 -10.00788498 -4.70155573
v 8.06894302 -10.03481293 -4.53051996
v 8.11454201 -9.9449091 -4.41378736
v 8.01285553 -10.02301598 -4.66202879
v 8.08360577 -10.01970387 -4.49583912
v 8.12034321 -9.91191196 -4.40302849
v 8.03348541 -10.03098106 -4.62164831
v 8.09613037 -9.99892807 -4.4653945
v 8.12383461 -9.87781048 -4.39917183
v 8.05220985 -10.03177929 -4.58165073
v 8.10645866 -9.97332954 -4.44008684
v 7.99041796 -9.98708057 -4.7120533
v 8.06894302 -10.0256176 -4.54325438
v 8.11454201 -9.94388962 -4.42065811
v 8.01285553 -10.00487328 -4.67365122
v 8.08360577 -10.01290989 -4.50762272
v 8.12034321 -9.91170311 -4.40767288
v 8.03348541 -10.01557541 -4.63390827
v 8.09613037 -9.99426079 -4.47583151
v 8.12383461 -9.87794495 -4.40149784
v 8.05220985 -10.01910114 -4.59405851
v 8.10645866 -9.97044849 -4.44883585
v 8.06894302 -10.01557446 -4.55533123
v 8.11454201 -9.94240379 -4.4274435
v 8.01285553 -9.98598003 -4.6840086
v 8.08360577 -10.00532818 -4.51891565
v 8.12034321 -9.91117859 -4.412292
v 8.03348541 -9.99936962 -4.64508867
v 8.09613037 -9.9888916 -4.48592567
v 8.12383461 -9.8779192 -4.40382767
v 8.05220985 -10.0056057 -4.60557222
v 8.10645866 -9.96697712 -4.4573679
v 8.06894302 -10.00473022 -4.56669426
v 8.11454201 -9.94045734 -4.4341116
v 8.01285553 -9.96642399 -4.69305229
v 8.08360577 -9.99699306 -4.52966452
v 8.12034321 -9.91033936 -4.4168644
v 8.03348541 -9.98243809 -4.65513659
v 8.09613037 -9.98284626 -4.49562979
v 8.12383461 -9.87773514 -4.40615034
v 8.05220985 -9.99135685 -4.61613798
v 8.10645866 -9.96293259 -4.46564293
v 8.06894302 -9.99313641 -4.57729101
v 8.11454201 -9.93806076 -4.44063139
v 8.08360577 -9.98794365 -4.53981972
v 8.12034321 -9.90919018 -4.42136908
v 8.03348541 -9.96486092 -4.66400623
v 8.09613037 -9.97615337 -4.50489902
v 8.12383461 -9.87739372 -4.4084549
v 8.05220985 -9.9764204 -4.62570667
v 8.10645866 -9.95833111 -4.47362328
v 8.06894302 -9.98084641 -4.5870719
v 8.11454201 -9.93522549 -4.44697237
v 8.08360577 -9.97822285 -4.54933357
v 8.12034321 -9.90773582 -4.42578459
v 8.09613037 -9.96884251 -4.51368952
v 8.12383461 -9.87689495 -4.41073084
v 8.05220985 -9.96086502 -4.63423395
v 8.10645866 -9.95319748 -4.48127031
v 8.06894302 -9.96791744 -4.59599161
v 8.11454201 -9.93196297 -4.45310497
v 8.08360577 -9.96787548 -4.55816174
v 8.12034321 -9.90598392 -4.4300909
v 8.09613037 -9.9609499 -4.52196074
v 8.12383461 -9.87624264 -4.41296721
v 8.05220985 -9.94476414 -4.64167976
v 8.10645866 -9.94755268 -4.48854971
v 8.06894302 -9.9544096 -4.60400772
v 8.11454201 -9.92829037 -4.45900106
v 8.08360577 -9.95695019 -4.5662632
v 8.12034321 -9.90394211 -4.43426704
v 8.09613037 -9.95250988 -4.52967405
v 8.12383461 -9.87543869 -4.41515398
v 8.10645866 -9.94142437 -4.49542665
v 8.06894302 -9.94038677 -4.61108351
v 8.11454201 -9.9242239 -4.46463251
v 8.08360577 -9.94549656 -4.57360077
v 8.12034321 -9.90161991 -4.43829489
v 8.09613037 -9.94356441 -4.53679371
v 8.12383461 -9.87448692 -4.41728115
v 8.10645866 -9.93484211 -4.50186968
v 8.11454201 -9.91978264 -4.46997309
v 8.08360577 -9.93356895 -4.58013916
v 8.12034321 -9.89902878 -4.44215441
v 8.09613037 -9.93415356 -4.54328632
v 8.12383461 -9.87339306 -4.41933823
v 8.10645866 -9.92783451 -4.50784826
v 8.11454201 -9.91498661 -4.47499847
v 8.08360577 -9.92122364 -4.58584833
v 8.12034321 -9.89618015 -4.44582844
v 8.09613037 -9.92432117 -4.5491209
v 8.12383461 -9.87216091 -4.42131567
v 8.10645866 -9.92043591 -4.51333427
v 8.11454201 -9.90985966 -4.47968435
v 8.12034321 -9.89308739 -4.44929886
v 8.09613037 -9.914114 -4.5542717
v 8.12383461 -9.87079716 -4.42320442
v 8.10645866 -9.91267967 -4.51830339
v 8.11454201 -9.90442467 -4.48400974
v 8.12034321 -9.88976479 -4.45255089
v 8.12383461 -9.86930752 -4.4249959
v 8.10645866 -9.90460205 -4.52273083
v 8.11454201 -9.89870739 -4.48795462
v 8.12034321 -9.88622856 -4.45556831
v 8.12383461 -9.86769867 -4.42668152
v 8.10645866 -9.89624214 -4.5265975
v 8.11454201 -9.89273357 -4.49149942
v 8.12034321 -9.88249397 -4.45833731
v 8.12383461 -9.86597919 -4.42825317
v 8.11454201 -9.88653183 -4.49462843
v 8.12034321 -9.87858009 -4.46084499
v 8.12383461 -9.86415577 -4.42970419
v 8.12034321 -9.87450314 -4.46307945
v 8.12383461 -9.86223888 -4.43102694
v 8.12034321 -9.87028313 -4.46503067
v 8.12383461 -9.86023521 -4.43221617
v 8.12383461 -9.8581543 -4.43326569
usemtl mat0
f 1 2 3
f 4 5 6
f 7 8 9
f 10 11 12
f 13 14 15
f 16 17 18
f 19 20 21
f 22 23 24
f 25 26 27
f 28 29 30
f 31 32 33
f 34 35 36
f 37 38 39
f 40 41 42
f 43 44 45
f 46 47 48
f 49 50 51
f 52 53 54
f 55 56 57
f 58 59 60
f 61 62 63
f 64 65 66
f 64 66 67
f 64 67 68
f 69 70 71
f 69 72 70
f 73 74 75
f 33 73 75
f 76 63 77
f 76 78 61
f 76 61 63
f 79 77 80
f 79 80 81
f 79 81 82
f 79 76 77
f 83 84 78
f 83 85 84
f 83 86 85
f 83 78 76
f 87 76 79
f 87 83 76
f 88 82 89
f 88 89 90
f 88 90 91
f 88 91 92
f 88 79 82
f 93 94 86
f 93 95 94
f 93 96 95
f 93 97 96
f 93 86 83
f 98 87 79
f 98 79 88
f 99 93 83
f 99 83 87
f 100 69 71
f 100 97 93
f 100 101 97
f 100 102 101
f 100 103 102
f 100 71 103
f 104 99 87
f 104 87 98
f 105 93 99
f 105 69 100
f 105 106 69
f 105 107 106
f 105 100 93
f 108 99 104
f 108 109 107
f 108 110 109
f 108 105 99
f 108 107 105
f 111 65 64
f 111 92 112
f 111 112 113
f 111 113 65
f 111 98 88
f 111 64 114
f 111 88 92
f 115 98 111
f 115 114 116
f 115 111 114
f 117 116 118
f 117 115 116
f 117 104 98
f 117 98 115
f 119 104 117
f 119 117 118
f 120 118 121
f 120 119 118
f 120 104 119
f 122 120 121
f 122 121 123
f 122 108 104
f 122 104 120
f 124 123 75
f 124 74 110
f 124 75 74
f 124 108 122
f 124 122 123
f 124 110 108
f 61 125 62
f 126 125 61
f 78 126 61
f 127 103 71
f 127 71 70
f 127 70 72
f 128 129 130
f 128 131 129
f 132 103 127
f 133 134 135
f 39 133 135
f 136 137 126
f 136 138 137
f 136 139 138
f 136 126 78
f 140 78 84
f 140 84 85
f 140 85 86
f 140 136 78
f 141 139 136
f 141 142 139
f 141 143 142
f 141 144 143
f 141 145 144
f 146 136 140
f 146 141 136
f 147 86 94
f 147 94 95
f 147 95 96
f 147 96 97
f 147 140 86
f 148 145 141
f 148 128 130
f 148 149 145
f 148 150 149
f 148 151 150
f 148 130 151
f 152 153 128
f 152 154 153
f 152 141 146
f 152 128 148
f 152 148 141
f 155 146 140
f 155 140 147
f 156 103 132
f 156 97 101
f 156 101 102
f 156 102 103
f 156 132 157
f 156 147 97
f 158 159 154
f 158 154 152
f 158 160 159
f 158 152 146
f 158 146 155
f 161 156 157
f 161 162 163
f 161 157 162
f 161 155 147
f 161 147 156
f 164 165 135
f 164 163 165
f 164 160 158
f 164 158 155
f 164 161 163
f 164 134 160
f 164 135 134
f 164 155 161
f 125 166 62
f 126 167 166
f 126 166 125
f 168 130 129
f 168 129 131
f 169 170 171
f 169 172 170
f 169 173 172
f 174 175 176
f 40 174 176
f 177 126 137
f 177 137 138
f 177 138 139
f 177 167 126
f 178 167 177
f 178 179 167
f 178 180 179
f 178 181 180
f 182 139 142
f 182 142 143
f 182 143 144
f 182 144 145
f 182 177 139
f 183 184 181
f 183 185 184
f 183 186 185
f 183 187 186
f 183 181 178
f 188 178 177
f 188 177 182
f 189 145 149
f 189 182 145
f 189 149 150
f 189 150 151
f 189 151 130
f 189 168 190
f 189 130 168
f 191 192 169
f 191 193 192
f 191 194 187
f 191 195 194
f 191 171 195
f 191 187 183
f 191 169 171
f 196 178 188
f 196 183 178
f 197 190 198
f 197 188 182
f 197 189 190
f 197 182 189
f 199 193 191
f 199 200 193
f 199 201 200
f 199 183 196
f 199 191 183
f 202 188 197
f 202 197 198
f 202 203 204
f 202 198 203
f 202 196 188
f 205 201 199
f 205 206 176
f 205 204 206
f 205 202 204
f 205 196 202
f 205 175 201
f 205 176 175
f 205 199 196
f 207 62 166
f 167 207 166
f 208 207 167
f 209 170 172
f 209 172 173
f 210 211 212
f 210 213 211
f 210 214 213
f 215 216 217
f 44 215 217
f 218 167 179
f 218 179 180
f 218 180 181
f 218 208 167
f 219 208 218
f 219 220 208
f 219 221 220
f 219 222 221
f 223 181 184
f 223 184 185
f 223 185 186
f 223 186 187
f 223 218 181
f 224 219 218
f 224 218 223
f 225 226 222
f 225 227 226
f 225 228 227
f 225 229 228
f 225 222 219
f 230 187 194
f 230 223 187
f 230 194 195
f 230 195 171
f 230 171 170
f 230 209 231
f 230 170 209
f 232 224 223
f 232 231 233
f 232 230 231
f 232 223 230
f 234 219 224
f 234 225 219
f 235 232 233
f 235 224 232
f 235 236 237
f 235 233 236
f 235 234 224
f 238 239 210
f 238 229 225
f 238 240 229
f 238 241 240
f 238 212 241
f 238 210 212
f 242 225 234
f 242 243 239
f 242 239 238
f 242 238 225
f 244 245 243
f 244 242 234
f 244 243 242
f 246 245 244
f 246 244 234
f 247 245 246
f 247 246 234
f 247 248 245
f 247 234 235
f 249 248 247
f 249 250 217
f 249 237 250
f 249 216 248
f 249 217 216
f 249 235 237
f 249 247 235
f 251 252 253
f 254 255 256
f 254 256 257
f 258 259 260
f 258 261 259
f 262 263 264
f 7 262 264
f 265 251 266
f 265 267 252
f 265 252 251
f 268 269 267
f 268 270 269
f 268 271 270
f 268 267 265
f 272 266 273
f 272 273 274
f 272 274 275
f 272 265 266
f 276 268 265
f 276 265 272
f 277 278 271
f 277 279 278
f 277 280 279
f 277 281 280
f 277 271 268
f 282 275 283
f 282 283 284
f 282 284 285
f 282 285 286
f 282 272 275
f 287 268 276
f 287 277 268
f 288 272 282
f 288 276 272
f 289 258 260
f 289 290 281
f 289 291 290
f 289 292 291
f 289 260 292
f 289 281 277
f 293 286 294
f 293 294 295
f 293 295 296
f 293 296 255
f 293 254 297
f 293 282 286
f 293 255 254
f 298 277 287
f 298 258 289
f 298 299 258
f 298 300 299
f 298 289 277
f 301 276 288
f 301 287 276
f 302 293 297
f 302 297 303
f 302 288 282
f 302 282 293
f 304 298 287
f 304 300 298
f 304 287 301
f 304 305 300
f 304 306 305
f 307 302 303
f 307 308 309
f 307 303 308
f 307 288 302
f 307 301 288
f 310 304 301
f 310 311 264
f 310 309 311
f 310 307 309
f 310 263 306
f 310 306 304
f 310 301 307
f 310 264 263
f 312 253 252
f 313 292 260
f 313 260 259
f 313 259 261
f 314 315 316
f 314 317 315
f 318 319 320
f 16 318 320
f 321 252 267
f 321 322 312
f 321 312 252
f 323 267 269
f 323 269 270
f 323 270 271
f 323 321 267
f 324 325 322
f 324 326 325
f 324 327 326
f 324 322 321
f 328 321 323
f 328 324 321
f 329 271 278
f 329 278 279
f 329 279 280
f 329 280 281
f 329 323 271
f 330 331 327
f 330 332 331
f 330 333 332
f 330 334 333
f 330 327 324
f 335 328 323
f 335 323 329
f 336 330 324
f 336 324 328
f 337 314 316
f 337 334 330
f 337 338 334
f 337 339 338
f 337 340 339
f 337 316 340
f 341 336 328
f 341 328 335
f 342 330 336
f 342 314 337
f 342 343 314
f 342 344 343
f 342 337 330
f 345 336 341
f 345 346 344
f 345 347 346
f 345 342 336
f 345 344 342
f 348 292 313
f 348 281 290
f 348 290 291
f 348 291 292
f 348 335 329
f 348 313 349
f 348 329 281
f 350 335 348
f 350 349 351
f 350 348 349
f 352 351 353
f 352 350 351
f 352 341 335
f 352 335 350
f 354 341 352
f 354 352 353
f 355 353 356
f 355 354 353
f 355 341 354
f 357 355 356
f 357 356 358
f 357 345 341
f 357 341 355
f 359 358 320
f 359 319 347
f 359 320 319
f 359 345 357
f 359 357 358
f 359 347 345
f 312 360 253
f 361 360 312
f 322 361 312
f 362 340 316
f 362 316 315
f 362 315 317
f 363 364 365
f 363 366 364
f 367 340 362
f 368 369 370
f 25 368 370
f 371 372 361
f 371 373 372
f 371 374 373
f 371 361 322
f 375 322 325
f 375 325 326
f 375 326 327
f 375 371 322
f 376 374 371
f 376 377 374
f 376 378 377
f 376 379 378
f 376 380 379
f 381 371 375
f 381 376 371
f 382 327 331
f 382 331 332
f 382 332 333
f 382 333 334
f 382 375 327
f 383 380 376
f 383 363 365
f 383 384 380
f 383 385 384
f 383 386 385
f 383 365 386
f 387 388 363
f 387 389 388
f 387 376 381
f 387 363 383
f 387 383 376
f 390 381 375
f 390 375 382
f 391 340 367
f 391 334 338
f 391 338 339
f 391 339 340
f 391 367 392
f 391 382 334
f 393 394 389
f 393 389 387
f 393 395 394
f 393 387 381
f 393 381 390
f 396 391 392
f 396 397 398
f 396 392 397
f 396 390 382
f 396 382 391
f 399 400 370
f 399 398 400
f 399 395 393
f 399 393 390
f 399 396 398
f 399 369 395
f 399 370 369
f 399 390 396
f 360 401 253
f 361 402 401
f 361 401 360
f 403 365 364
f 403 364 366
f 404 405 406
f 404 407 405
f 404 408 407
f 409 410 411
f 34 409 411
f 412 361 372
f 412 372 373
f 412 373 374
f 412 402 361
f 413 402 412
f 413 414 402
f 413 415 414
f 413 416 415
f 417 374 377
f 417 377 378
f 417 378 379
f 417 379 380
f 417 412 374
f 418 419 416
f 418 420 419
f 418 421 420
f 418 422 421
f 418 416 413
f 423 413 412
f 423 412 417
f 424 380 384
f 424 417 380
f 424 384 385
f 424 385 386
f 424 386 365
f 424 403 425
f 424 365 403
f 426 427 404
f 426 428 427
f 426 429 422
f 426 430 429
f 426 406 430
f 426 422 418
f 426 404 406
f 431 413 423
f 431 418 413
f 432 425 433
f 432 423 417
f 432 424 425
f 432 417 424
f 434 428 426
f 434 435 428
f 434 436 435
f 434 418 431
f 434 426 418
f 437 423 432
f 437 432 433
f 437 438 439
f 437 433 438
f 437 431 423
f 440 436 434
f 440 441 411
f 440 439 441
f 440 437 439
f 440 431 437
f 440 410 436
f 440 411 410
f 440 434 431
f 442 443 444
f 445 443 442
f 446 445 442
f 447 448 449
f 447 449 450
f 447 450 451
f 452 453 454
f 452 455 453
f 456 448 447
f 457 458 459
f 27 457 459
f 460 461 445
f 460 462 461
f 460 463 462
f 460 445 446
f 464 446 465
f 464 465 466
f 464 466 467
f 464 460 446
f 468 463 460
f 468 469 463
f 468 470 469
f 468 471 470
f 468 472 471
f 473 460 464
f 473 468 460
f 474 467 475
f 474 475 476
f 474 476 477
f 474 477 478
f 474 464 467
f 479 472 468
f 479 452 454
f 479 480 472
f 479 481 480
f 479 482 481
f 479 454 482
f 483 484 452
f 483 485 484
f 483 468 473
f 483 452 479
f 483 479 468
f 486 473 464
f 486 464 474
f 487 448 456
f 487 478 488
f 487 488 489
f 487 489 448
f 487 456 490
f 487 474 478
f 491 492 485
f 491 485 483
f 491 493 492
f 491 483 473
f 491 473 486
f 494 487 490
f 494 495 496
f 494 490 495
f 494 486 474
f 494 474 487
f 497 498 459
f 497 496 498
f 497 493 491
f 497 491 486
f 497 494 496
f 497 458 493
f 497 459 458
f 497 486 494
f 443 499 444
f 445 500 499
f 445 499 443
f 501 454 453
f 501 453 455
f 502 503 504
f 502 505 503
f 502 506 505
f 507 508 509
f 24 507 509
f 510 445 461
f 510 461 462
f 510 462 463
f 510 500 445
f 511 500 510
f 511 512 500
f 511 513 512
f 511 514 513
f 515 463 469
f 515 469 470
f 515 470 471
f 515 471 472
f 515 510 463
f 516 517 514
f 516 518 517
f 516 519 518
f 516 520 519
f 516 514 511
f 521 511 510
f 521 510 515
f 522 472 480
f 522 515 472
f 522 480 481
f 522 481 482
f 522 482 454
f 522 501 523
f 522 454 501
f 524 525 502
f 524 526 525
f 524 527 520
f 524 528 527
f 524 504 528
f 524 520 516
f 524 502 504
f 529 511 521
f 529 516 511
f 530 523 531
f 530 521 515
f 530 522 523
f 530 515 522
f 532 526 524
f 532 533 526
f 532 534 533
f 532 516 529
f 532 524 516
f 535 521 530
f 535 530 531
f 535 536 537
f 535 531 536
f 535 529 521
f 538 534 532
f 538 539 509
f 538 537 539
f 538 535 537
f 538 529 535
f 538 508 534
f 538 509 508
f 538 532 529
f 540 444 499
f 500 540 499
f 541 540 500
f 542 503 505
f 542 505 506
f 543 544 545
f 543 546 544
f 543 547 546
f 548 549 550
f 30 548 550
f 551 500 512
f 551 512 513
f 551 513 514
f 551 541 500
f 552 541 551
f 552 553 541
f 552 554 553
f 552 555 554
f 556 514 517
f 556 517 518
f 556 518 519
f 556 519 520
f 556 551 514
f 557 552 551
f 557 551 556
f 558 559 555
f 558 560 559
f 558 561 560
f 558 562 561
f 558 555 552
f 563 520 527
f 563 556 520
f 563 527 528
f 563 528 504
f 563 504 503
f 563 542 564
f 563 503 542
f 565 557 556
f 565 564 566
f 565 563 564
f 565 556 563
f 567 552 557
f 567 558 552
f 568 565 566
f 568 557 565
f 568 569 570
f 568 566 569
f 568 567 557
f 571 572 543
f 571 562 558
f 571 573 562
f 571 574 573
f 571 545 574
f 571 543 545
f 575 558 567
f 575 576 572
f 575 572 571
f 575 571 558
f 577 578 576
f 577 575 567
f 577 576 575
f 579 578 577
f 579 577 567
f 580 578 579
f 580 579 567
f 580 581 578
f 580 567 568
f 582 581 580
f 582 583 550
f 582 570 583
f 582 549 581
f 582 550 549
f 582 568 570
f 582 580 568
f 540 584 444
f 585 544 546
f 585 546 547
f 586 587 588
f 586 589 587
f 590 591 592
f 31 590 592
f 593 540 541
f 593 594 584
f 593 584 540
f 595 596 594
f 595 597 596
f 595 598 597
f 595 594 593
f 599 541 553
f 599 553 554
f 599 554 555
f 599 593 541
f 600 595 593
f 600 593 599
f 601 602 598
f 601 603 602
f 601 604 603
f 601 605 604
f 601 598 595
f 606 555 559
f 606 559 560
f 606 560 561
f 606 561 562
f 606 599 555
f 607 595 600
f 607 601 595
f 608 599 606
f 608 600 599
f 609 586 588
f 609 610 605
f 609 611 610
f 609 612 611
f 609 588 612
f 609 605 601
f 613 562 573
f 613 573 574
f 613 574 545
f 613 545 544
f 613 585 614
f 613 606 562
f 613 544 585
f 615 601 607
f 615 586 609
f 615 616 586
f 615 617 616
f 615 609 601
f 618 600 608
f 618 607 600
f 619 613 614
f 619 614 620
f 619 608 606
f 619 606 613
f 621 615 607
f 621 617 615
f 621 607 618
f 621 622 617
f 621 623 622
f 624 619 620
f 624 625 626
f 624 620 625
f 624 608 619
f 624 618 608
f 627 621 618
f 627 628 592
f 627 626 628
f 627 624 626
f 627 591 623
f 627 623 621
f 627 618 624
f 627 592 591
f 629 630 631
f 632 629 631
f 633 629 632
f 634 635 636
f 634 636 637
f 638 639 640
f 638 641 639
f 638 642 641
f 643 644 645
f 29 643 645
f 646 632 647
f 646 647 648
f 646 648 649
f 646 633 632
f 650 633 646
f 650 651 633
f 650 652 651
f 650 653 652
f 654 649 655
f 654 655 656
f 654 656 657
f 654 657 658
f 654 646 649
f 659 650 646
f 659 646 654
f 660 661 653
f 660 662 661
f 660 663 662
f 660 664 663
f 660 653 650
f 665 658 666
f 665 654 658
f 665 666 667
f 665 667 668
f 665 668 635
f 665 634 669
f 665 635 634
f 670 659 654
f 670 669 671
f 670 665 669
f 670 654 665
f 672 650 659
f 672 660 650
f 673 670 671
f 673 659 670
f 673 674 675
f 673 671 674
f 673 672 659
f 676 677 638
f 676 664 660
f 676 678 664
f 676 679 678
f 676 640 679
f 676 638 640
f 680 660 672
f 680 681 677
f 680 677 676
f 680 676 660
f 682 683 681
f 682 680 672
f 682 681 680
f 684 683 682
f 684 682 672
f 685 683 684
f 685 684 672
f 685 686 683
f 685 672 673
f 687 686 685
f 687 688 645
f 687 675 688
f 687 644 686
f 687 645 644
f 687 673 675
f 687 685 673
f 629 689 630
f 690 639 641
f 690 641 642
f 691 692 693
f 691 694 692
f 695 696 697
f 51 695 697
f 698 629 633
f 698 699 689
f 698 689 629
f 700 701 699
f 700 702 701
f 700 703 702
f 700 699 698
f 704 633 651
f 704 651 652
f 704 652 653
f 704 698 633
f 705 700 698
f 705 698 704
f 706 707 703
f 706 708 707
f 706 709 708
f 706 710 709
f 706 703 700
f 711 653 661
f 711 661 662
f 711 662 663
f 711 663 664
f 711 704 653
f 712 700 705
f 712 706 700
f 713 704 711
f 713 705 704
f 714 691 693
f 714 715 710
f 714 716 715
f 714 717 716
f 714 693 717
f 714 710 706
f 718 664 678
f 718 678 679
f 718 679 640
f 718 640 639
f 718 690 719
f 718 711 664
f 718 639 690
f 720 706 712
f 720 691 714
f 720 721 691
f 720 722 721
f 720 714 706
f 723 705 713
f 723 712 705
f 724 718 719
f 724 719 725
f 724 713 711
f 724 711 718
f 726 720 712
f 726 722 720
f 726 712 723
f 726 727 722
f 726 728 727
f 729 724 725
f 729 730 731
f 729 725 730
f 729 713 724
f 729 723 713
f 732 726 723
f 732 733 697
f 732 731 733
f 732 729 731
f 732 696 728
f 732 728 726
f 732 723 729
f 732 697 696
f 734 630 689
f 735 717 693
f 735 693 692
f 735 692 694
f 736 737 738
f 736 739 737
f 740 741 742
f 52 740 742
f 743 689 699
f 743 744 734
f 743 734 689
f 745 699 701
f 745 701 702
f 745 702 703
f 745 743 699
f 746 747 744
f 746 748 747
f 746 749 748
f 746 744 743
f 750 743 745
f 750 746 743
f 751 703 707
f 751 707 708
f 751 708 709
f 751 709 710
f 751 745 703
f 752 753 749
f 752 754 753
f 752 755 754
f 752 756 755
f 752 749 746
f 757 750 745
f 757 745 751
f 758 752 746
f 758 746 750
f 759 736 738
f 759 756 752
f 759 760 756
f 759 761 760
f 759 762 761
f 759 738 762
f 763 758 750
f 763 750 757
f 764 752 758
f 764 736 759
f 764 765 736
f 764 766 765
f 764 759 752
f 767 758 763
f 767 768 766
f 767 769 768
f 767 764 758
f 767 766 764
f 770 717 735
f 770 710 715
f 770 715 716
f 770 716 717
f 770 757 751
f 770 735 771
f 770 751 710
f 772 757 770
f 772 771 773
f 772 770 771
f 774 773 775
f 774 772 773
f 774 763 757
f 774 757 772
f 776 763 774
f 776 774 775
f 777 775 778
f 777 776 775
f 777 763 776
f 779 777 778
f 779 778 780
f 779 767 763
f 779 763 777
f 781 780 742
f 781 741 769
f 781 742 741
f 781 767 779
f 781 779 780
f 781 769 767
f 734 782 630
f 783 782 734
f 744 783 734
f 784 762 738
f 784 738 737
f 784 737 739
f 785 786 787
f 785 788 786
f 789 762 784
f 790 791 792
f 37 790 792
f 793 794 783
f 793 795 794
f 793 796 795
f 793 783 744
f 797 744 747
f 797 747 748
f 797 748 749
f 797 793 744
f 798 796 793
f 798 799 796
f 798 800 799
f 798 801 800
f 798 802 801
f 803 793 797
f 803 798 793
f 804 749 753
f 804 753 754
f 804 754 755
f 804 755 756
f 804 797 749
f 805 802 798
f 805 785 787
f 805 806 802
f 805 807 806
f 805 808 807
f 805 787 808
f 809 810 785
f 809 811 810
f 809 798 803
f 809 785 805
f 809 805 798
f 812 803 797
f 812 797 804
f 813 762 789
f 813 756 760
f 813 760 761
f 813 761 762
f 813 789 814
f 813 804 756
f 815 816 811
f 815 811 809
f 815 817 816
f 815 809 803
f 815 803 812
f 818 813 814
f 818 819 820
f 818 814 819
f 818 812 804
f 818 804 813
f 821 822 792
f 821 820 822
f 821 817 815
f 821 815 812
f 821 818 820
f 821 791 817
f 821 792 791
f 821 812 818
f 823 824 825
f 826 827 824
f 826 824 823
f 828 829 830
f 828 830 831
f 832 833 834
f 832 835 833
f 832 836 835
f 837 838 839
f 54 837 839
f 840 826 841
f 840 841 842
f 840 842 843
f 840 827 826
f 844 827 840
f 844 845 827
f 844 846 845
f 844 847 846
f 848 843 849
f 848 849 850
f 848 850 851
f 848 851 852
f 848 840 843
f 853 854 847
f 853 855 854
f 853 856 855
f 853 857 856
f 853 847 844
f 858 844 840
f 858 840 848
f 859 852 860
f 859 848 852
f 859 860 861
f 859 861 862
f 859 862 829
f 859 828 863
f 859 829 828
f 864 865 832
f 864 866 865
f 864 867 857
f 864 868 867
f 864 834 868
f 864 857 853
f 864 832 834
f 869 844 858
f 869 853 844
f 870 863 871
f 870 858 848
f 870 859 863
f 870 848 859
f 872 866 864
f 872 873 866
f 872 874 873
f 872 853 869
f 872 864 853
f 875 858 870
f 875 870 871
f 875 876 877
f 875 871 876
f 875 869 858
f 878 874 872
f 878 879 839
f 878 877 879
f 878 875 877
f 878 869 875
f 878 838 874
f 878 839 838
f 878 872 869
f 880 825 824
f 827 880 824
f 881 880 827
f 882 833 835
f 882 835 836
f 883 884 885
f 883 886 884
f 883 887 886
f 888 889 890
f 46 888 890
f 891 827 845
f 891 845 846
f 891 846 847
f 891 881 827
f 892 881 891
f 892 893 881
f 892 894 893
f 892 895 894
f 896 847 854
f 896 854 855
f 896 855 856
f 896 856 857
f 896 891 847
f 897 892 891
f 897 891 896
f 898 899 895
f 898 900 899
f 898 901 900
f 898 902 901
f 898 895 892
f 903 857 867
f 903 896 857
f 903 867 868
f 903 868 834
f 903 834 833
f 903 882 904
f 903 833 882
f 905 897 896
f 905 904 906
f 905 903 904
f 905 896 903
f 907 892 897
f 907 898 892
f 908 905 906
f 908 897 905
f 908 909 910
f 908 906 909
f 908 907 897
f 911 912 883
f 911 902 898
f 911 913 902
f 911 914 913
f 911 885 914
f 911 883 885
f 915 898 907
f 915 916 912
f 915 912 911
f 915 911 898
f 917 918 916
f 917 915 907
f 917 916 915
f 919 918 917
f 919 917 907
f 920 918 919
f 920 919 907
f 920 921 918
f 920 907 908
f 922 921 920
f 922 923 890
f 922 910 923
f 922 889 921
f 922 890 889
f 922 908 910
f 922 920 908
f 880 924 825
f 925 884 886
f 925 886 887
f 926 927 928
f 926 929 927
f 930 931 932
f 1 930 932
f 933 880 881
f 933 934 924
f 933 924 880
f 935 936 934
f 935 937 936
f 935 938 937
f 935 934 933
f 939 881 893
f 939 893 894
f 939 894 895
f 939 933 881
f 940 935 933
f 940 933 939
f 941 942 938
f 941 943 942
f 941 944 943
f 941 945 944
f 941 938 935
f 946 895 899
f 946 899 900
f 946 900 901
f 946 901 902
f 946 939 895
f 947 935 940
f 947 941 935
f 948 939 946
f 948 940 939
f 949 926 928
f 949 950 945
f 949 951 950
f 949 952 951
f 949 928 952
f 949 945 941
f 953 902 913
f 953 913 914
f 953 914 885
f 953 885 884
f 953 925 954
f 953 946 902
f 953 884 925
f 955 941 947
f 955 926 949
f 955 956 926
f 955 957 956
f 955 949 941
f 958 940 948
f 958 947 940
f 959 953 954
f 959 954 960
f 959 948 946
f 959 946 953
f 961 955 947
f 961 957 955
f 961 947 958
f 961 962 957
f 961 963 962
f 964 959 960
f 964 965 966
f 964 960 965
f 964 948 959
f 964 958 948
f 967 961 958
f 967 968 932
f 967 966 968
f 967 964 966
f 967 931 963
f 967 963 961
f 967 958 964
f 967 932 931
f 969 825 924
f 970 952 928
f 970 928 927
f 970 927 929
f 971 972 973
f 971 974 972
f 975 976 977
f 41 975 977
f 978 924 934
f 978 979 969
f 978 969 924
f 980 934 936
f 980 936 937
f 980 937 938
f 980 978 934
f 981 982 979
f 981 983 982
f 981 984 983
f 981 979 978
f 985 978 980
f 985 981 978
f 986 938 942
f 986 942 943
f 986 943 944
f 986 944 945
f 986 980 938
f 987 988 984
f 987 989 988
f 987 990 989
f 987 991 990
f 987 984 981
f 992 985 980
f 992 980 986
f 993 987 981
f 993 981 985
f 994 971 973
f 994 991 987
f 994 995 991
f 994 996 995
f 994 997 996
f 994 973 997
f 998 993 985
f 998 985 992
f 999 987 993
f 999 971 994
f 999 1000 971
f 999 1001 1000
f 999 994 987
f 1002 993 998
f 1002 1003 1001
f 1002 1004 1003
f 1002 999 993
f 1002 1001 999
f 1005 952 970
f 1005 945 950
f 1005 950 951
f 1005 951 952
f 1005 992 986
f 1005 970 1006
f 1005 986 945
f 1007 992 1005
f 1007 1006 1008
f 1007 1005 1006
f 1009 1008 1010
f 1009 1007 1008
f 1009 998 992
f 1009 992 1007
f 1011 998 1009
f 1011 1009 1010
f 1012 1010 1013
f 1012 1011 1010
f 1012 998 1011
f 1014 1012 1013
f 1014 1013 1015
f 1014 1002 998
f 1014 998 1012
f 1016 1015 977
f 1016 976 1004
f 1016 977 976
f 1016 1002 1014
f 1016 1014 1015
f 1016 1004 1002
f 1017 1018 1019
f 1020 1021 1022
f 1020 1022 1023
f 1020 1023 1024
f 1025 1026 1027
f 1025 1028 1026
f 1029 1030 1031
f 3 1029 1031
f 1032 1019 1033
f 1032 1034 1017
f 1032 1017 1019
f 1035 1033 1036
f 1035 1036 1037
f 1035 1037 1038
f 1035 1032 1033
f 1039 1040 1034
f 1039 1041 1040
f 1039 1042 1041
f 1039 1034 1032
f 1043 1032 1035
f 1043 1039 1032
f 1044 1038 1045
f 1044 1045 1046
f 1044 1046 1047
f 1044 1047 1048
f 1044 1035 1038
f 1049 1050 1042
f 1049 1051 1050
f 1049 1052 1051
f 1049 1053 1052
f 1049 1042 1039
f 1054 1043 1035
f 1054 1035 1044
f 1055 1049 1039
f 1055 1039 1043
f 1056 1025 1027
f 1056 1053 1049
f 1056 1057 1053
f 1056 1058 1057
f 1056 1059 1058
f 1056 1027 1059
f 1060 1055 1043
f 1060 1043 1054
f 1061 1049 1055
f 1061 1025 1056
f 1061 1062 1025
f 1061 1063 1062
f 1061 1056 1049
f 1064 1055 1060
f 1064 1065 1063
f 1064 1066 1065
f 1064 1061 1055
f 1064 1063 1061
f 1067 1021 1020
f 1067 1048 1068
f 1067 1068 1069
f 1067 1069 1021
f 1067 1054 1044
f 1067 1020 1070
f 1067 1044 1048
f 1071 1054 1067
f 1071 1070 1072
f 1071 1067 1070
f 1073 1072 1074
f 1073 1071 1072
f 1073 1060 1054
f 1073 1054 1071
f 1075 1060 1073
f 1075 1073 1074
f 1076 1074 1077
f 1076 1075 1074
f 1076 1060 1075
f 1078 1076 1077
f 1078 1077 1079
f 1078 1064 1060
f 1078 1060 1076
f 1080 1079 1031
f 1080 1030 1066
f 1080 1031 1030
f 1080 1064 1078
f 1080 1078 1079
f 1080 1066 1064
f 1017 1081 1018
f 1082 1081 1017
f 1034 1082 1017
f 1083 1059 1027
f 1083 1027 1026
f 1083 1026 1028
f 1084 1085 1086
f 1084 1087 1085
f 1088 1059 1083
f 1089 1090 1091
f 4 1089 1091
f 1092 1093 1082
f 1092 1094 1093
f 1092 1095 1094
f 1092 1082 1034
f 1096 1034 1040
f 1096 1040 1041
f 1096 1041 1042
f 1096 1092 1034
f 1097 1095 1092
f 1097 1098 1095
f 1097 1099 1098
f 1097 1100 1099
f 1097 1101 1100
f 1102 1092 1096
f 1102 1097 1092
f 1103 1042 1050
f 1103 1050 1051
f 1103 1051 1052
f 1103 1052 1053
f 1103 1096 1042
f 1104 1101 1097
f 1104 1084 1086
f 1104 1105 1101
f 1104 1106 1105
f 1104 1107 1106
f 1104 1086 1107
f 1108 1109 1084
f 1108 1110 1109
f 1108 1097 1102
f 1108 1084 1104
f 1108 1104 1097
f 1111 1102 1096
f 1111 1096 1103
f 1112 1059 1088
f 1112 1053 1057
f 1112 1057 1058
f 1112 1058 1059
f 1112 1088 1113
f 1112 1103 1053
f 1114 1115 1110
f 1114 1110 1108
f 1114 1116 1115
f 1114 1108 1102
f 1114 1102 1111
f 1117 1112 1113
f 1117 1118 1119
f 1117 1113 1118
f 1117 1111 1103
f 1117 1103 1112
f 1120 1121 1091
f 1120 1119 1121
f 1120 1116 1114
f 1120 1114 1111
f 1120 1117 1119
f 1120 1090 1116
f 1120 1091 1090
f 1120 1111 1117
f 1081 1122 1018
f 1082 1123 1122
f 1082 1122 1081
f 1124 1086 1085
f 1124 1085 1087
f 1125 1126 1127
f 1125 1128 1126
f 1125 1129 1128
f 1130 1131 1132
f 8 1130 1132
f 1133 1082 1093
f 1133 1093 1094
f 1133 1094 1095
f 1133 1123 1082
f 1134 1123 1133
f 1134 1135 1123
f 1134 1136 1135
f 1134 1137 1136
f 1138 1095 1098
f 1138 1098 1099
f 1138 1099 1100
f 1138 1100 1101
f 1138 1133 1095
f 1139 1140 1137
f 1139 1141 1140
f 1139 1142 1141
f 1139 1143 1142
f 1139 1137 1134
f 1144 1134 1133
f 1144 1133 1138
f 1145 1101 1105
f 1145 1138 1101
f 1145 1105 1106
f 1145 1106 1107
f 1145 1107 1086
f 1145 1124 1146
f 1145 1086 1124
f 1147 1148 1125
f 1147 1149 1148
f 1147 1150 1143
f 1147 1151 1150
f 1147 1127 1151
f 1147 1143 1139
f 1147 1125 1127
f 1152 1134 1144
f 1152 1139 1134
f 1153 1146 1154
f 1153 1144 1138
f 1153 1145 1146
f 1153 1138 1145
f 1155 1149 1147
f 1155 1156 1149
f 1155 1157 1156
f 1155 1139 1152
f 1155 1147 1139
f 1158 1144 1153
f 1158 1153 1154
f 1158 1159 1160
f 1158 1154 1159
f 1158 1152 1144
f 1161 1157 1155
f 1161 1162 1132
f 1161 1160 1162
f 1161 1158 1160
f 1161 1152 1158
f 1161 1131 1157
f 1161 1132 1131
f 1161 1155 1152
f 1163 1018 1122
f 1123 1163 1122
f 1164 1163 1123
f 1165 1126 1128
f 1165 1128 1129
f 1166 1167 1168
f 1166 1169 1167
f 1166 1170 1169
f 1171 1172 1173
f 45 1171 1173
f 1174 1123 1135
f 1174 1135 1136
f 1174 1136 1137
f 1174 1164 1123
f 1175 1164 1174
f 1175 1176 1164
f 1175 1177 1176
f 1175 1178 1177
f 1179 1137 1140
f 1179 1140 1141
f 1179 1141 1142
f 1179 1142 1143
f 1179 1174 1137
f 1180 1175 1174
f 1180 1174 1179
f 1181 1182 1178
f 1181 1183 1182
f 1181 1184 1183
f 1181 1185 1184
f 1181 1178 1175
f 1186 1143 1150
f 1186 1179 1143
f 1186 1150 1151
f 1186 1151 1127
f 1186 1127 1126
f 1186 1165 1187
f 1186 1126 1165
f 1188 1180 1179
f 1188 1187 1189
f 1188 1186 1187
f 1188 1179 1186
f 1190 1175 1180
f 1190 1181 1175
f 1191 1188 1189
f 1191 1180 1188
f 1191 1192 1193
f 1191 1189 1192
f 1191 1190 1180
f 1194 1195 1166
f 1194 1185 1181
f 1194 1196 1185
f 1194 1197 1196
f 1194 1168 1197
f 1194 1166 1168
f 1198 1181 1190
f 1198 1199 1195
f 1198 1195 1194
f 1198 1194 1181
f 1200 1201 1199
f 1200 1198 1190
f 1200 1199 1198
f 1202 1201 1200
f 1202 1200 1190
f 1203 1201 1202
f 1203 1202 1190
f 1203 1204 1201
f 1203 1190 1191
f 1205 1204 1203
f 1205 1206 1173
f 1205 1193 1206
f 1205 1172 1204
f 1205 1173 1172
f 1205 1191 1193
f 1205 1203 1191
f 1207 1208 1209
f 1210 1208 1207
f 1211 1210 1207
f 1212 1213 1214
f 1212 1214 1215
f 1212 1215 1216
f 1217 1218 1219
f 1217 1220 1218
f 1221 1213 1212
f 1222 1223 1224
f 6 1222 1224
f 1225 1226 1210
f 1225 1227 1226
f 1225 1228 1227
f 1225 1210 1211
f 1229 1211 1230
f 1229 1230 1231
f 1229 1231 1232
f 1229 1225 1211
f 1233 1228 1225
f 1233 1234 1228
f 1233 1235 1234
f 1233 1236 1235
f 1233 1237 1236
f 1238 1225 1229
f 1238 1233 1225
f 1239 1232 1240
f 1239 1240 1241
f 1239 1241 1242
f 1239 1242 1243
f 1239 1229 1232
f 1244 1237 1233
f 1244 1217 1219
f 1244 1245 1237
f 1244 1246 1245
f 1244 1247 1246
f 1244 1219 1247
f 1248 1249 1217
f 1248 1250 1249
f 1248 1233 1238
f 1248 1217 1244
f 1248 1244 1233
f 1251 1238 1229
f 1251 1229 1239
f 1252 1213 1221
f 1252 1243 1253
f 1252 1253 1254
f 1252 1254 1213
f 1252 1221 1255
f 1252 1239 1243
f 1256 1257 1250
f 1256 1250 1248
f 1256 1258 1257
f 1256 1248 1238
f 1256 1238 1251
f 1259 1252 1255
f 1259 1260 1261
f 1259 1255 1260
f 1259 1251 1239
f 1259 1239 1252
f 1262 1263 1224
f 1262 1261 1263
f 1262 1258 1256
f 1262 1256 1251
f 1262 1259 1261
f 1262 1223 1258
f 1262 1224 1223
f 1262 1251 1259
f 1208 1264 1209
f 1210 1265 1264
f 1210 1264 1208
f 1266 1219 1218
f 1266 1218 1220
f 1267 1268 1269
f 1267 1270 1268
f 1267 1271 1270
f 1272 1273 1274
f 12 1272 1274
f 1275 1210 1226
f 1275 1226 1227
f 1275 1227 1228
f 1275 1265 1210
f 1276 1265 1275
f 1276 1277 1265
f 1276 1278 1277
f 1276 1279 1278
f 1280 1228 1234
f 1280 1234 1235
f 1280 1235 1236
f 1280 1236 1237
f 1280 1275 1228
f 1281 1282 1279
f 1281 1283 1282
f 1281 1284 1283
f 1281 1285 1284
f 1281 1279 1276
f 1286 1276 1275
f 1286 1275 1280
f 1287 1237 1245
f 1287 1280 1237
f 1287 1245 1246
f 1287 1246 1247
f 1287 1247 1219
f 1287 1266 1288
f 1287 1219 1266
f 1289 1290 1267
f 1289 1291 1290
f 1289 1292 1285
f 1289 1293 1292
f 1289 1269 1293
f 1289 1285 1281
f 1289 1267 1269
f 1294 1276 1286
f 1294 1281 1276
f 1295 1288 1296
f 1295 1286 1280
f 1295 1287 1288
f 1295 1280 1287
f 1297 1291 1289
f 1297 1298 1291
f 1297 1299 1298
f 1297 1281 1294
f 1297 1289 1281
f 1300 1286 1295
f 1300 1295 1296
f 1300 1301 1302
f 1300 1296 1301
f 1300 1294 1286
f 1303 1299 1297
f 1303 1304 1274
f 1303 1302 1304
f 1303 1300 1302
f 1303 1294 1300
f 1303 1273 1299
f 1303 1274 1273
f 1303 1297 1294
f 1305 1209 1264
f 1265 1305 1264
f 1306 1305 1265
f 1307 1268 1270
f 1307 1270 1271
f 1308 1309 1310
f 1308 1311 1309
f 1308 1312 1311
f 1313 1314 1315
f 13 1313 1315
f 1316 1265 1277
f 1316 1277 1278
f 1316 1278 1279
f 1316 1306 1265
f 1317 1306 1316
f 1317 1318 1306
f 1317 1319 1318
f 1317 1320 1319
f 1321 1279 1282
f 1321 1282 1283
f 1321 1283 1284
f 1321 1284 1285
f 1321 1316 1279
f 1322 1317 1316
f 1322 1316 1321
f 1323 1324 1320
f 1323 1325 1324
f 1323 1326 1325
f 1323 1327 1326
f 1323 1320 1317
f 1328 1285 1292
f 1328 1321 1285
f 1328 1292 1293
f 1328 1293 1269
f 1328 1269 1268
f 1328 1307 1329
f 1328 1268 1307
f 1330 1322 1321
f 1330 1329 1331
f 1330 1328 1329
f 1330 1321 1328
f 1332 1317 1322
f 1332 1323 1317
f 1333 1330 1331
f 1333 1322 1330
f 1333 1334 1335
f 1333 1331 1334
f 1333 1332 1322
f 1336 1337 1308
f 1336 1327 1323
f 1336 1338 1327
f 1336 1339 1338
f 1336 1310 1339
f 1336 1308 1310
f 1340 1323 1332
f 1340 1341 1337
f 1340 1337 1336
f 1340 1336 1323
f 1342 1343 1341
f 1342 1340 1332
f 1342 1341 1340
f 1344 1343 1342
f 1344 1342 1332
f 1345 1343 1344
f 1345 1344 1332
f 1345 1346 1343
f 1345 1332 1333
f 1347 1346 1345
f 1347 1348 1315
f 1347 1335 1348
f 1347 1314 1346
f 1347 1315 1314
f 1347 1333 1335
f 1347 1345 1333
f 1305 1349 1209
f 1350 1309 1311
f 1350 1311 1312
f 1351 1352 1353
f 1351 1354 1352
f 1355 1356 1357
f 17 1355 1357
f 1358 1305 1306
f 1358 1359 1349
f 1358 1349 1305
f 1360 1361 1359
f 1360 1362 1361
f 1360 1363 1362
f 1360 1359 1358
f 1364 1306 1318
f 1364 1318 1319
f 1364 1319 1320
f 1364 1358 1306
f 1365 1360 1358
f 1365 1358 1364
f 1366 1367 1363
f 1366 1368 1367
f 1366 1369 1368
f 1366 1370 1369
f 1366 1363 1360
f 1371 1320 1324
f 1371 1324 1325
f 1371 1325 1326
f 1371 1326 1327
f 1371 1364 1320
f 1372 1360 1365
f 1372 1366 1360
f 1373 1364 1371
f 1373 1365 1364
f 1374 1351 1353
f 1374 1375 1370
f 1374 1376 1375
f 1374 1377 1376
f 1374 1353 1377
f 1374 1370 1366
f 1378 1327 1338
f 1378 1338 1339
f 1378 1339 1310
f 1378 1310 1309
f 1378 1350 1379
f 1378 1371 1327
f 1378 1309 1350
f 1380 1366 1372
f 1380 1351 1374
f 1380 1381 1351
f 1380 1382 1381
f 1380 1374 1366
f 1383 1365 1373
f 1383 1372 1365
f 1384 1378 1379
f 1384 1379 1385
f 1384 1373 1371
f 1384 1371 1378
f 1386 1380 1372
f 1386 1382 1380
f 1386 1372 1383
f 1386 1387 1382
f 1386 1388 1387
f 1389 1384 1385
f 1389 1390 1391
f 1389 1385 1390
f 1389 1373 1384
f 1389 1383 1373
f 1392 1386 1383
f 1392 1393 1357
f 1392 1391 1393
f 1392 1389 1391
f 1392 1356 1388
f 1392 1388 1386
f 1392 1383 1389
f 1392 1357 1356
f 1394 1395 1396
f 1397 1394 1396
f 1398 1394 1397
f 1399 1400 1401
f 1399 1401 1402
f 1403 1404 1405
f 1403 1406 1404
f 1403 1407 1406
f 1408 1409 1410
f 15 1408 1410
f 1411 1397 1412
f 1411 1412 1413
f 1411 1413 1414
f 1411 1398 1397
f 1415 1398 1411
f 1415 1416 1398
f 1415 1417 1416
f 1415 1418 1417
f 1419 1414 1420
f 1419 1420 1421
f 1419 1421 1422
f 1419 1422 1423
f 1419 1411 1414
f 1424 1415 1411
f 1424 1411 1419
f 1425 1426 1418
f 1425 1427 1426
f 1425 1428 1427
f 1425 1429 1428
f 1425 1418 1415
f 1430 1423 1431
f 1430 1419 1423
f 1430 1431 1432
f 1430 1432 1433
f 1430 1433 1400
f 1430 1399 1434
f 1430 1400 1399
f 1435 1424 1419
f 1435 1434 1436
f 1435 1430 1434
f 1435 1419 1430
f 1437 1415 1424
f 1437 1425 1415
f 1438 1435 1436
f 1438 1424 1435
f 1438 1439 1440
f 1438 1436 1439
f 1438 1437 1424
f 1441 1442 1403
f 1441 1429 1425
f 1441 1443 1429
f 1441 1444 1443
f 1441 1405 1444
f 1441 1403 1405
f 1445 1425 1437
f 1445 1446 1442
f 1445 1442 1441
f 1445 1441 1425
f 1447 1448 1446
f 1447 1445 1437
f 1447 1446 1445
f 1449 1448 1447
f 1449 1447 1437
f 1450 1448 1449
f 1450 1449 1437
f 1450 1451 1448
f 1450 1437 1438
f 1452 1451 1450
f 1452 1453 1410
f 1452 1440 1453
f 1452 1409 1451
f 1452 1410 1409
f 1452 1438 1440
f 1452 1450 1438
f 1394 1454 1395
f 1455 1404 1406
f 1455 1406 1407
f 1456 1457 1458
f 1456 1459 1457
f 1460 1461 1462
f 21 1460 1462
f 1463 1394 1398
f 1463 1464 1454
f 1463 1454 1394
f 1465 1466 1464
f 1465 1467 1466
f 1465 1468 1467
f 1465 1464 1463
f 1469 1398 1416
f 1469 1416 1417
f 1469 1417 1418
f 1469 1463 1398
f 1470 1465 1463
f 1470 1463 1469
f 1471 1472 1468
f 1471 1473 1472
f 1471 1474 1473
f 1471 1475 1474
f 1471 1468 1465
f 1476 1418 1426
f 1476 1426 1427
f 1476 1427 1428
f 1476 1428 1429
f 1476 1469 1418
f 1477 1465 1470
f 1477 1471 1465
f 1478 1469 1476
f 1478 1470 1469
f 1479 1456 1458
f 1479 1480 1475
f 1479 1481 1480
f 1479 1482 1481
f 1479 1458 1482
f 1479 1475 1471
f 1483 1429 1443
f 1483 1443 1444
f 1483 1444 1405
f 1483 1405 1404
f 1483 1455 1484
f 1483 1476 1429
f 1483 1404 1455
f 1485 1471 1477
f 1485 1456 1479
f 1485 1486 1456
f 1485 1487 1486
f 1485 1479 1471
f 1488 1470 1478
f 1488 1477 1470
f 1489 1483 1484
f 1489 1484 1490
f 1489 1478 1476
f 1489 1476 1483
f 1491 1485 1477
f 1491 1487 1485
f 1491 1477 1488
f 1491 1492 1487
f 1491 1493 1492
f 1494 1489 1490
f 1494 1495 1496
f 1494 1490 1495
f 1494 1478 1489
f 1494 1488 1478
f 1497 1491 1488
f 1497 1498 1462
f 1497 1496 1498
f 1497 1494 1496
f 1497 1461 1493
f 1497 1493 1491
f 1497 1488 1494
f 1497 1462 1461
f 1499 1395 1454
f 1500 1482 1458
f 1500 1458 1457
f 1500 1457 1459
f 1501 1502 1503
f 1501 1504 1502
f 1505 1506 1507
f 22 1505 1507
f 1508 1454 1464
f 1508 1509 1499
f 1508 1499 1454
f 1510 1464 1466
f 1510 1466 1467
f 1510 1467 1468
f 1510 1508 1464
f 1511 1512 1509
f 1511 1513 1512
f 1511 1514 1513
f 1511 1509 1508
f 1515 1508 1510
f 1515 1511 1508
f 1516 1468 1472
f 1516 1472 1473
f 1516 1473 1474
f 1516 1474 1475
f 1516 1510 1468
f 1517 1518 1514
f 1517 1519 1518
f 1517 1520 1519
f 1517 1521 1520
f 1517 1514 1511
f 1522 1515 1510
f 1522 1510 1516
f 1523 1517 1511
f 1523 1511 1515
f 1524 1501 1503
f 1524 1521 1517
f 1524 1525 1521
f 1524 1526 1525
f 1524 1527 1526
f 1524 1503 1527
f 1528 1523 1515
f 1528 1515 1522
f 1529 1517 1523
f 1529 1501 1524
f 1529 1530 1501
f 1529 1531 1530
f 1529 1524 1517
f 1532 1523 1528
f 1532 1533 1531
f 1532 1534 1533
f 1532 1529 1523
f 1532 1531 1529
f 1535 1482 1500
f 1535 1475 1480
f 1535 1480 1481
f 1535 1481 1482
f 1535 1522 1516
f 1535 1500 1536
f 1535 1516 1475
f 1537 1522 1535
f 1537 1536 1538
f 1537 1535 1536
f 1539 1538 1540
f 1539 1537 1538
f 1539 1528 1522
f 1539 1522 1537
f 1541 1528 1539
f 1541 1539 1540
f 1542 1540 1543
f 1542 1541 1540
f 1542 1528 1541
f 1544 1542 1543
f 1544 1543 1545
f 1544 1532 1528
f 1544 1528 1542
f 1546 1545 1507
f 1546 1506 1534
f 1546 1507 1506
f 1546 1532 1544
f 1546 1544 1545
f 1546 1534 1532
f 1499 1547 1395
f 1548 1547 1499
f 1509 1548 1499
f 1549 1527 1503
f 1549 1503 1502
f 1549 1502 1504
f 1550 1551 1552
f 1550 1553 1551
f 1554 1527 1549
f 1555 1556 1557
f 26 1555 1557
f 1558 1559 1548
f 1558 1560 1559
f 1558 1561 1560
f 1558 1548 1509
f 1562 1509 1512
f 1562 1512 1513
f 1562 1513 1514
f 1562 1558 1509
f 1563 1561 1558
f 1563 1564 1561
f 1563 1565 1564
f 1563 1566 1565
f 1563 1567 1566
f 1568 1558 1562
f 1568 1563 1558
f 1569 1514 1518
f 1569 1518 1519
f 1569 1519 1520
f 1569 1520 1521
f 1569 1562 1514
f 1570 1567 1563
f 1570 1550 1552
f 1570 1571 1567
f 1570 1572 1571
f 1570 1573 1572
f 1570 1552 1573
f 1574 1575 1550
f 1574 1576 1575
f 1574 1563 1568
f 1574 1550 1570
f 1574 1570 1563
f 1577 1568 1562
f 1577 1562 1569
f 1578 1527 1554
f 1578 1521 1525
f 1578 1525 1526
f 1578 1526 1527
f 1578 1554 1579
f 1578 1569 1521
f 1580 1581 1576
f 1580 1576 1574
f 1580 1582 1581
f 1580 1574 1568
f 1580 1568 1577
f 1583 1578 1579
f 1583 1584 1585
f 1583 1579 1584
f 1583 1577 1569
f 1583 1569 1578
f 1586 1587 1557
f 1586 1585 1587
f 1586 1582 1580
f 1586 1580 1577
f 1586 1583 1585
f 1586 1556 1582
f 1586 1557 1556
f 1586 1577 1583
f 1588 1589 1590
f 1591 1592 1593
f 1591 1593 1594
f 1591 1594 1595
f 1596 1597 1598
f 1596 1599 1597
f 1600 1601 1602
f 20 1600 1602
f 1603 1590 1604
f 1603 1605 1588
f 1603 1588 1590
f 1606 1604 1607
f 1606 1607 1608
f 1606 1608 1609
f 1606 1603 1604
f 1610 1611 1605
f 1610 1612 1611
f 1610 1613 1612
f 1610 1605 1603
f 1614 1603 1606
f 1614 1610 1603
f 1615 1609 1616
f 1615 1616 1617
f 1615 1617 1618
f 1615 1618 1619
f 1615 1606 1609
f 1620 1621 1613
f 1620 1622 1621
f 1620 1623 1622
f 1620 1624 1623
f 1620 1613 1610
f 1625 1614 1606
f 1625 1606 1615
f 1626 1620 1610
f 1626 1610 1614
f 1627 1596 1598
f 1627 1624 1620
f 1627 1628 1624
f 1627 1629 1628
f 1627 1630 1629
f 1627 1598 1630
f 1631 1626 1614
f 1631 1614 1625
f 1632 1620 1626
f 1632 1596 1627
f 1632 1633 1596
f 1632 1634 1633
f 1632 1627 1620
f 1635 1626 1631
f 1635 1636 1634
f 1635 1637 1636
f 1635 1632 1626
f 1635 1634 1632
f 1638 1592 1591
f 1638 1619 1639
f 1638 1639 1640
f 1638 1640 1592
f 1638 1625 1615
f 1638 1591 1641
f 1638 1615 1619
f 1642 1625 1638
f 1642 1641 1643
f 1642 1638 1641
f 1644 1643 1645
f 1644 1642 1643
f 1644 1631 1625
f 1644 1625 1642
f 1646 1631 1644
f 1646 1644 1645
f 1647 1645 1648
f 1647 1646 1645
f 1647 1631 1646
f 1649 1647 1648
f 1649 1648 1650
f 1649 1635 1631
f 1649 1631 1647
f 1651 1650 1602
f 1651 1601 1637
f 1651 1602 1601
f 1651 1635 1649
f 1651 1649 1650
f 1651 1637 1635
f 1588 1652 1589
f 1653 1652 1588
f 1605 1653 1588
f 1654 1630 1598
f 1654 1598 1597
f 1654 1597 1599
f 1655 1656 1657
f 1655 1658 1656
f 1659 1630 1654
f 1660 1661 1662
f 57 1660 1662
f 1663 1664 1653
f 1663 1665 1664
f 1663 1666 1665
f 1663 1653 1605
f 1667 1605 1611
f 1667 1611 1612
f 1667 1612 1613
f 1667 1663 1605
f 1668 1666 1663
f 1668 1669 1666
f 1668 1670 1669
f 1668 1671 1670
f 1668 1672 1671
f 1673 1663 1667
f 1673 1668 1663
f 1674 1613 1621
f 1674 1621 1622
f 1674 1622 1623
f 1674 1623 1624
f 1674 1667 1613
f 1675 1672 1668
f 1675 1655 1657
f 1675 1676 1672
f 1675 1677 1676
f 1675 1678 1677
f 1675 1657 1678
f 1679 1680 1655
f 1679 1681 1680
f 1679 1668 1673
f 1679 1655 1675
f 1679 1675 1668
f 1682 1673 1667
f 1682 1667 1674
f 1683 1630 1659
f 1683 1624 1628
f 1683 1628 1629
f 1683 1629 1630
f 1683 1659 1684
f 1683 1674 1624
f 1685 1686 1681
f 1685 1681 1679
f 1685 1687 1686
f 1685 1679 1673
f 1685 1673 1682
f 1688 1683 1684
f 1688 1689 1690
f 1688 1684 1689
f 1688 1682 1674
f 1688 1674 1683
f 1691 1692 1662
f 1691 1690 1692
f 1691 1687 1685
f 1691 1685 1682
f 1691 1688 1690
f 1691 1661 1687
f 1691 1662 1661
f 1691 1682 1688
f 1652 1693 1589
f 1653 1694 1693
f 1653 1693 1652
f 1695 1657 1656
f 1695 1656 1658
f 1696 1697 1698
f 1696 1699 1697
f 1696 1700 1699
f 1701 1702 1703
f 49 1701 1703
f 1704 1653 1664
f 1704 1664 1665
f 1704 1665 1666
f 1704 1694 1653
f 1705 1694 1704
f 1705 1706 1694
f 1705 1707 1706
f 1705 1708 1707
f 1709 1666 1669
f 1709 1669 1670
f 1709 1670 1671
f 1709 1671 1672
f 1709 1704 1666
f 1710 1711 1708
f 1710 1712 1711
f 1710 1713 1712
f 1710 1714 1713
f 1710 1708 1705
f 1715 1705 1704
f 1715 1704 1709
f 1716 1672 1676
f 1716 1709 1672
f 1716 1676 1677
f 1716 1677 1678
f 1716 1678 1657
f 1716 1695 1717
f 1716 1657 1695
f 1718 1719 1696
f 1718 1720 1719
f 1718 1721 1714
f 1718 1722 1721
f 1718 1698 1722
f 1718 1714 1710
f 1718 1696 1698
f 1723 1705 1715
f 1723 1710 1705
f 1724 1717 1725
f 1724 1715 1709
f 1724 1716 1717
f 1724 1709 1716
f 1726 1720 1718
f 1726 1727 1720
f 1726 1728 1727
f 1726 1710 1723
f 1726 1718 1710
f 1729 1715 1724
f 1729 1724 1725
f 1729 1730 1731
f 1729 1725 1730
f 1729 1723 1715
f 1732 1728 1726
f 1732 1733 1703
f 1732 1731 1733
f 1732 1729 1731
f 1732 1723 1729
f 1732 1702 1728
f 1732 1703 1702
f 1732 1726 1723
f 1734 1589 1693
f 1694 1734 1693
f 1735 1734 1694
f 1736 1697 1699
f 1736 1699 1700
f 1737 1738 1739
f 1737 1740 1738
f 1737 1741 1740
f 1742 1743 1744
f 28 1742 1744
f 1745 1694 1706
f 1745 1706 1707
f 1745 1707 1708
f 1745 1735 1694
f 1746 1735 1745
f 1746 1747 1735
f 1746 1748 1747
f 1746 1749 1748
f 1750 1708 1711
f 1750 1711 1712
f 1750 1712 1713
f 1750 1713 1714
f 1750 1745 1708
f 1751 1746 1745
f 1751 1745 1750
f 1752 1753 1749
f 1752 1754 1753
f 1752 1755 1754
f 1752 1756 1755
f 1752 1749 1746
f 1757 1714 1721
f 1757 1750 1714
f 1757 1721 1722
f 1757 1722 1698
f 1757 1698 1697
f 1757 1736 1758
f 1757 1697 1736
f 1759 1751 1750
f 1759 1758 1760
f 1759 1757 1758
f 1759 1750 1757
f 1761 1746 1751
f 1761 1752 1746
f 1762 1759 1760
f 1762 1751 1759
f 1762 1763 1764
f 1762 1760 1763
f 1762 1761 1751
f 1765 1766 1737
f 1765 1756 1752
f 1765 1767 1756
f 1765 1768 1767
f 1765 1739 1768
f 1765 1737 1739
f 1769 1752 1761
f 1769 1770 1766
f 1769 1766 1765
f 1769 1765 1752
f 1771 1772 1770
f 1771 1769 1761
f 1771 1770 1769
f 1773 1772 1771
f 1773 1771 1761
f 1774 1772 1773
f 1774 1773 1761
f 1774 1775 1772
f 1774 1761 1762
f 1776 1775 1774
f 1776 1777 1744
f 1776 1764 1777
f 1776 1743 1775
f 1776 1744 1743
f 1776 1762 1764
f 1776 1774 1762
f 1778 1779 1780
f 1781 1779 1778
f 1782 1781 1778
f 1783 1784 1785
f 1783 1785 1786
f 1783 1786 1787
f 1788 1789 1790
f 1788 1791 1789
f 1792 1784 1783
f 1793 1794 1795
f 56 1793 1795
f 1796 1797 1781
f 1796 1798 1797
f 1796 1799 1798
f 1796 1781 1782
f 1800 1782 1801
f 1800 1801 1802
f 1800 1802 1803
f 1800 1796 1782
f 1804 1799 1796
f 1804 1805 1799
f 1804 1806 1805
f 1804 1807 1806
f 1804 1808 1807
f 1809 1796 1800
f 1809 1804 1796
f 1810 1803 1811
f 1810 1811 1812
f 1810 1812 1813
f 1810 1813 1814
f 1810 1800 1803
f 1815 1808 1804
f 1815 1788 1790
f 1815 1816 1808
f 1815 1817 1816
f 1815 1818 1817
f 1815 1790 1818
f 1819 1820 1788
f 1819 1821 1820
f 1819 1804 1809
f 1819 1788 1815
f 1819 1815 1804
f 1822 1809 1800
f 1822 1800 1810
f 1823 1784 1792
f 1823 1814 1824
f 1823 1824 1825
f 1823 1825 1784
f 1823 1792 1826
f 1823 1810 1814
f 1827 1828 1821
f 1827 1821 1819
f 1827 1829 1828
f 1827 1819 1809
f 1827 1809 1822
f 1830 1823 1826
f 1830 1831 1832
f 1830 1826 1831
f 1830 1822 1810
f 1830 1810 1823
f 1833 1834 1795
f 1833 1832 1834
f 1833 1829 1827
f 1833 1827 1822
f 1833 1830 1832
f 1833 1794 1829
f 1833 1795 1794
f 1833 1822 1830
f 1779 1835 1780
f 1781 1836 1835
f 1781 1835 1779
f 1837 1790 1789
f 1837 1789 1791
f 1838 1839 1840
f 1838 1841 1839
f 1838 1842 1841
f 1843 1844 1845
f 59 1843 1845
f 1846 1781 1797
f 1846 1797 1798
f 1846 1798 1799
f 1846 1836 1781
f 1847 1836 1846
f 1847 1848 1836
f 1847 1849 1848
f 1847 1850 1849
f 1851 1799 1805
f 1851 1805 1806
f 1851 1806 1807
f 1851 1807 1808
f 1851 1846 1799
f 1852 1853 1850
f 1852 1854 1853
f 1852 1855 1854
f 1852 1856 1855
f 1852 1850 1847
f 1857 1847 1846
f 1857 1846 1851
f 1858 1808 1816
f 1858 1851 1808
f 1858 1816 1817
f 1858 1817 1818
f 1858 1818 1790
f 1858 1837 1859
f 1858 1790 1837
f 1860 1861 1838
f 1860 1862 1861
f 1860 1863 1856
f 1860 1864 1863
f 1860 1840 1864
f 1860 1856 1852
f 1860 1838 1840
f 1865 1847 1857
f 1865 1852 1847
f 1866 1859 1867
f 1866 1857 1851
f 1866 1858 1859
f 1866 1851 1858
f 1868 1862 1860
f 1868 1869 1862
f 1868 1870 1869
f 1868 1852 1865
f 1868 1860 1852
f 1871 1857 1866
f 1871 1866 1867
f 1871 1872 1873
f 1871 1867 1872
f 1871 1865 1857
f 1874 1870 1868
f 1874 1875 1845
f 1874 1873 1875
f 1874 1871 1873
f 1874 1865 1871
f 1874 1844 1870
f 1874 1845 1844
f 1874 1868 1865
f 1876 1780 1835
f 1836 1876 1835
f 1877 1876 1836
f 1878 1839 1841
f 1878 1841 1842
f 1879 1880 1881
f 1879 1882 1880
f 1879 1883 1882
f 1884 1885 1886
f 47 1884 1886
f 1887 1836 1848
f 1887 1848 1849
f 1887 1849 1850
f 1887 1877 1836
f 1888 1877 1887
f 1888 1889 1877
f 1888 1890 1889
f 1888 1891 1890
f 1892 1850 1853
f 1892 1853 1854
f 1892 1854 1855
f 1892 1855 1856
f 1892 1887 1850
f 1893 1888 1887
f 1893 1887 1892
f 1894 1895 1891
f 1894 1896 1895
f 1894 1897 1896
f 1894 1898 1897
f 1894 1891 1888
f 1899 1856 1863
f 1899 1892 1856
f 1899 1863 1864
f 1899 1864 1840
f 1899 1840 1839
f 1899 1878 1900
f 1899 1839 1878
f 1901 1893 1892
f 1901 1900 1902
f 1901 1899 1900
f 1901 1892 1899
f 1903 1888 1893
f 1903 1894 1888
f 1904 1901 1902
f 1904 1893 1901
f 1904 1905 1906
f 1904 1902 1905
f 1904 1903 1893
f 1907 1908 1879
f 1907 1898 1894
f 1907 1909 1898
f 1907 1910 1909
f 1907 1881 1910
f 1907 1879 1881
f 1911 1894 1903
f 1911 1912 1908
f 1911 1908 1907
f 1911 1907 1894
f 1913 1914 1912
f 1913 1911 1903
f 1913 1912 1911
f 1915 1914 1913
f 1915 1913 1903
f 1916 1914 1915
f 1916 1915 1903
f 1916 1917 1914
f 1916 1903 1904
f 1918 1917 1916
f 1918 1919 1886
f 1918 1906 1919
f 1918 1885 1917
f 1918 1886 1885
f 1918 1904 1906
f 1918 1916 1904
f 1876 1920 1780
f 1921 1880 1882
f 1921 1882 1883
f 1922 1923 1924
f 1922 1925 1923
f 1926 1927 1928
f 53 1926 1928
f 1929 1876 1877
f 1929 1930 1920
f 1929 1920 1876
f 1931 1932 1930
f 1931 1933 1932
f 1931 1934 1933
f 1931 1930 1929
f 1935 1877 1889
f 1935 1889 1890
f 1935 1890 1891
f 1935 1929 1877
f 1936 1931 1929
f 1936 1929 1935
f 1937 1938 1934
f 1937 1939 1938
f 1937 1940 1939
f 1937 1941 1940
f 1937 1934 1931
f 1942 1891 1895
f 1942 1895 1896
f 1942 1896 1897
f 1942 1897 1898
f 1942 1935 1891
f 1943 1931 1936
f 1943 1937 1931
f 1944 1935 1942
f 1944 1936 1935
f 1945 1922 1924
f 1945 1946 1941
f 1945 1947 1946
f 1945 1948 1947
f 1945 1924 1948
f 1945 1941 1937
f 1949 1898 1909
f 1949 1909 1910
f 1949 1910 1881
f 1949 1881 1880
f 1949 1921 1950
f 1949 1942 1898
f 1949 1880 1921
f 1951 1937 1943
f 1951 1922 1945
f 1951 1952 1922
f 1951 1953 1952
f 1951 1945 1937
f 1954 1936 1944
f 1954 1943 1936
f 1955 1949 1950
f 1955 1950 1956
f 1955 1944 1942
f 1955 1942 1949
f 1957 1951 1943
f 1957 1953 1951
f 1957 1943 1954
f 1957 1958 1953
f 1957 1959 1958
f 1960 1955 1956
f 1960 1961 1962
f 1960 1956 1961
f 1960 1944 1955
f 1960 1954 1944
f 1963 1957 1954
f 1963 1964 1928
f 1963 1962 1964
f 1963 1960 1962
f 1963 1927 1959
f 1963 1959 1957
f 1963 1954 1960
f 1963 1928 1927
f 1965 1966 1967
f 1968 1969 1970
f 1968 1970 1971
f 1972 1973 1974
f 1972 1975 1973
f 1976 1977 1978
f 58 1976 1978
f 1979 1965 1980
f 1979 1981 1966
f 1979 1966 1965
f 1982 1983 1981
f 1982 1984 1983
f 1982 1985 1984
f 1982 1981 1979
f 1986 1980 1987
f 1986 1987 1988
f 1986 1988 1989
f 1986 1979 1980
f 1990 1982 1979
f 1990 1979 1986
f 1991 1992 1985
f 1991 1993 1992
f 1991 1994 1993
f 1991 1995 1994
f 1991 1985 1982
f 1996 1989 1997
f 1996 1997 1998
f 1996 1998 1999
f 1996 1999 2000
f 1996 1986 1989
f 2001 1982 1990
f 2001 1991 1982
f 2002 1986 1996
f 2002 1990 1986
f 2003 1972 1974
f 2003 2004 1995
f 2003 2005 2004
f 2003 2006 2005
f 2003 1974 2006
f 2003 1995 1991
f 2007 2000 2008
f 2007 2008 2009
f 2007 2009 2010
f 2007 2010 1969
f 2007 1968 2011
f 2007 1996 2000
f 2007 1969 1968
f 2012 1991 2001
f 2012 1972 2003
f 2012 2013 1972
f 2012 2014 2013
f 2012 2003 1991
f 2015 1990 2002
f 2015 2001 1990
f 2016 2007 2011
f 2016 2011 2017
f 2016 2002 1996
f 2016 1996 2007
f 2018 2012 2001
f 2018 2014 2012
f 2018 2001 2015
f 2018 2019 2014
f 2018 2020 2019
f 2021 2016 2017
f 2021 2022 2023
f 2021 2017 2022
f 2021 2002 2016
f 2021 2015 2002
f 2024 2018 2015
f 2024 2025 1978
f 2024 2023 2025
f 2024 2021 2023
f 2024 1977 2020
f 2024 2020 2018
f 2024 2015 2021
f 2024 1978 1977
f 2026 1967 1966
f 2027 2006 1974
f 2027 1974 1973
f 2027 1973 1975
f 2028 2029 2030
f 2028 2031 2029
f 2032 2033 2034
f 10 2032 2034
f 2035 1966 1981
f 2035 2036 2026
f 2035 2026 1966
f 2037 1981 1983
f 2037 1983 1984
f 2037 1984 1985
f 2037 2035 1981
f 2038 2039 2036
f 2038 2040 2039
f 2038 2041 2040
f 2038 2036 2035
f 2042 2035 2037
f 2042 2038 2035
f 2043 1985 1992
f 2043 1992 1993
f 2043 1993 1994
f 2043 1994 1995
f 2043 2037 1985
f 2044 2045 2041
f 2044 2046 2045
f 2044 2047 2046
f 2044 2048 2047
f 2044 2041 2038
f 2049 2042 2037
f 2049 2037 2043
f 2050 2044 2038
f 2050 2038 2042
f 2051 2028 2030
f 2051 2048 2044
f 2051 2052 2048
f 2051 2053 2052
f 2051 2054 2053
f 2051 2030 2054
f 2055 2050 2042
f 2055 2042 2049
f 2056 2044 2050
f 2056 2028 2051
f 2056 2057 2028
f 2056 2058 2057
f 2056 2051 2044
f 2059 2050 2055
f 2059 2060 2058
f 2059 2061 2060
f 2059 2056 2050
f 2059 2058 2056
f 2062 2006 2027
f 2062 1995 2004
f 2062 2004 2005
f 2062 2005 2006
f 2062 2049 2043
f 2062 2027 2063
f 2062 2043 1995
f 2064 2049 2062
f 2064 2063 2065
f 2064 2062 2063
f 2066 2065 2067
f 2066 2064 2065
f 2066 2055 2049
f 2066 2049 2064
f 2068 2055 2066
f 2068 2066 2067
f 2069 2067 2070
f 2069 2068 2067
f 2069 2055 2068
f 2071 2069 2070
f 2071 2070 2072
f 2071 2059 2055
f 2071 2055 2069
f 2073 2072 2034
f 2073 2033 2061
f 2073 2034 2033
f 2073 2059 2071
f 2073 2071 2072
f 2073 2061 2059
f 2026 2074 1967
f 2075 2074 2026
f 2036 2075 2026
f 2076 2054 2030
f 2076 2030 2029
f 2076 2029 2031
f 2077 2078 2079
f 2077 2080 2078
f 2081 2054 2076
f 2082 2083 2084
f 5 2082 2084
f 2085 2086 2075
f 2085 2087 2086
f 2085 2088 2087
f 2085 2075 2036
f 2089 2036 2039
f 2089 2039 2040
f 2089 2040 2041
f 2089 2085 2036
f 2090 2088 2085
f 2090 2091 2088
f 2090 2092 2091
f 2090 2093 2092
f 2090 2094 2093
f 2095 2085 2089
f 2095 2090 2085
f 2096 2041 2045
f 2096 2045 2046
f 2096 2046 2047
f 2096 2047 2048
f 2096 2089 2041
f 2097 2094 2090
f 2097 2077 2079
f 2097 2098 2094
f 2097 2099 2098
f 2097 2100 2099
f 2097 2079 2100
f 2101 2102 2077
f 2101 2103 2102
f 2101 2090 2095
f 2101 2077 2097
f 2101 2097 2090
f 2104 2095 2089
f 2104 2089 2096
f 2105 2054 2081
f 2105 2048 2052
f 2105 2052 2053
f 2105 2053 2054
f 2105 2081 2106
f 2105 2096 2048
f 2107 2108 2103
f 2107 2103 2101
f 2107 2109 2108
f 2107 2101 2095
f 2107 2095 2104
f 2110 2105 2106
f 2110 2111 2112
f 2110 2106 2111
f 2110 2104 2096
f 2110 2096 2105
f 2113 2114 2084
f 2113 2112 2114
f 2113 2109 2107
f 2113 2107 2104
f 2113 2110 2112
f 2113 2083 2109
f 2113 2084 2083
f 2113 2104 2110
f 2074 2115 1967
f 2075 2116 2115
f 2075 2115 2074
f 2117 2079 2078
f 2117 2078 2080
f 2118 2119 2120
f 2118 2121 2119
f 2118 2122 2121
f 2123 2124 2125
f 2 2123 2125
f 2126 2075 2086
f 2126 2086 2087
f 2126 2087 2088
f 2126 2116 2075
f 2127 2116 2126
f 2127 2128 2116
f 2127 2129 2128
f 2127 2130 2129
f 2131 2088 2091
f 2131 2091 2092
f 2131 2092 2093
f 2131 2093 2094
f 2131 2126 2088
f 2132 2133 2130
f 2132 2134 2133
f 2132 2135 2134
f 2132 2136 2135
f 2132 2130 2127
f 2137 2127 2126
f 2137 2126 2131
f 2138 2094 2098
f 2138 2131 2094
f 2138 2098 2099
f 2138 2099 2100
f 2138 2100 2079
f 2138 2117 2139
f 2138 2079 2117
f 2140 2141 2118
f 2140 2142 2141
f 2140 2143 2136
f 2140 2144 2143
f 2140 2120 2144
f 2140 2136 2132
f 2140 2118 2120
f 2145 2127 2137
f 2145 2132 2127
f 2146 2139 2147
f 2146 2137 2131
f 2146 2138 2139
f 2146 2131 2138
f 2148 2142 2140
f 2148 2149 2142
f 2148 2150 2149
f 2148 2132 2145
f 2148 2140 2132
f 2151 2137 2146
f 2151 2146 2147
f 2151 2152 2153
f 2151 2147 2152
f 2151 2145 2137
f 2154 2150 2148
f 2154 2155 2125
f 2154 2153 2155
f 2154 2151 2153
f 2154 2145 2151
f 2154 2124 2150
f 2154 2125 2124
f 2154 2148 2145
f 2156 2157 2158
f 2159 2160 2161
f 2159 2161 2162
f 2159 2162 2163
f 2164 2165 2166
f 2164 2167 2165
f 2168 2169 2170
f 60 2168 2170
f 2171 2158 2172
f 2171 2173 2156
f 2171 2156 2158
f 2174 2172 2175
f 2174 2175 2176
f 2174 2176 2177
f 2174 2171 2172
f 2178 2179 2173
f 2178 2180 2179
f 2178 2181 2180
f 2178 2173 2171
f 2182 2171 2174
f 2182 2178 2171
f 2183 2177 2184
f 2183 2184 2185
f 2183 2185 2186
f 2183 2186 2187
f 2183 2174 2177
f 2188 2189 2181
f 2188 2190 2189
f 2188 2191 2190
f 2188 2192 2191
f 2188 2181 2178
f 2193 2182 2174
f 2193 2174 2183
f 2194 2188 2178
f 2194 2178 2182
f 2195 2164 2166
f 2195 2192 2188
f 2195 2196 2192
f 2195 2197 2196
f 2195 2198 2197
f 2195 2166 2198
f 2199 2194 2182
f 2199 2182 2193
f 2200 2188 2194
f 2200 2164 2195
f 2200 2201 2164
f 2200 2202 2201
f 2200 2195 2188
f 2203 2194 2199
f 2203 2204 2202
f 2203 2205 2204
f 2203 2200 2194
f 2203 2202 2200
f 2206 2160 2159
f 2206 2187 2207
f 2206 2207 2208
f 2206 2208 2160
f 2206 2193 2183
f 2206 2159 2209
f 2206 2183 2187
f 2210 2193 2206
f 2210 2209 2211
f 2210 2206 2209
f 2212 2211 2213
f 2212 2210 2211
f 2212 2199 2193
f 2212 2193 2210
f 2214 2199 2212
f 2214 2212 2213
f 2215 2213 2216
f 2215 2214 2213
f 2215 2199 2214
f 2217 2215 2216
f 2217 2216 2218
f 2217 2203 2199
f 2217 2199 2215
f 2219 2218 2170
f 2219 2169 2205
f 2219 2170 2169
f 2219 2203 2217
f 2219 2217 2218
f 2219 2205 2203
f 2156 2220 2157
f 2221 2220 2156
f 2173 2221 2156
f 2222 2198 2166
f 2222 2166 2165
f 2222 2165 2167
f 2223 2224 2225
f 2223 2226 2224
f 2227 2198 2222
f 2228 2229 2230
f 55 2228 2230
f 2231 2232 2221
f 2231 2233 2232
f 2231 2234 2233
f 2231 2221 2173
f 2235 2173 2179
f 2235 2179 2180
f 2235 2180 2181
f 2235 2231 2173
f 2236 2234 2231
f 2236 2237 2234
f 2236 2238 2237
f 2236 2239 2238
f 2236 2240 2239
f 2241 2231 2235
f 2241 2236 2231
f 2242 2181 2189
f 2242 2189 2190
f 2242 2190 2191
f 2242 2191 2192
f 2242 2235 2181
f 2243 2240 2236
f 2243 2223 2225
f 2243 2244 2240
f 2243 2245 2244
f 2243 2246 2245
f 2243 2225 2246
f 2247 2248 2223
f 2247 2249 2248
f 2247 2236 2241
f 2247 2223 2243
f 2247 2243 2236
f 2250 2241 2235
f 2250 2235 2242
f 2251 2198 2227
f 2251 2192 2196
f 2251 2196 2197
f 2251 2197 2198
f 2251 2227 2252
f 2251 2242 2192
f 2253 2254 2249
f 2253 2249 2247
f 2253 2255 2254
f 2253 2247 2241
f 2253 2241 2250
f 2256 2251 2252
f 2256 2257 2258
f 2256 2252 2257
f 2256 2250 2242
f 2256 2242 2251
f 2259 2260 2230
f 2259 2258 2260
f 2259 2255 2253
f 2259 2253 2250
f 2259 2256 2258
f 2259 2229 2255
f 2259 2230 2229
f 2259 2250 2256
f 2220 2261 2157
f 2221 2262 2261
f 2221 2261 2220
f 2263 2225 2224
f 2263 2224 2226
f 2264 2265 2266
f 2264 2267 2265
f 2264 2268 2267
f 2269 2270 2271
f 19 2269 2271
f 2272 2221 2232
f 2272 2232 2233
f 2272 2233 2234
f 2272 2262 2221
f 2273 2262 2272
f 2273 2274 2262
f 2273 2275 2274
f 2273 2276 2275
f 2277 2234 2237
f 2277 2237 2238
f 2277 2238 2239
f 2277 2239 2240
f 2277 2272 2234
f 2278 2279 2276
f 2278 2280 2279
f 2278 2281 2280
f 2278 2282 2281
f 2278 2276 2273
f 2283 2273 2272
f 2283 2272 2277
f 2284 2240 2244
f 2284 2277 2240
f 2284 2244 2245
f 2284 2245 2246
f 2284 2246 2225
f 2284 2263 2285
f 2284 2225 2263
f 2286 2287 2264
f 2286 2288 2287
f 2286 2289 2282
f 2286 2290 2289
f 2286 2266 2290
f 2286 2282 2278
f 2286 2264 2266
f 2291 2273 2283
f 2291 2278 2273
f 2292 2285 2293
f 2292 2283 2277
f 2292 2284 2285
f 2292 2277 2284
f 2294 2288 2286
f 2294 2295 2288
f 2294 2296 2295
f 2294 2278 2291
f 2294 2286 2278
f 2297 2283 2292
f 2297 2292 2293
f 2297 2298 2299
f 2297 2293 2298
f 2297 2291 2283
f 2300 2296 2294
f 2300 2301 2271
f 2300 2299 2301
f 2300 2297 2299
f 2300 2291 2297
f 2300 2270 2296
f 2300 2271 2270
f 2300 2294 2291
f 2302 2157 2261
f 2262 2302 2261
f 2303 2302 2262
f 2304 2265 2267
f 2304 2267 2268
f 2305 2306 2307
f 2305 2308 2306
f 2305 2309 2308
f 2310 2311 2312
f 14 2310 2312
f 2313 2262 2274
f 2313 2274 2275
f 2313 2275 2276
f 2313 2303 2262
f 2314 2303 2313
f 2314 2315 2303
f 2314 2316 2315
f 2314 2317 2316
f 2318 2276 2279
f 2318 2279 2280
f 2318 2280 2281
f 2318 2281 2282
f 2318 2313 2276
f 2319 2314 2313
f 2319 2313 2318
f 2320 2321 2317
f 2320 2322 2321
f 2320 2323 2322
f 2320 2324 2323
f 2320 2317 2314
f 2325 2282 2289
f 2325 2318 2282
f 2325 2289 2290
f 2325 2290 2266
f 2325 2266 2265
f 2325 2304 2326
f 2325 2265 2304
f 2327 2319 2318
f 2327 2326 2328
f 2327 2325 2326
f 2327 2318 2325
f 2329 2314 2319
f 2329 2320 2314
f 2330 2327 2328
f 2330 2319 2327
f 2330 2331 2332
f 2330 2328 2331
f 2330 2329 2319
f 2333 2334 2305
f 2333 2324 2320
f 2333 2335 2324
f 2333 2336 2335
f 2333 2307 2336
f 2333 2305 2307
f 2337 2320 2329
f 2337 2338 2334
f 2337 2334 2333
f 2337 2333 2320
f 2339 2340 2338
f 2339 2337 2329
f 2339 2338 2337
f 2341 2340 2339
f 2341 2339 2329
f 2342 2340 2341
f 2342 2341 2329
f 2342 2343 2340
f 2342 2329 2330
f 2344 2343 2342
f 2344 2345 2312
f 2344 2332 2345
f 2344 2311 2343
f 2344 2312 2311
f 2344 2330 2332
f 2344 2342 2330
f 2346 11 10
f 2346 10 2034
f 2347 2034 2072
f 2347 2346 2034
f 2348 2072 2070
f 2348 2347 2072
f 2349 2070 2067
f 2349 2348 2070
f 2350 2067 2065
f 2350 2349 2067
f 2351 2065 2063
f 2351 2350 2065
f 2352 2063 2027
f 2352 2351 2063
f 2163 2027 1975
f 2163 2352 2027
f 2159 1975 1972
f 2159 2163 1975
f 2209 1972 2013
f 2209 2159 1972
f 2211 2013 2014
f 2211 2209 2013
f 2213 2014 2019
f 2213 2211 2014
f 2216 2019 2020
f 2216 2213 2019
f 2218 2020 1977
f 2218 2216 2020
f 2170 1977 1976
f 2170 2218 1977
f 60 1976 58
f 60 2170 1976
f 2353 48 47
f 2353 47 1886
f 2354 1886 1919
f 2354 2353 1886
f 2355 1919 1906
f 2355 2354 1919
f 2356 1906 1905
f 2356 2355 1906
f 2357 1905 1902
f 2357 2356 1905
f 2358 1902 1900
f 2358 2357 1902
f 2359 1900 1878
f 2359 2358 1900
f 1971 1878 1842
f 1971 2359 1878
f 1968 1842 1838
f 1968 1971 1842
f 2011 1838 1861
f 2011 1968 1838
f 2017 1861 1862
f 2017 2011 1861
f 2022 1862 1869
f 2022 2017 1862
f 2023 1869 1870
f 2023 2022 1869
f 2025 1870 1844
f 2025 2023 1870
f 1978 1844 1843
f 1978 2025 1844
f 58 1843 59
f 58 1978 1843
f 2168 60 59
f 2168 59 1845
f 2169 1845 1875
f 2169 2168 1845
f 2205 1875 1873
f 2205 2169 1875
f 2204 1873 1872
f 2204 2205 1873
f 2202 1872 1867
f 2202 2204 1872
f 2201 1867 1859
f 2201 2202 1867
f 2164 1859 1837
f 2164 2201 1859
f 2167 1837 1791
f 2167 2164 1837
f 2222 1791 1788
f 2222 2167 1791
f 2227 1788 1820
f 2227 2222 1788
f 2252 1820 1821
f 2252 2227 1820
f 2257 1821 1828
f 2257 2252 1821
f 2258 1828 1829
f 2258 2257 1828
f 2260 1829 1794
f 2260 2258 1829
f 2230 1794 1793
f 2230 2260 1794
f 55 1793 56
f 55 2230 1793
f 1660 57 56
f 1660 56 1795
f 1661 1795 1834
f 1661 1660 1795
f 1687 1834 1832
f 1687 1661 1834
f 1686 1832 1831
f 1686 1687 1832
f 1681 1831 1826
f 1681 1686 1831
f 1680 1826 1792
f 1680 1681 1826
f 1655 1792 1783
f 1655 1680 1792
f 1658 1783 1787
f 1658 1655 1783
f 1695 1787 2360
f 1695 1658 1787
f 1717 2360 2361
f 1717 1695 2360
f 1725 2361 2362
f 1725 1717 2361
f 1730 2362 2363
f 1730 1725 2362
f 1731 2363 2364
f 1731 1730 2363
f 1733 2364 2365
f 1733 1731 2364
f 1703 2365 2366
f 1703 1733 2365
f 49 2366 50
f 49 1703 2366
f 1600 19 2271
f 1600 20 19
f 1601 2271 2301
f 1601 1600 2271
f 1637 2301 2299
f 1637 1601 2301
f 1636 2299 2298
f 1636 1637 2299
f 1634 2298 2293
f 1634 1636 2298
f 1633 2293 2285
f 1633 1634 2293
f 1596 2285 2263
f 1596 1633 2285
f 1599 2263 2226
f 1599 1596 2263
f 1654 2226 2223
f 1654 1599 2226
f 1659 2223 2248
f 1659 1654 2223
f 1684 2248 2249
f 1684 1659 2248
f 1689 2249 2254
f 1689 1684 2249
f 1690 2254 2255
f 1690 1689 2254
f 1692 2255 2229
f 1692 1690 2255
f 1662 2229 2228
f 1662 1692 2229
f 57 2228 55
f 57 1662 2228
f 2302 2158 2157
f 2172 2158 2302
f 2303 2172 2302
f 2367 2306 2308
f 2367 2308 2309
f 2352 2161 2160
f 2352 2162 2161
f 2352 2163 2162
f 2346 2347 2368
f 11 2346 2368
f 2369 2303 2315
f 2369 2315 2316
f 2369 2316 2317
f 2369 2172 2303
f 2370 2175 2172
f 2370 2176 2175
f 2370 2177 2176
f 2370 2172 2369
f 2371 2317 2321
f 2371 2321 2322
f 2371 2322 2323
f 2371 2323 2324
f 2371 2369 2317
f 2372 2184 2177
f 2372 2185 2184
f 2372 2186 2185
f 2372 2187 2186
f 2372 2177 2370
f 2373 2369 2371
f 2373 2370 2369
f 2374 2371 2324
f 2374 2306 2367
f 2374 2324 2335
f 2374 2335 2336
f 2374 2336 2307
f 2374 2307 2306
f 2374 2367 2375
f 2376 2370 2373
f 2376 2372 2370
f 2377 2375 2378
f 2377 2373 2371
f 2377 2374 2375
f 2377 2371 2374
f 2379 2373 2377
f 2379 2376 2373
f 2379 2380 2381
f 2379 2378 2380
f 2379 2377 2378
f 2382 2351 2352
f 2382 2352 2160
f 2382 2207 2187
f 2382 2208 2207
f 2382 2160 2208
f 2382 2187 2372
f 2383 2350 2351
f 2383 2351 2382
f 2383 2382 2372
f 2383 2372 2376
f 2384 2349 2350
f 2384 2383 2376
f 2384 2350 2383
f 2385 2384 2376
f 2385 2349 2384
f 2386 2348 2349
f 2386 2376 2379
f 2386 2385 2376
f 2386 2349 2385
f 2387 2347 2348
f 2387 2348 2386
f 2387 2379 2381
f 2387 2368 2347
f 2387 2388 2368
f 2387 2381 2388
f 2387 2386 2379
f 1965 1967 2115
f 2116 1965 2115
f 1980 1965 2116
f 2389 2119 2121
f 2389 2121 2122
f 2359 1969 2010
f 2359 1970 1969
f 2359 1971 1970
f 2353 2354 2390
f 48 2353 2390
f 2391 2116 2128
f 2391 2128 2129
f 2391 2129 2130
f 2391 1980 2116
f 2392 1980 2391
f 2392 1987 1980
f 2392 1988 1987
f 2392 1989 1988
f 2393 2130 2133
f 2393 2133 2134
f 2393 2134 2135
f 2393 2135 2136
f 2393 2391 2130
f 2394 2391 2393
f 2394 2392 2391
f 2395 1997 1989
f 2395 1998 1997
f 2395 1999 1998
f 2395 2000 1999
f 2395 1989 2392
f 2396 2119 2389
f 2396 2393 2136
f 2396 2136 2143
f 2396 2143 2144
f 2396 2144 2120
f 2396 2120 2119
f 2396 2389 2397
f 2398 2397 2399
f 2398 2394 2393
f 2398 2393 2396
f 2398 2396 2397
f 2400 2392 2394
f 2400 2395 2392
f 2401 2400 2394
f 2401 2402 2403
f 2401 2399 2402
f 2401 2398 2399
f 2401 2394 2398
f 2404 2359 2010
f 2404 2358 2359
f 2404 2008 2000
f 2404 2009 2008
f 2404 2010 2009
f 2404 2000 2395
f 2405 2357 2358
f 2405 2404 2395
f 2405 2395 2400
f 2405 2358 2404
f 2406 2356 2357
f 2406 2357 2405
f 2406 2405 2400
f 2407 2406 2400
f 2407 2356 2406
f 2408 2355 2356
f 2408 2400 2401
f 2408 2407 2400
f 2408 2356 2407
f 2409 2354 2355
f 2409 2355 2408
f 2409 2408 2401
f 2409 2390 2354
f 2409 2410 2390
f 2409 2403 2410
f 2409 2401 2403
f 1778 1780 1920
f 2411 1948 1924
f 2411 1924 1923
f 2411 1923 1925
f 2360 1786 1785
f 2360 1787 1786
f 2366 2365 2412
f 50 2366 2412
f 2413 1782 1778
f 2413 1920 1930
f 2413 1778 1920
f 2414 1930 1932
f 2414 1932 1933
f 2414 1933 1934
f 2414 2413 1930
f 2415 1801 1782
f 2415 1802 1801
f 2415 1803 1802
f 2415 1782 2413
f 2416 2415 2413
f 2416 2413 2414
f 2417 1934 1938
f 2417 1938 1939
f 2417 1939 1940
f 2417 1940 1941
f 2417 2414 1934
f 2418 1811 1803
f 2418 1812 1811
f 2418 1813 1812
f 2418 1814 1813
f 2418 1803 2415
f 2419 2414 2417
f 2419 2416 2414
f 2420 2415 2416
f 2420 2418 2415
f 2421 2360 1785
f 2421 1824 1814
f 2421 1825 1824
f 2421 1784 1825
f 2421 1785 1784
f 2421 1814 2418
f 2422 2416 2419
f 2422 2420 2416
f 2423 2361 2360
f 2423 2362 2361
f 2423 2421 2418
f 2423 2418 2420
f 2423 2360 2421
f 2424 2363 2362
f 2424 2364 2363
f 2424 2362 2423
f 2424 2420 2422
f 2424 2423 2420
f 2425 1941 1946
f 2425 1946 1947
f 2425 1947 1948
f 2425 2411 2426
f 2425 2417 1941
f 2425 1948 2411
f 2425 2419 2417
f 2427 2426 2428
f 2427 2419 2425
f 2427 2425 2426
f 2429 2419 2427
f 2429 2428 2430
f 2429 2427 2428
f 2429 2422 2419
f 2431 2429 2430
f 2431 2422 2429
f 2432 2430 2433
f 2432 2431 2430
f 2432 2422 2431
f 2434 2433 2435
f 2434 2424 2422
f 2434 2432 2433
f 2434 2422 2432
f 2436 2364 2424
f 2436 2365 2364
f 2436 2412 2365
f 2436 2435 2412
f 2436 2424 2434
f 2436 2434 2435
f 1734 1590 1589
f 2437 1738 1740
f 2437 1740 1741
f 2438 1594 1593
f 2438 1595 1594
f 2439 2440 2441
f 23 2439 2441
f 2442 1604 1590
f 2442 1734 1735
f 2442 1590 1734
f 2443 1607 1604
f 2443 1608 1607
f 2443 1609 1608
f 2443 1604 2442
f 2444 2442 1735
f 2444 1735 1747
f 2444 1747 1748
f 2444 1748 1749
f 2445 2442 2444
f 2445 2443 2442
f 2446 1616 1609
f 2446 1617 1616
f 2446 1618 1617
f 2446 1619 1618
f 2446 1609 2443
f 2447 1749 1753
f 2447 1753 1754
f 2447 1754 1755
f 2447 1755 1756
f 2447 2444 1749
f 2448 2446 2443
f 2448 2443 2445
f 2449 2445 2444
f 2449 2444 2447
f 2450 2438 1593
f 2450 1639 1619
f 2450 1640 1639
f 2450 1592 1640
f 2450 1593 1592
f 2450 1619 2446
f 2451 2437 2452
f 2451 1738 2437
f 2451 1756 1767
f 2451 1767 1768
f 2451 1768 1739
f 2451 1739 1738
f 2451 2447 1756
f 2453 2450 2446
f 2453 2454 2438
f 2453 2455 2454
f 2453 2446 2448
f 2453 2438 2450
f 2456 2445 2449
f 2456 2448 2445
f 2457 2452 2458
f 2457 2447 2451
f 2457 2449 2447
f 2457 2451 2452
f 2459 2460 2455
f 2459 2461 2460
f 2459 2448 2456
f 2459 2453 2448
f 2459 2455 2453
f 2462 2449 2457
f 2462 2463 2464
f 2462 2458 2463
f 2462 2457 2458
f 2462 2456 2449
f 2465 2466 2441
f 2465 2464 2466
f 2465 2440 2461
f 2465 2456 2462
f 2465 2441 2440
f 2465 2462 2464
f 2465 2459 2456
f 2465 2461 2459
f 2439 23 22
f 2439 22 1507
f 2440 1507 1545
f 2440 2439 1507
f 2461 1545 1543
f 2461 2440 1545
f 2460 1543 1540
f 2460 2461 1543
f 2455 1540 1538
f 2455 2460 1540
f 2454 1538 1536
f 2454 2455 1538
f 2438 1536 1500
f 2438 2454 1536
f 1595 1500 1459
f 1595 2438 1500
f 1591 1459 1456
f 1591 1595 1459
f 1641 1456 1486
f 1641 1591 1456
f 1643 1486 1487
f 1643 1641 1486
f 1645 1487 1492
f 1645 1643 1487
f 1648 1492 1493
f 1648 1645 1492
f 1650 1493 1461
f 1650 1648 1493
f 1602 1461 1460
f 1602 1650 1461
f 20 1460 21
f 20 1602 1460
f 2269 19 21
f 2269 21 1462
f 2270 1462 1498
f 2270 2269 1462
f 2296 1498 1496
f 2296 2270 1498
f 2295 1496 1495
f 2295 2296 1496
f 2288 1495 1490
f 2288 2295 1495
f 2287 1490 1484
f 2287 2288 1490
f 2264 1484 1455
f 2264 2287 1484
f 2268 1455 1407
f 2268 2264 1455
f 2304 1407 1403
f 2304 2268 1407
f 2326 1403 1442
f 2326 2304 1403
f 2328 1442 1446
f 2328 2326 1442
f 2331 1446 1448
f 2331 2328 1446
f 2332 1448 1451
f 2332 2331 1448
f 2345 1451 1409
f 2345 2332 1451
f 2312 1409 1408
f 2312 2345 1409
f 14 1408 15
f 14 2312 1408
f 2467 18 17
f 2467 17 1357
f 2468 1357 1393
f 2468 2467 1357
f 2469 1393 1391
f 2469 2468 1393
f 2470 1391 1390
f 2470 2469 1391
f 2471 1390 1385
f 2471 2470 1390
f 2472 1385 1379
f 2472 2471 1385
f 2473 1379 1350
f 2473 2472 1379
f 1402 1350 1312
f 1402 2473 1350
f 1399 1312 1308
f 1399 1402 1312
f 1434 1308 1337
f 1434 1399 1308
f 1436 1337 1341
f 1436 1434 1337
f 1439 1341 1343
f 1439 1436 1341
f 1440 1343 1346
f 1440 1439 1343
f 1453 1346 1314
f 1453 1440 1346
f 1410 1314 1313
f 1410 1453 1314
f 15 1313 13
f 15 1410 1313
f 2310 14 13
f 2310 13 1315
f 2311 1315 1348
f 2311 2310 1315
f 2343 1348 1335
f 2343 2311 1348
f 2340 1335 1334
f 2340 2343 1335
f 2338 1334 1331
f 2338 2340 1334
f 2334 1331 1329
f 2334 2338 1331
f 2305 1329 1307
f 2305 2334 1329
f 2309 1307 1271
f 2309 2305 1307
f 2367 1271 1267
f 2367 2309 1271
f 2375 1267 1290
f 2375 2367 1267
f 2378 1290 1291
f 2378 2375 1290
f 2380 1291 1298
f 2380 2378 1291
f 2381 1298 1299
f 2381 2380 1298
f 2388 1299 1273
f 2388 2381 1299
f 2368 1273 1272
f 2368 2388 1273
f 11 1272 12
f 11 2368 1272
f 2032 10 12
f 2032 12 1274
f 2033 1274 1304
f 2033 2032 1274
f 2061 1304 1302
f 2061 2033 1304
f 2060 1302 1301
f 2060 2061 1302
f 2058 1301 1296
f 2058 2060 1301
f 2057 1296 1288
f 2057 2058 1296
f 2028 1288 1266
f 2028 2057 1288
f 2031 1266 1220
f 2031 2028 1266
f 2076 1220 1217
f 2076 2031 1220
f 2081 1217 1249
f 2081 2076 1217
f 2106 1249 1250
f 2106 2081 1249
f 2111 1250 1257
f 2111 2106 1250
f 2112 1257 1258
f 2112 2111 1257
f 2114 1258 1223
f 2114 2112 1258
f 2084 1223 1222
f 2084 2114 1223
f 5 1222 6
f 5 2084 1222
f 2474 9 8
f 2474 8 1132
f 2475 1132 1162
f 2475 2474 1132
f 2476 1162 1160
f 2476 2475 1162
f 2477 1160 1159
f 2477 2476 1160
f 2478 1159 1154
f 2478 2477 1159
f 2479 1154 1146
f 2479 2478 1154
f 2480 1146 1124
f 2480 2479 1146
f 1216 1124 1087
f 1216 2480 1124
f 1212 1087 1084
f 1212 1216 1087
f 1221 1084 1109
f 1221 1212 1084
f 1255 1109 1110
f 1255 1221 1109
f 1260 1110 1115
f 1260 1255 1110
f 1261 1115 1116
f 1261 1260 1115
f 1263 1116 1090
f 1263 1261 1116
f 1224 1090 1089
f 1224 1263 1090
f 6 1089 4
f 6 1224 1089
f 2082 5 4
f 2082 4 1091
f 2083 1091 1121
f 2083 2082 1091
f 2109 1121 1119
f 2109 2083 1121
f 2108 1119 1118
f 2108 2109 1119
f 2103 1118 1113
f 2103 2108 1118
f 2102 1113 1088
f 2102 2103 1113
f 2077 1088 1083
f 2077 2102 1088
f 2080 1083 1028
f 2080 2077 1083
f 2117 1028 1025
f 2117 2080 1028
f 2139 1025 1062
f 2139 2117 1025
f 2147 1062 1063
f 2147 2139 1062
f 2152 1063 1065
f 2152 2147 1063
f 2153 1065 1066
f 2153 2152 1065
f 2155 1066 1030
f 2155 2153 1066
f 2125 1030 1029
f 2125 2155 1030
f 2 1029 3
f 2 2125 1029
f 2481 42 41
f 2481 41 977
f 2482 977 1015
f 2482 2481 977
f 2483 1015 1013
f 2483 2482 1015
f 2484 1013 1010
f 2484 2483 1013
f 2485 1010 1008
f 2485 2484 1010
f 2486 1008 1006
f 2486 2485 1008
f 2487 1006 970
f 2487 2486 1006
f 1024 970 929
f 1024 2487 970
f 1020 929 926
f 1020 1024 929
f 1070 926 956
f 1070 1020 926
f 1072 956 957
f 1072 1070 956
f 1074 957 962
f 1074 1072 957
f 1077 962 963
f 1077 1074 962
f 1079 963 931
f 1079 1077 963
f 1031 931 930
f 1031 1079 931
f 3 930 1
f 3 1031 930
f 2123 2 1
f 2123 1 932
f 2124 932 968
f 2124 2123 932
f 2150 968 966
f 2150 2124 968
f 2149 966 965
f 2149 2150 966
f 2142 965 960
f 2142 2149 965
f 2141 960 954
f 2141 2142 960
f 2118 954 925
f 2118 2141 954
f 2122 925 887
f 2122 2118 925
f 2389 887 883
f 2389 2122 887
f 2397 883 912
f 2397 2389 883
f 2399 912 916
f 2399 2397 912
f 2402 916 918
f 2402 2399 916
f 2403 918 921
f 2403 2402 918
f 2410 921 889
f 2410 2403 921
f 2390 889 888
f 2390 2410 889
f 48 888 46
f 48 2390 888
f 1884 47 46
f 1884 46 890
f 1885 890 923
f 1885 1884 890
f 1917 923 910
f 1917 1885 923
f 1914 910 909
f 1914 1917 910
f 1912 909 906
f 1912 1914 909
f 1908 906 904
f 1908 1912 906
f 1879 904 882
f 1879 1908 904
f 1883 882 836
f 1883 1879 882
f 1921 836 832
f 1921 1883 836
f 1950 832 865
f 1950 1921 832
f 1956 865 866
f 1956 1950 865
f 1961 866 873
f 1961 1956 866
f 1962 873 874
f 1962 1961 873
f 1964 874 838
f 1964 1962 874
f 1928 838 837
f 1928 1964 838
f 53 837 54
f 53 1928 837
f 2488 38 37
f 2488 37 792
f 2489 792 822
f 2489 2488 792
f 2490 822 820
f 2490 2489 822
f 2491 820 819
f 2491 2490 820
f 2492 819 814
f 2492 2491 819
f 2493 814 789
f 2493 2492 814
f 2494 789 784
f 2494 2493 789
f 831 784 739
f 831 2494 784
f 828 739 736
f 828 831 739
f 863 736 765
f 863 828 736
f 871 765 766
f 871 863 765
f 876 766 768
f 876 871 766
f 877 768 769
f 877 876 768
f 879 769 741
f 879 877 769
f 839 741 740
f 839 879 741
f 54 740 52
f 54 839 740
f 695 51 50
f 695 50 2412
f 696 2412 2435
f 696 695 2412
f 728 2435 2433
f 728 696 2435
f 727 2433 2430
f 727 728 2433
f 722 2430 2428
f 722 727 2430
f 721 2428 2426
f 721 722 2428
f 691 2426 2411
f 691 721 2426
f 694 2411 1925
f 694 691 2411
f 735 1925 1922
f 735 694 1925
f 771 1922 1952
f 771 735 1922
f 773 1952 1953
f 773 771 1952
f 775 1953 1958
f 775 773 1953
f 778 1958 1959
f 778 775 1958
f 780 1959 1927
f 780 778 1959
f 742 1927 1926
f 742 780 1927
f 52 1926 53
f 52 742 1926
f 643 29 28
f 643 28 1744
f 644 1744 1777
f 644 643 1744
f 686 1777 1764
f 686 644 1777
f 683 1764 1763
f 683 686 1764
f 681 1763 1760
f 681 683 1763
f 677 1760 1758
f 677 681 1760
f 638 1758 1736
f 638 677 1758
f 642 1736 1700
f 642 638 1736
f 690 1700 1696
f 690 642 1700
f 719 1696 1719
f 719 690 1696
f 725 1719 1720
f 725 719 1719
f 730 1720 1727
f 730 725 1720
f 731 1727 1728
f 731 730 1727
f 733 1728 1702
f 733 731 1728
f 697 1702 1701
f 697 733 1702
f 51 1701 49
f 51 697 1701
f 2495 32 31
f 2495 31 592
f 2496 592 628
f 2496 2495 592
f 2497 628 626
f 2497 2496 628
f 2498 626 625
f 2498 2497 626
f 2499 625 620
f 2499 2498 625
f 2500 620 614
f 2500 2499 620
f 2501 614 585
f 2501 2500 614
f 637 585 547
f 637 2501 585
f 634 547 543
f 634 637 547
f 669 543 572
f 669 634 543
f 671 572 576
f 671 669 572
f 674 576 578
f 674 671 576
f 675 578 581
f 675 674 578
f 688 581 549
f 688 675 581
f 645 549 548
f 645 688 549
f 29 548 30
f 29 645 548
f 1742 28 30
f 1742 30 550
f 1743 550 583
f 1743 1742 550
f 1775 583 570
f 1775 1743 583
f 1772 570 569
f 1772 1775 570
f 1770 569 566
f 1770 1772 569
f 1766 566 564
f 1766 1770 566
f 1737 564 542
f 1737 1766 564
f 1741 542 506
f 1741 1737 542
f 2437 506 502
f 2437 1741 506
f 2452 502 525
f 2452 2437 502
f 2458 525 526
f 2458 2452 525
f 2463 526 533
f 2463 2458 526
f 2464 533 534
f 2464 2463 533
f 2466 534 508
f 2466 2464 534
f 2441 508 507
f 2441 2466 508
f 23 507 24
f 23 2441 507
f 457 26 1557
f 457 27 26
f 458 1557 1587
f 458 457 1557
f 493 1587 1585
f 493 458 1587
f 492 1585 1584
f 492 493 1585
f 485 1584 1579
f 485 492 1584
f 484 1579 1554
f 484 485 1579
f 452 1554 1549
f 452 484 1554
f 455 1549 1504
f 455 452 1549
f 501 1504 1501
f 501 455 1504
f 523 1501 1530
f 523 501 1501
f 531 1530 1531
f 531 523 1530
f 536 1531 1533
f 536 531 1531
f 537 1533 1534
f 537 536 1533
f 539 1534 1506
f 539 537 1534
f 509 1506 1505
f 509 539 1506
f 24 1505 22
f 24 509 1505
f 1547 1396 1395
f 1397 1396 1547
f 1548 1397 1547
f 2502 1552 1551
f 2502 1551 1553
f 2473 1400 1433
f 2473 1401 1400
f 2473 1402 1401
f 2467 2468 2503
f 18 2467 2503
f 2504 1548 1559
f 2504 1559 1560
f 2504 1560 1561
f 2504 1397 1548
f 2505 1397 2504
f 2505 1412 1397
f 2505 1413 1412
f 2505 1414 1413
f 2506 1561 1564
f 2506 1564 1565
f 2506 1565 1566
f 2506 1566 1567
f 2506 2504 1561
f 2507 1420 1414
f 2507 1421 1420
f 2507 1422 1421
f 2507 1423 1422
f 2507 1414 2505
f 2508 2504 2506
f 2508 2505 2504
f 2509 1552 2502
f 2509 2506 1567
f 2509 1567 1571
f 2509 1571 1572
f 2509 1572 1573
f 2509 1573 1552
f 2509 2502 2510
f 2511 2472 2473
f 2511 2471 2472
f 2511 2473 1433
f 2511 1431 1423
f 2511 1432 1431
f 2511 1433 1432
f 2511 1423 2507
f 2512 2505 2508
f 2512 2507 2505
f 2513 2509 2510
f 2513 2510 2514
f 2513 2508 2506
f 2513 2506 2509
f 2515 2470 2471
f 2515 2469 2470
f 2515 2507 2512
f 2515 2511 2507
f 2515 2471 2511
f 2516 2513 2514
f 2516 2508 2513
f 2516 2517 2518
f 2516 2514 2517
f 2516 2512 2508
f 2519 2468 2469
f 2519 2469 2515
f 2519 2515 2512
f 2519 2512 2516
f 2519 2503 2468
f 2519 2520 2503
f 2519 2518 2520
f 2519 2516 2518
f 1207 1209 1349
f 2521 1377 1353
f 2521 1353 1352
f 2521 1352 1354
f 2480 1215 1214
f 2480 1216 1215
f 2474 2475 2522
f 9 2474 2522
f 2523 1211 1207
f 2523 1349 1359
f 2523 1207 1349
f 2524 1359 1361
f 2524 1361 1362
f 2524 1362 1363
f 2524 2523 1359
f 2525 1230 1211
f 2525 1231 1230
f 2525 1232 1231
f 2525 1211 2523
f 2526 2525 2523
f 2526 2523 2524
f 2527 1363 1367
f 2527 1367 1368
f 2527 1368 1369
f 2527 1369 1370
f 2527 2524 1363
f 2528 1240 1232
f 2528 1241 1240
f 2528 1242 1241
f 2528 1243 1242
f 2528 1232 2525
f 2529 2524 2527
f 2529 2526 2524
f 2530 2525 2526
f 2530 2528 2525
f 2531 2480 1214
f 2531 1253 1243
f 2531 1254 1253
f 2531 1213 1254
f 2531 1214 1213
f 2531 1243 2528
f 2532 2526 2529
f 2532 2530 2526
f 2533 2479 2480
f 2533 2478 2479
f 2533 2531 2528
f 2533 2528 2530
f 2533 2480 2531
f 2534 2477 2478
f 2534 2476 2477
f 2534 2478 2533
f 2534 2530 2532
f 2534 2533 2530
f 2535 1370 1375
f 2535 1375 1376
f 2535 1376 1377
f 2535 2521 2536
f 2535 2527 1370
f 2535 1377 2521
f 2535 2529 2527
f 2537 2536 2538
f 2537 2529 2535
f 2537 2535 2536
f 2539 2529 2537
f 2539 2538 2540
f 2539 2537 2538
f 2539 2532 2529
f 2541 2539 2540
f 2541 2532 2539
f 2542 2540 2543
f 2542 2541 2540
f 2542 2532 2541
f 2544 2543 2545
f 2544 2534 2532
f 2544 2542 2543
f 2544 2532 2542
f 2546 2476 2534
f 2546 2475 2476
f 2546 2522 2475
f 2546 2545 2522
f 2546 2534 2544
f 2546 2544 2545
f 1163 1019 1018
f 1033 1019 1163
f 1164 1033 1163
f 2547 1167 1169
f 2547 1169 1170
f 2487 1022 1021
f 2487 1023 1022
f 2487 1024 1023
f 2481 2482 2548
f 42 2481 2548
f 2549 1164 1176
f 2549 1176 1177
f 2549 1177 1178
f 2549 1033 1164
f 2550 1036 1033
f 2550 1037 1036
f 2550 1038 1037
f 2550 1033 2549
f 2551 1178 1182
f 2551 1182 1183
f 2551 1183 1184
f 2551 1184 1185
f 2551 2549 1178
f 2552 1045 1038
f 2552 1046 1045
f 2552 1047 1046
f 2552 1048 1047
f 2552 1038 2550
f 2553 2549 2551
f 2553 2550 2549
f 2554 2551 1185
f 2554 1167 2547
f 2554 1185 1196
f 2554 1196 1197
f 2554 1197 1168
f 2554 1168 1167
f 2554 2547 2555
f 2556 2550 2553
f 2556 2552 2550
f 2557 2555 2558
f 2557 2553 2551
f 2557 2554 2555
f 2557 2551 2554
f 2559 2553 2557
f 2559 2556 2553
f 2559 2560 2561
f 2559 2558 2560
f 2559 2557 2558
f 2562 2486 2487
f 2562 2487 1021
f 2562 1068 1048
f 2562 1069 1068
f 2562 1021 1069
f 2562 1048 2552
f 2563 2485 2486
f 2563 2486 2562
f 2563 2562 2552
f 2563 2552 2556
f 2564 2484 2485
f 2564 2563 2556
f 2564 2485 2563
f 2565 2564 2556
f 2565 2484 2564
f 2566 2483 2484
f 2566 2556 2559
f 2566 2565 2556
f 2566 2484 2565
f 2567 2482 2483
f 2567 2483 2566
f 2567 2559 2561
f 2567 2548 2482
f 2567 2568 2548
f 2567 2561 2568
f 2567 2566 2559
f 969 823 825
f 826 823 969
f 979 826 969
f 2569 997 973
f 2569 973 972
f 2569 972 974
f 2494 830 829
f 2494 831 830
f 2570 997 2569
f 2488 2489 2571
f 38 2488 2571
f 2572 841 826
f 2572 842 841
f 2572 843 842
f 2572 826 979
f 2573 979 982
f 2573 982 983
f 2573 983 984
f 2573 2572 979
f 2574 849 843
f 2574 850 849
f 2574 851 850
f 2574 852 851
f 2574 843 2572
f 2575 2574 2572
f 2575 2572 2573
f 2576 984 988
f 2576 988 989
f 2576 989 990
f 2576 990 991
f 2576 2573 984
f 2577 2494 829
f 2577 852 2574
f 2577 860 852
f 2577 861 860
f 2577 862 861
f 2577 829 862
f 2578 2493 2494
f 2578 2492 2493
f 2578 2494 2577
f 2578 2577 2574
f 2578 2574 2575
f 2579 2575 2573
f 2579 2573 2576
f 2580 997 2570
f 2580 991 995
f 2580 995 996
f 2580 996 997
f 2580 2570 2581
f 2580 2576 991
f 2582 2491 2492
f 2582 2490 2491
f 2582 2575 2579
f 2582 2578 2575
f 2582 2492 2578
f 2583 2579 2576
f 2583 2584 2585
f 2583 2581 2584
f 2583 2576 2580
f 2583 2580 2581
f 2586 2489 2490
f 2586 2490 2582
f 2586 2571 2489
f 2586 2587 2571
f 2586 2585 2587
f 2586 2579 2583
f 2586 2582 2579
f 2586 2583 2585
f 782 631 630
f 632 631 782
f 783 632 782
f 2588 787 786
f 2588 786 788
f 2501 635 668
f 2501 636 635
f 2501 637 636
f 2495 2496 2589
f 32 2495 2589
f 2590 783 794
f 2590 794 795
f 2590 795 796
f 2590 632 783
f 2591 632 2590
f 2591 647 632
f 2591 648 647
f 2591 649 648
f 2592 796 799
f 2592 799 800
f 2592 800 801
f 2592 801 802
f 2592 2590 796
f 2593 655 649
f 2593 656 655
f 2593 657 656
f 2593 658 657
f 2593 649 2591
f 2594 2590 2592
f 2594 2591 2590
f 2595 787 2588
f 2595 2592 802
f 2595 802 806
f 2595 806 807
f 2595 807 808
f 2595 808 787
f 2595 2588 2596
f 2597 2500 2501
f 2597 2499 2500
f 2597 2501 668
f 2597 666 658
f 2597 667 666
f 2597 668 667
f 2597 658 2593
f 2598 2591 2594
f 2598 2593 2591
f 2599 2595 2596
f 2599 2596 2600
f 2599 2594 2592
f 2599 2592 2595
f 2601 2498 2499
f 2601 2497 2498
f 2601 2593 2598
f 2601 2597 2593
f 2601 2499 2597
f 2602 2599 2600
f 2602 2594 2599
f 2602 2603 2604
f 2602 2600 2603
f 2602 2598 2594
f 2605 2496 2497
f 2605 2497 2601
f 2605 2601 2598
f 2605 2598 2602
f 2605 2589 2496
f 2605 2606 2589
f 2605 2604 2606
f 2605 2602 2604
f 442 444 584
f 594 442 584
f 446 442 594
f 2607 612 588
f 2607 588 587
f 2607 587 589
f 2608 450 449
f 2608 451 450
f 2609 2610 2611
f 35 2609 2611
f 2612 465 446
f 2612 466 465
f 2612 467 466
f 2612 446 594
f 2613 2612 594
f 2613 594 596
f 2613 596 597
f 2613 597 598
f 2614 467 2612
f 2614 475 467
f 2614 476 475
f 2614 477 476
f 2614 478 477
f 2615 598 602
f 2615 602 603
f 2615 603 604
f 2615 604 605
f 2615 2613 598
f 2616 2612 2613
f 2616 2614 2612
f 2617 2608 449
f 2617 478 2614
f 2617 488 478
f 2617 489 488
f 2617 448 489
f 2617 449 448
f 2618 2616 2613
f 2618 2613 2615
f 2619 2620 2608
f 2619 2621 2620
f 2619 2608 2617
f 2619 2614 2616
f 2619 2617 2614
f 2622 2623 2621
f 2622 2624 2623
f 2622 2616 2618
f 2622 2619 2616
f 2622 2621 2619
f 2625 2607 2626
f 2625 2615 605
f 2625 605 610
f 2625 610 611
f 2625 611 612
f 2625 612 2607
f 2627 2615 2625
f 2627 2626 2628
f 2627 2625 2626
f 2629 2628 2630
f 2629 2627 2628
f 2629 2618 2615
f 2629 2615 2627
f 2631 2618 2629
f 2631 2629 2630
f 2632 2630 2633
f 2632 2631 2630
f 2632 2618 2631
f 2634 2633 2635
f 2634 2632 2633
f 2634 2618 2632
f 2634 2622 2618
f 2636 2635 2611
f 2636 2634 2635
f 2636 2610 2624
f 2636 2611 2610
f 2636 2622 2634
f 2636 2624 2622
f 2609 35 34
f 2609 34 411
f 2610 411 441
f 2610 2609 411
f 2624 441 439
f 2624 2610 441
f 2623 439 438
f 2623 2624 439
f 2621 438 433
f 2621 2623 438
f 2620 433 425
f 2620 2621 433
f 2608 425 403
f 2608 2620 425
f 451 403 366
f 451 2608 403
f 447 366 363
f 447 451 366
f 456 363 388
f 456 447 363
f 490 388 389
f 490 456 388
f 495 389 394
f 495 490 389
f 496 394 395
f 496 495 394
f 498 395 369
f 498 496 395
f 459 369 368
f 459 498 369
f 27 368 25
f 27 459 368
f 1555 26 25
f 1555 25 370
f 1556 370 400
f 1556 1555 370
f 1582 400 398
f 1582 1556 400
f 1581 398 397
f 1581 1582 398
f 1576 397 392
f 1576 1581 397
f 1575 392 367
f 1575 1576 392
f 1550 367 362
f 1550 1575 367
f 1553 362 317
f 1553 1550 362
f 2502 317 314
f 2502 1553 317
f 2510 314 343
f 2510 2502 314
f 2514 343 344
f 2514 2510 343
f 2517 344 346
f 2517 2514 344
f 2518 346 347
f 2518 2517 346
f 2520 347 319
f 2520 2518 347
f 2503 319 318
f 2503 2520 319
f 18 318 16
f 18 2503 318
f 1355 17 16
f 1355 16 320
f 1356 320 358
f 1356 1355 320
f 1388 358 356
f 1388 1356 358
f 1387 356 353
f 1387 1388 356
f 1382 353 351
f 1382 1387 353
f 1381 351 349
f 1381 1382 351
f 1351 349 313
f 1351 1381 349
f 1354 313 261
f 1354 1351 313
f 2521 261 258
f 2521 1354 261
f 2536 258 299
f 2536 2521 258
f 2538 299 300
f 2538 2536 299
f 2540 300 305
f 2540 2538 300
f 2543 305 306
f 2543 2540 305
f 2545 306 263
f 2545 2543 306
f 2522 263 262
f 2522 2545 263
f 9 262 7
f 9 2522 262
f 2637 43 45
f 2637 45 1173
f 2638 1173 1206
f 2638 2637 1173
f 2639 1206 1193
f 2639 2638 1206
f 2640 1193 1192
f 2640 2639 1193
f 2641 1192 1189
f 2641 2640 1192
f 2642 1189 1187
f 2642 2641 1189
f 2643 1187 1165
f 2643 2642 1187
f 257 1165 1129
f 257 2643 1165
f 254 1129 1125
f 254 257 1129
f 297 1125 1148
f 297 254 1125
f 303 1148 1149
f 303 297 1148
f 308 1149 1156
f 308 303 1149
f 309 1156 1157
f 309 308 1156
f 311 1157 1131
f 311 309 1157
f 264 1131 1130
f 264 311 1131
f 7 1130 8
f 7 264 1130
f 1171 45 44
f 1171 44 217
f 1172 217 250
f 1172 1171 217
f 1204 250 237
f 1204 1172 250
f 1201 237 236
f 1201 1204 237
f 1199 236 233
f 1199 1201 236
f 1195 233 231
f 1195 1199 233
f 1166 231 209
f 1166 1195 231
f 1170 209 173
f 1170 1166 209
f 2547 173 169
f 2547 1170 173
f 2555 169 192
f 2555 2547 169
f 2558 192 193
f 2558 2555 192
f 2560 193 200
f 2560 2558 193
f 2561 200 201
f 2561 2560 200
f 2568 201 175
f 2568 2561 201
f 2548 175 174
f 2548 2568 175
f 42 174 40
f 42 2548 174
f 975 41 40
f 975 40 176
f 976 176 206
f 976 975 176
f 1004 206 204
f 1004 976 206
f 1003 204 203
f 1003 1004 204
f 1001 203 198
f 1001 1003 203
f 1000 198 190
f 1000 1001 198
f 971 190 168
f 971 1000 190
f 974 168 131
f 974 971 168
f 2569 131 128
f 2569 974 131
f 2570 128 153
f 2570 2569 128
f 2581 153 154
f 2581 2570 153
f 2584 154 159
f 2584 2581 154
f 2585 159 160
f 2585 2584 159
f 2587 160 134
f 2587 2585 160
f 2571 134 133
f 2571 2587 134
f 38 133 39
f 38 2571 133
f 790 37 39
f 790 39 135
f 791 135 165
f 791 790 135
f 817 165 163
f 817 791 165
f 816 163 162
f 816 817 163
f 811 162 157
f 811 816 162
f 810 157 132
f 810 811 157
f 785 132 127
f 785 810 132
f 788 127 72
f 788 785 127
f 2588 72 69
f 2588 788 72
f 2596 69 106
f 2596 2588 69
f 2600 106 107
f 2600 2596 106
f 2603 107 109
f 2603 2600 107
f 2604 109 110
f 2604 2603 109
f 2606 110 74
f 2606 2604 110
f 2589 74 73
f 2589 2606 74
f 32 73 33
f 32 2589 73
f 2644 36 35
f 2644 35 2611
f 2645 2611 2635
f 2645 2644 2611
f 2646 2635 2633
f 2646 2645 2635
f 2647 2633 2630
f 2647 2646 2633
f 2648 2630 2628
f 2648 2647 2630
f 2649 2628 2626
f 2649 2648 2628
f 2650 2626 2607
f 2650 2649 2626
f 68 2607 589
f 68 2650 2607
f 64 589 586
f 64 68 589
f 114 586 616
f 114 64 586
f 116 616 617
f 116 114 616
f 118 617 622
f 118 116 617
f 121 622 623
f 121 118 622
f 123 623 591
f 123 121 623
f 75 591 590
f 75 123 591
f 33 590 31
f 33 75 590
f 251 253 401
f 402 251 401
f 266 251 402
f 2651 405 407
f 2651 407 408
f 2643 255 296
f 2643 256 255
f 2643 257 256
f 2637 2638 2652
f 43 2637 2652
f 2653 402 414
f 2653 414 415
f 2653 415 416
f 2653 266 402
f 2654 266 2653
f 2654 273 266
f 2654 274 273
f 2654 275 274
f 2655 416 419
f 2655 419 420
f 2655 420 421
f 2655 421 422
f 2655 2653 416
f 2656 2653 2655
f 2656 2654 2653
f 2657 283 275
f 2657 284 283
f 2657 285 284
f 2657 286 285
f 2657 275 2654
f 2658 405 2651
f 2658 2655 422
f 2658 422 429
f 2658 429 430
f 2658 430 406
f 2658 406 405
f 2658 2651 2659
f 2660 2659 2661
f 2660 2656 2655
f 2660 2655 2658
f 2660 2658 2659
f 2662 2654 2656
f 2662 2657 2654
f 2663 2662 2656
f 2663 2664 2665
f 2663 2661 2664
f 2663 2660 2661
f 2663 2656 2660
f 2666 2643 296
f 2666 2642 2643
f 2666 294 286
f 2666 295 294
f 2666 296 295
f 2666 286 2657
f 2667 2641 2642
f 2667 2666 2657
f 2667 2657 2662
f 2667 2642 2666
f 2668 2640 2641
f 2668 2641 2667
f 2668 2667 2662
f 2669 2668 2662
f 2669 2640 2668
f 2670 2639 2640
f 2670 2662 2663
f 2670 2669 2662
f 2670 2640 2669
f 2671 2638 2639
f 2671 2639 2670
f 2671 2670 2663
f 2671 2652 2638
f 2671 2672 2652
f 2671 2665 2672
f 2671 2663 2665
f 207 63 62
f 77 63 207
f 208 77 207
f 2673 211 213
f 2673 213 214
f 2650 66 65
f 2650 67 66
f 2650 68 67
f 2644 2645 2674
f 36 2644 2674
f 2675 208 220
f 2675 220 221
f 2675 221 222
f 2675 77 208
f 2676 80 77
f 2676 81 80
f 2676 82 81
f 2676 77 2675
f 2677 222 226
f 2677 226 227
f 2677 227 228
f 2677 228 229
f 2677 2675 222
f 2678 89 82
f 2678 90 89
f 2678 91 90
f 2678 92 91
f 2678 82 2676
f 2679 2675 2677
f 2679 2676 2675
f 2680 2677 229
f 2680 211 2673
f 2680 229 240
f 2680 240 241
f 2680 241 212
f 2680 212 211
f 2680 2673 2681
f 2682 2676 2679
f 2682 2678 2676
f 2683 2681 2684
f 2683 2679 2677
f 2683 2680 2681
f 2683 2677 2680
f 2685 2679 2683
f 2685 2682 2679
f 2685 2686 2687
f 2685 2684 2686
f 2685 2683 2684
f 2688 2649 2650
f 2688 2650 65
f 2688 112 92
f 2688 113 112
f 2688 65 113
f 2688 92 2678
f 2689 2648 2649
f 2689 2649 2688
f 2689 2688 2678
f 2689 2678 2682
f 2690 2647 2648
f 2690 2689 2682
f 2690 2648 2689
f 2691 2690 2682
f 2691 2647 2690
f 2692 2646 2647
f 2692 2682 2685
f 2692 2691 2682
f 2692 2647 2691
f 2693 2645 2646
f 2693 2646 2692
f 2693 2685 2687
f 2693 2674 2645
f 2693 2694 2674
f 2693 2687 2694
f 2693 2692 2685
f 215 44 43
f 215 43 2652
f 216 2652 2672
f 216 215 2652
f 248 2672 2665
f 248 216 2672
f 245 2665 2664
f 245 248 2665
f 243 2664 2661
f 243 245 2664
f 239 2661 2659
f 239 243 2661
f 210 2659 2651
f 210 239 2659
f 214 2651 408
f 214 210 2651
f 2673 408 404
f 2673 214 408
f 2681 404 427
f 2681 2673 404
f 2684 427 428
f 2684 2681 427
f 2686 428 435
f 2686 2684 428
f 2687 435 436
f 2687 2686 435
f 2694 436 410
f 2694 2687 436
f 2674 410 409
f 2674 2694 410
f 36 409 34
f 36 2674 409
f 2695 2696 2697
f 2698 2695 2697
f 2699 2700 2701
f 2701 2700 2702
f 2703 2704 2705
f 2704 2706 2705
f 2707 2708 2709
f 2710 2708 2707
f 2711 2712 2713
f 2711 2713 2714
f 2715 2716 2717
f 2717 2716 2718
f 2710 2707 2719
f 2719 2720 2721
f 2707 2720 2719
f 2721 2722 2723
f 2720 2722 2721
f 2723 2724 2725
f 2722 2724 2723
f 2725 2726 2727
f 2724 2726 2725
f 2727 2728 2729
f 2726 2728 2727
f 2729 2730 2731
f 2728 2730 2729
f 2731 2732 2733
f 2730 2732 2731
f 2732 2734 2733
f 2733 2734 2735
f 2734 2736 2735
f 2735 2736 2737
f 2737 2738 2739
f 2736 2738 2737
f 2739 2740 2741
f 2738 2740 2739
f 2741 2742 2743
f 2740 2742 2741
f 2743 2744 2745
f 2742 2744 2743
f 2745 2746 2747
f 2744 2746 2745
f 2747 2748 2749
f 2746 2748 2747
f 2749 2750 2751
f 2748 2750 2749
f 2751 2752 2753
f 2750 2752 2751
f 2752 2754 2753
f 2753 2755 2756
f 2754 2755 2753
f 2756 2757 2758
f 2755 2757 2756
f 2758 2759 2760
f 2760 2759 2761
f 2757 2759 2758
f 2761 2762 2763
f 2759 2762 2761
f 2762 2764 2763
f 2763 2765 2766
f 2764 2765 2763
f 2766 2767 2768
f 2768 2767 2769
f 2765 2767 2766
f 2767 2770 2769
f 2769 2771 2772
f 2772 2771 2773
f 2770 2771 2769
f 2771 2774 2773
f 2773 2775 2776
f 2776 2775 2777
f 2774 2775 2773
f 2777 2778 2779
f 2775 2778 2777
f 2779 2780 2711
f 2778 2780 2779
f 2780 2712 2711
f 2712 2780 2781
f 2782 2783 2698
f 2780 2784 2781
f 2778 2784 2780
f 2784 2785 2781
f 2786 2785 2787
f 2781 2785 2786
f 2785 2788 2787
f 2787 2788 2789
f 2784 2790 2785
f 2775 2790 2778
f 2778 2790 2784
f 2788 2791 2789
f 2792 2791 2793
f 2789 2791 2792
f 2785 2794 2788
f 2790 2794 2785
f 2775 2795 2790
f 2774 2795 2775
f 2771 2795 2774
f 2791 2796 2793
f 2793 2796 2797
f 2794 2798 2788
f 2788 2798 2791
f 2790 2799 2794
f 2795 2799 2790
f 2796 2800 2797
f 2797 2800 2801
f 2798 2802 2791
f 2791 2802 2796
f 2794 2803 2798
f 2799 2803 2794
f 2795 2804 2799
f 2770 2804 2771
f 2771 2804 2795
f 2800 2805 2801
f 2806 2805 2807
f 2801 2805 2806
f 2796 2808 2800
f 2802 2808 2796
f 2803 2809 2798
f 2798 2809 2802
f 2804 2810 2799
f 2799 2810 2803
f 2805 2811 2807
f 2807 2811 2812
f 2770 2813 2804
f 2767 2813 2770
f 2765 2813 2767
f 2800 2814 2805
f 2808 2814 2800
f 2809 2815 2802
f 2802 2815 2808
f 2810 2816 2803
f 2803 2816 2809
f 2811 2817 2812
f 2818 2817 2819
f 2812 2817 2818
f 2804 2820 2810
f 2813 2820 2804
f 2814 2821 2805
f 2805 2821 2811
f 2808 2822 2814
f 2815 2822 2808
f 2816 2823 2809
f 2809 2823 2815
f 2817 2824 2819
f 2819 2824 2825
f 2810 2826 2816
f 2820 2826 2810
f 2811 2827 2817
f 2821 2827 2811
f 2764 2828 2765
f 2813 2828 2820
f 2765 2828 2813
f 2822 2829 2814
f 2814 2829 2821
f 2815 2830 2822
f 2823 2830 2815
f 2825 2831 2832
f 2824 2831 2825
f 2816 2833 2823
f 2826 2833 2816
f 2817 2834 2824
f 2827 2834 2817
f 2820 2835 2826
f 2828 2835 2820
f 2829 2836 2821
f 2821 2836 2827
f 2762 2837 2764
f 2764 2837 2828
f 2830 2838 2822
f 2822 2838 2829
f 2839 2840 2841
f 2832 2840 2839
f 2831 2840 2832
f 2823 2842 2830
f 2833 2842 2823
f 2834 2843 2824
f 2824 2843 2831
f 2835 2844 2826
f 2826 2844 2833
f 2836 2845 2827
f 2827 2845 2834
f 2828 2846 2835
f 2837 2846 2828
f 2829 2847 2836
f 2838 2847 2829
f 2840 2848 2841
f 2841 2848 2849
f 2830 2850 2838
f 2842 2850 2830
f 2831 2851 2840
f 2843 2851 2831
f 2833 2852 2842
f 2844 2852 2833
f 2834 2853 2843
f 2845 2853 2834
f 2846 2854 2835
f 2835 2854 2844
f 2847 2855 2836
f 2836 2855 2845
f 2762 2856 2837
f 2837 2856 2846
f 2759 2856 2762
f 2757 2856 2759
f 2848 2857 2849
f 2849 2857 2858
f 2838 2859 2847
f 2850 2859 2838
f 2840 2860 2848
f 2851 2860 2840
f 2852 2861 2842
f 2842 2861 2850
f 2843 2862 2851
f 2853 2862 2843
f 2844 2863 2852
f 2854 2863 2844
f 2845 2864 2853
f 2855 2864 2845
f 2846 2865 2854
f 2856 2865 2846
f 2857 2866 2858
f 2867 2866 2868
f 2858 2866 2867
f 2847 2869 2855
f 2859 2869 2847
f 2755 2870 2757
f 2757 2870 2856
f 2860 2871 2848
f 2848 2871 2857
f 2850 2872 2859
f 2861 2872 2850
f 2851 2873 2860
f 2862 2873 2851
f 2852 2874 2861
f 2863 2874 2852
f 2853 2875 2862
f 2864 2875 2853
f 2854 2876 2863
f 2865 2876 2854
f 2868 2877 2878
f 2866 2877 2868
f 2869 2879 2855
f 2855 2879 2864
f 2856 2880 2865
f 2870 2880 2856
f 2857 2881 2866
f 2871 2881 2857
f 2859 2882 2869
f 2872 2882 2859
f 2860 2883 2871
f 2873 2883 2860
f 2874 2884 2861
f 2861 2884 2872
f 2875 2885 2862
f 2862 2885 2873
f 2876 2886 2863
f 2863 2886 2874
f 2877 2887 2878
f 2888 2887 2889
f 2878 2887 2888
f 2864 2890 2875
f 2879 2890 2864
f 2865 2891 2876
f 2880 2891 2865
f 2866 2892 2877
f 2881 2892 2866
f 2869 2893 2879
f 2882 2893 2869
f 2754 2894 2755
f 2755 2894 2870
f 2752 2894 2754
f 2870 2894 2880
f 2871 2895 2881
f 2883 2895 2871
f 2872 2896 2882
f 2884 2896 2872
f 2873 2897 2883
f 2885 2897 2873
f 2886 2898 2874
f 2874 2898 2884
f 2887 2899 2889
f 2889 2899 2900
f 2875 2901 2885
f 2890 2901 2875
f 2891 2902 2876
f 2876 2902 2886
f 2877 2903 2887
f 2892 2903 2877
f 2893 2904 2879
f 2879 2904 2890
f 2880 2905 2891
f 2894 2905 2880
f 2895 2906 2881
f 2881 2906 2892
f 2896 2907 2882
f 2882 2907 2893
f 2750 2908 2752
f 2752 2908 2894
f 2883 2909 2895
f 2897 2909 2883
f 2884 2910 2896
f 2898 2910 2884
f 2899 2911 2900
f 2900 2911 2912
f 2901 2913 2885
f 2885 2913 2897
f 2886 2914 2898
f 2902 2914 2886
f 2903 2915 2887
f 2887 2915 2899
f 2890 2916 2901
f 2904 2916 2890
f 2905 2917 2891
f 2891 2917 2902
f 2892 2918 2903
f 2906 2918 2892
f 2893 2919 2904
f 2907 2919 2893
f 2894 2920 2905
f 2908 2920 2894
f 2895 2921 2906
f 2909 2921 2895
f 2910 2922 2896
f 2896 2922 2907
f 2923 2924 2925
f 2912 2924 2923
f 2911 2924 2912
f 2913 2926 2897
f 2897 2926 2909
f 2914 2927 2898
f 2898 2927 2910
f 2915 2928 2899
f 2899 2928 2911
f 2901 2929 2913
f 2916 2929 2901
f 2902 2930 2914
f 2917 2930 2902
f 2918 2931 2903
f 2903 2931 2915
f 2904 2932 2916
f 2919 2932 2904
f 2920 2933 2905
f 2905 2933 2917
f 2906 2934 2918
f 2921 2934 2906
f 2907 2935 2919
f 2922 2935 2907
f 2908 2936 2920
f 2748 2936 2750
f 2750 2936 2908
f 2924 2937 2925
f 2925 2937 2938
f 2926 2939 2909
f 2909 2939 2921
f 2927 2940 2910
f 2910 2940 2922
f 2928 2941 2911
f 2911 2941 2924
f 2929 2942 2913
f 2913 2942 2926
f 2930 2943 2914
f 2914 2943 2927
f 2931 2944 2915
f 2915 2944 2928
f 2916 2945 2929
f 2932 2945 2916
f 2917 2946 2930
f 2933 2946 2917
f 2934 2947 2918
f 2918 2947 2931
f 2935 2948 2919
f 2919 2948 2932
f 2920 2949 2933
f 2936 2949 2920
f 2937 2950 2938
f 2951 2950 2782
f 2938 2950 2951
f 2921 2952 2934
f 2939 2952 2921
f 2922 2953 2935
f 2940 2953 2922
f 2748 2954 2936
f 2746 2954 2748
f 2744 2954 2746
f 2924 2955 2937
f 2941 2955 2924
f 2926 2956 2939
f 2942 2956 2926
f 2927 2957 2940
f 2943 2957 2927
f 2928 2958 2941
f 2944 2958 2928
f 2929 2959 2942
f 2945 2959 2929
f 2930 2960 2943
f 2946 2960 2930
f 2931 2961 2944
f 2947 2961 2931
f 2932 2962 2945
f 2948 2962 2932
f 2933 2963 2946
f 2949 2963 2933
f 2950 2964 2782
f 2783 2964 2965
f 2782 2964 2783
f 2934 2966 2947
f 2952 2966 2934
f 2953 2967 2935
f 2935 2967 2948
f 2936 2968 2949
f 2954 2968 2936
f 2955 2969 2937
f 2937 2969 2950
f 2939 2970 2952
f 2956 2970 2939
f 2940 2971 2953
f 2957 2971 2940
f 2941 2972 2955
f 2958 2972 2941
f 2942 2973 2956
f 2959 2973 2942
f 2943 2974 2957
f 2960 2974 2943
f 2961 2975 2944
f 2944 2975 2958
f 2945 2976 2959
f 2962 2976 2945
f 2963 2977 2946
f 2946 2977 2960
f 2947 2978 2961
f 2966 2978 2947
f 2967 2979 2948
f 2948 2979 2962
f 2949 2980 2963
f 2968 2980 2949
f 2965 2981 2982
f 2964 2981 2965
f 2969 2981 2950
f 2950 2981 2964
f 2970 2983 2952
f 2952 2983 2966
f 2971 2984 2953
f 2953 2984 2967
f 2744 2985 2954
f 2954 2985 2968
f 2742 2985 2744
f 2955 2986 2969
f 2972 2986 2955
f 2956 2987 2970
f 2973 2987 2956
f 2974 2988 2957
f 2957 2988 2971
f 2958 2989 2972
f 2975 2989 2958
f 2959 2990 2973
f 2976 2990 2959
f 2977 2991 2960
f 2960 2991 2974
f 2961 2992 2975
f 2978 2992 2961
f 2962 2993 2976
f 2979 2993 2962
f 2963 2994 2977
f 2980 2994 2963
f 2966 2995 2978
f 2983 2995 2966
f 2967 2996 2979
f 2984 2996 2967
f 2985 2997 2968
f 2968 2997 2980
f 2986 2998 2969
f 2969 2998 2981
f 2987 2999 2970
f 2970 2999 2983
f 2988 3000 2971
f 2971 3000 2984
f 2740 3001 2742
f 2738 3001 2740
f 2742 3001 2985
f 2972 3002 2986
f 2989 3002 2972
f 2973 3003 2987
f 2990 3003 2973
f 2974 3004 2988
f 2991 3004 2974
f 2975 3005 2989
f 2992 3005 2975
f 2976 3006 2990
f 2993 3006 2976
f 2977 3007 2991
f 2994 3007 2977
f 2978 3008 2992
f 2995 3008 2978
f 2979 3009 2993
f 2996 3009 2979
f 2980 3010 2994
f 2997 3010 2980
f 3011 3012 3013
f 2982 3012 3011
f 2998 3012 2981
f 2981 3012 2982
f 2999 3014 2983
f 2983 3014 2995
f 2984 3015 2996
f 3000 3015 2984
f 3001 3016 2985
f 2985 3016 2997
f 2986 3017 2998
f 3002 3017 2986
f 2987 3018 2999
f 3003 3018 2987
f 2988 3019 3000
f 3004 3019 2988
f 3005 3020 2989
f 2989 3020 3002
f 2990 3021 3003
f 3006 3021 2990
f 2991 3022 3004
f 3007 3022 2991
f 2992 3023 3005
f 3008 3023 2992
f 3009 3024 2993
f 2993 3024 3006
f 2994 3025 3007
f 3010 3025 2994
f 2995 3026 3008
f 3014 3026 2995
f 2996 3027 3009
f 3015 3027 2996
f 2997 3028 3010
f 3016 3028 2997
f 3013 3029 3030
f 3012 3029 3013
f 2998 3029 3012
f 3017 3029 2998
f 2999 3031 3014
f 3018 3031 2999
f 3000 3032 3015
f 3019 3032 3000
f 2738 3033 3001
f 2736 3033 2738
f 3001 3033 3016
f 3002 3034 3017
f 3020 3034 3002
f 3003 3035 3018
f 3021 3035 3003
f 3004 3036 3019
f 3022 3036 3004
f 3005 3037 3020
f 3023 3037 3005
f 3024 3038 3006
f 3006 3038 3021
f 3007 3039 3022
f 3025 3039 3007
f 3026 3040 3008
f 3008 3040 3023
f 3009 3041 3024
f 3027 3041 3009
f 3028 3042 3010
f 3010 3042 3025
f 3014 3043 3026
f 3031 3043 3014
f 3015 3044 3027
f 3032 3044 3015
f 3033 3045 3016
f 3016 3045 3028
f 3017 3046 3029
f 3034 3046 3017
f 3018 3047 3031
f 3035 3047 3018
f 3019 3048 3032
f 3036 3048 3019
f 2736 3049 3033
f 2734 3049 2736
f 3020 3050 3034
f 3037 3050 3020
f 3038 3051 3021
f 3021 3051 3035
f 3022 3052 3036
f 3039 3052 3022
f 3023 3053 3037
f 3040 3053 3023
f 3041 3054 3024
f 3024 3054 3038
f 3025 3055 3039
f 3042 3055 3025
f 3026 3056 3040
f 3043 3056 3026
f 3027 3057 3041
f 3044 3057 3027
f 3028 3058 3042
f 3045 3058 3028
f 3059 3060 3061
f 3030 3060 3059
f 3029 3060 3030
f 3046 3060 3029
f 3031 3062 3043
f 3047 3062 3031
f 3032 3063 3044
f 3048 3063 3032
f 3033 3064 3045
f 3049 3064 3033
f 3050 3065 3034
f 3034 3065 3046
f 3035 3066 3047
f 3051 3066 3035
f 3036 3067 3048
f 3052 3067 3036
f 3037 3068 3050
f 3053 3068 3037
f 3038 3069 3051
f 3054 3069 3038
f 3039 3070 3052
f 3055 3070 3039
f 3056 3071 3040
f 3040 3071 3053
f 3057 3072 3041
f 3041 3072 3054
f 3042 3073 3055
f 3058 3073 3042
f 3062 3074 3043
f 3043 3074 3056
f 3063 3075 3044
f 3044 3075 3057
f 3045 3076 3058
f 3064 3076 3045
f 3046 3077 3060
f 3065 3077 3046
f 3061 3077 3078
f 3060 3077 3061
f 3047 3079 3062
f 3066 3079 3047
f 3048 3080 3063
f 3067 3080 3048
f 3049 3081 3064
f 2732 3081 2734
f 2730 3081 2732
f 2734 3081 3049
f 3050 3082 3065
f 3068 3082 3050
f 3051 3083 3066
f 3069 3083 3051
f 3052 3084 3067
f 3070 3084 3052
f 3053 3085 3068
f 3071 3085 3053
f 3054 3086 3069
f 3072 3086 3054
f 3055 3087 3070
f 3073 3087 3055
f 3074 3088 3056
f 3056 3088 3071
f 3057 3089 3072
f 3075 3089 3057
f 3076 3090 3058
f 3058 3090 3073
f 3079 3091 3062
f 3062 3091 3074
f 3063 3092 3075
f 3080 3092 3063
f 3081 3093 3064
f 3064 3093 3076
f 3082 3094 3065
f 3065 3094 3077
f 3066 3095 3079
f 3083 3095 3066
f 3067 3096 3080
f 3084 3096 3067
f 2728 3097 2730
f 2730 3097 3081
f 3085 3098 3068
f 3068 3098 3082
f 3086 3099 3069
f 3069 3099 3083
f 3087 3100 3070
f 3070 3100 3084
f 3071 3101 3085
f 3088 3101 3071
f 3072 3102 3086
f 3089 3102 3072
f 3090 3103 3073
f 3073 3103 3087
f 3074 3104 3088
f 3091 3104 3074
f 3092 3105 3075
f 3075 3105 3089
f 3093 3106 3076
f 3076 3106 3090
f 3078 3107 3108
f 3077 3107 3078
f 3094 3107 3077
f 3095 3109 3079
f 3079 3109 3091
f 3096 3110 3080
f 3080 3110 3092
f 3097 3111 3081
f 3081 3111 3093
f 3082 3112 3094
f 3098 3112 3082
f 3083 3113 3095
f 3099 3113 3083
f 3084 3114 3096
f 3100 3114 3084
f 3101 3115 3085
f 3085 3115 3098
f 3086 3116 3099
f 3102 3116 3086
f 3087 3117 3100
f 3103 3117 3087
f 3088 3118 3101
f 3104 3118 3088
f 3089 3119 3102
f 3105 3119 3089
f 3106 3120 3090
f 3090 3120 3103
f 3109 3121 3091
f 3091 3121 3104
f 3092 3122 3105
f 3110 3122 3092
f 3111 3123 3093
f 3093 3123 3106
f 3124 3125 3126
f 3108 3125 3124
f 3094 3125 3107
f 3107 3125 3108
f 3112 3125 3094
f 3095 3127 3109
f 3113 3127 3095
f 3096 3128 3110
f 3114 3128 3096
f 3097 3129 3111
f 2726 3129 2728
f 2724 3129 2726
f 2728 3129 3097
f 3098 3130 3112
f 3115 3130 3098
f 3099 3131 3113
f 3116 3131 3099
f 3117 3132 3100
f 3100 3132 3114
f 3118 3133 3101
f 3101 3133 3115
f 3102 3134 3116
f 3119 3134 3102
f 3103 3135 3117
f 3120 3135 3103
f 3104 3136 3118
f 3121 3136 3104
f 3122 3137 3105
f 3105 3137 3119
f 3106 3138 3120
f 3123 3138 3106
f 3109 3139 3121
f 3127 3139 3109
f 3110 3140 3122
f 3128 3140 3110
f 3129 3141 3111
f 3111 3141 3123
f 3112 3142 3125
f 3130 3142 3112
f 3131 3143 3113
f 3113 3143 3127
f 3132 3144 3114
f 3114 3144 3128
f 2724 3145 3129
f 2722 3145 2724
f 3115 3146 3130
f 3133 3146 3115
f 3134 3147 3116
f 3116 3147 3131
f 3135 3148 3117
f 3117 3148 3132
f 3118 3149 3133
f 3136 3149 3118
f 3119 3150 3134
f 3137 3150 3119
f 3120 3151 3135
f 3138 3151 3120
f 3121 3152 3136
f 3139 3152 3121
f 3122 3153 3137
f 3140 3153 3122
f 3141 3154 3123
f 3123 3154 3138
f 3126 3155 3156
f 3142 3155 3125
f 3125 3155 3126
f 3143 3157 3127
f 3127 3157 3139
f 3144 3158 3128
f 3128 3158 3140
f 3145 3159 3129
f 3129 3159 3141
f 3130 3160 3142
f 3146 3160 3130
f 3147 3161 3131
f 3131 3161 3143
f 3132 3162 3144
f 3148 3162 3132
f 3149 3163 3133
f 3133 3163 3146
f 3134 3164 3147
f 3150 3164 3134
f 3135 3165 3148
f 3151 3165 3135
f 3136 3166 3149
f 3152 3166 3136
f 3137 3167 3150
f 3153 3167 3137
f 3138 3168 3151
f 3154 3168 3138
f 3139 3169 3152
f 3157 3169 3139
f 3140 3170 3153
f 3158 3170 3140
f 3141 3171 3154
f 3159 3171 3141
f 3160 3172 3142
f 3173 3172 3174
f 3156 3172 3173
f 3155 3172 3156
f 3142 3172 3155
f 3143 3175 3157
f 3161 3175 3143
f 3144 3176 3158
f 3162 3176 3144
f 3145 3177 3159
f 2722 3177 3145
f 2720 3177 2722
f 2707 3177 2720
f 3146 3178 3160
f 3163 3178 3146
f 3147 3179 3161
f 3164 3179 3147
f 3148 3180 3162
f 3165 3180 3148
f 3166 3181 3149
f 3149 3181 3163
f 3167 3182 3150
f 3150 3182 3164
f 3168 3183 3151
f 3151 3183 3165
f 3152 3184 3166
f 3169 3184 3152
f 3153 3185 3167
f 3170 3185 3153
f 3171 3186 3154
f 3154 3186 3168
f 3157 3187 3169
f 3175 3187 3157
f 3158 3188 3170
f 3176 3188 3158
f 3159 3189 3171
f 2707 3189 3177
f 3177 3189 3159
f 3178 3190 3160
f 3160 3190 3172
f 3161 3191 3175
f 3179 3191 3161
f 3180 3192 3162
f 3162 3192 3176
f 3181 3193 3163
f 3163 3193 3178
f 3182 3194 3164
f 3164 3194 3179
f 3183 3195 3165
f 3165 3195 3180
f 3166 3196 3181
f 3184 3196 3166
f 3185 3197 3167
f 3167 3197 3182
f 3186 3198 3168
f 3168 3198 3183
f 3169 3199 3184
f 3187 3199 3169
f 3170 3200 3185
f 3188 3200 3170
f 3189 3201 3171
f 3171 3201 3186
f 2707 3201 3189
f 3174 3202 3203
f 3172 3202 3174
f 3190 3202 3172
f 3175 3204 3187
f 3191 3204 3175
f 3176 3205 3188
f 3192 3205 3176
f 3178 3206 3190
f 3193 3206 3178
f 3179 3207 3191
f 3194 3207 3179
f 3180 3208 3192
f 3195 3208 3180
f 3181 3209 3193
f 3196 3209 3181
f 3182 3210 3194
f 3197 3210 3182
f 3183 3211 3195
f 3198 3211 3183
f 3199 3212 3184
f 3184 3212 3196
f 3200 3213 3185
f 3185 3213 3197
f 2707 3214 3201
f 3201 3214 3186
f 3186 3214 3198
f 3204 3215 3187
f 3187 3215 3199
f 3205 3216 3188
f 3188 3216 3200
f 3202 3217 3203
f 3190 3217 3202
f 3206 3217 3190
f 3203 3217 3218
f 3191 3219 3204
f 3207 3219 3191
f 3208 3220 3192
f 3192 3220 3205
f 3193 3221 3206
f 3209 3221 3193
f 3194 3222 3207
f 3210 3222 3194
f 3195 3223 3208
f 3211 3223 3195
f 3196 3224 3209
f 3212 3224 3196
f 3197 3225 3210
f 3213 3225 3197
f 3214 3226 3198
f 3198 3226 3211
f 2707 3226 3214
f 3215 3227 3199
f 3199 3227 3212
f 3200 3228 3213
f 3216 3228 3200
f 3219 3229 3204
f 3204 3229 3215
f 3220 3230 3205
f 3205 3230 3216
f 3206 3231 3217
f 3221 3231 3206
f 3207 3232 3219
f 3222 3232 3207
f 3208 3233 3220
f 3223 3233 3208
f 3209 3234 3221
f 3224 3234 3209
f 3225 3235 3210
f 3210 3235 3222
f 2707 3236 3226
f 3211 3236 3223
f 3226 3236 3211
f 3212 3237 3224
f 3227 3237 3212
f 3213 3238 3225
f 3228 3238 3213
f 3215 3239 3227
f 3229 3239 3215
f 3216 3240 3228
f 3230 3240 3216
f 3241 3242 3243
f 3218 3242 3241
f 3217 3242 3218
f 3231 3242 3217
f 3232 3244 3219
f 3219 3244 3229
f 3220 3245 3230
f 3233 3245 3220
f 3221 3246 3231
f 3234 3246 3221
f 3222 3247 3232
f 3235 3247 3222
f 3236 3248 3223
f 2707 3248 3236
f 3223 3248 3233
f 3237 3249 3224
f 3224 3249 3234
f 3225 3250 3235
f 3238 3250 3225
f 3239 3251 3227
f 3227 3251 3237
f 3228 3252 3238
f 3240 3252 3228
f 3229 3253 3239
f 3244 3253 3229
f 3230 3254 3240
f 3245 3254 3230
f 3243 3255 3256
f 3231 3255 3242
f 3246 3255 3231
f 3242 3255 3243
f 3232 3257 3244
f 3247 3257 3232
f 2707 3258 3248
f 3248 3258 3233
f 3233 3258 3245
f 3249 3259 3234
f 3234 3259 3246
f 3250 3260 3235
f 3235 3260 3247
f 3237 3261 3249
f 3251 3261 3237
f 3238 3262 3250
f 3252 3262 3238
f 3253 3263 3239
f 3239 3263 3251
f 3254 3264 3240
f 3240 3264 3252
f 3257 3265 3244
f 3244 3265 3253
f 2707 3266 3258
f 3245 3266 3254
f 3258 3266 3245
f 3246 3267 3255
f 3259 3267 3246
f 3247 3268 3257
f 3260 3268 3247
f 3261 3269 3249
f 3249 3269 3259
f 3250 3270 3260
f 3262 3270 3250
f 3251 3271 3261
f 3263 3271 3251
f 3264 3272 3252
f 3252 3272 3262
f 3253 3273 3263
f 3265 3273 3253
f 3254 3274 3264
f 2707 3274 3266
f 3266 3274 3254
f 3275 3276 3277
f 3256 3276 3275
f 3255 3276 3256
f 3267 3276 3255
f 3257 3278 3265
f 3268 3278 3257
f 3259 3279 3267
f 3269 3279 3259
f 3270 3280 3260
f 3260 3280 3268
f 3261 3281 3269
f 3271 3281 3261
f 3262 3282 3270
f 3272 3282 3262
f 3263 3283 3271
f 3273 3283 3263
f 3274 3284 3264
f 3264 3284 3272
f 2707 3284 3274
f 3278 3285 3265
f 3265 3285 3273
f 3267 3286 3276
f 3277 3286 3287
f 3279 3286 3267
f 3276 3286 3277
f 3268 3288 3278
f 3280 3288 3268
f 3269 3289 3279
f 3281 3289 3269
f 3270 3290 3280
f 3282 3290 3270
f 3271 3291 3281
f 3283 3291 3271
f 2707 3292 3284
f 3284 3292 3272
f 3272 3292 3282
f 3273 3293 3283
f 3285 3293 3273
f 3288 3294 3278
f 3278 3294 3285
f 3279 3295 3286
f 3289 3295 3279
f 3290 3296 3280
f 3280 3296 3288
f 3281 3297 3289
f 3291 3297 3281
f 3282 3298 3290
f 2707 3298 3292
f 3292 3298 3282
f 3283 3299 3291
f 3293 3299 3283
f 3285 3300 3293
f 3294 3300 3285
f 3287 3301 3302
f 3286 3301 3287
f 3295 3301 3286
f 3288 3303 3294
f 3296 3303 3288
f 3297 3304 3289
f 3289 3304 3295
f 3290 3305 3296
f 3298 3305 3290
f 2707 3305 3298
f 3291 3306 3297
f 3299 3306 3291
f 3300 3307 3293
f 3293 3307 3299
f 3294 3308 3300
f 3303 3308 3294
f 3309 3310 3311
f 3302 3310 3309
f 3301 3310 3302
f 3295 3310 3301
f 3304 3310 3295
f 3305 3312 3296
f 3296 3312 3303
f 2707 3312 3305
f 3297 3313 3304
f 3306 3313 3297
f 3299 3314 3306
f 3307 3314 3299
f 3308 3315 3300
f 3300 3315 3307
f 3312 3316 3303
f 2707 3316 3312
f 3303 3316 3308
f 3313 3317 3304
f 3304 3317 3310
f 3306 3318 3313
f 3314 3318 3306
f 3307 3319 3314
f 3315 3319 3307
f 3308 3320 3315
f 3316 3320 3308
f 2707 3320 3316
f 3311 3321 3322
f 3317 3321 3310
f 3310 3321 3311
f 3318 3323 3313
f 3313 3323 3317
f 3319 3324 3314
f 3314 3324 3318
f 3315 3325 3319
f 3320 3325 3315
f 2707 3325 3320
f 3326 3327 3328
f 3322 3327 3326
f 3321 3327 3322
f 3317 3327 3321
f 3323 3327 3317
f 3318 3329 3323
f 3324 3329 3318
f 3319 3330 3324
f 3325 3330 3319
f 2707 3330 3325
f 3329 3331 3323
f 3323 3331 3327
f 2707 3332 3330
f 3324 3332 3329
f 3330 3332 3324
f 3328 3333 3334
f 3331 3333 3327
f 3327 3333 3328
f 3329 3335 3331
f 3332 3335 3329
f 2707 3335 3332
f 3336 3337 2707
f 3334 3337 3336
f 2707 3337 3335
f 3333 3337 3334
f 3331 3337 3333
f 3335 3337 3331
f 2710 2719 3338
f 3339 3340 2706
f 2719 3341 3338
f 2721 3341 2719
f 3341 3342 3338
f 3343 3342 3344
f 3338 3342 3343
f 3342 3345 3344
f 3344 3345 3346
f 2723 3347 2721
f 3341 3347 3342
f 2721 3347 3341
f 3345 3348 3346
f 3349 3348 3350
f 3346 3348 3349
f 3347 3351 3342
f 3342 3351 3345
f 2723 3352 3347
f 2725 3352 2723
f 2727 3352 2725
f 3348 3353 3350
f 3350 3353 3354
f 3351 3355 3345
f 3345 3355 3348
f 3347 3356 3351
f 3352 3356 3347
f 3353 3357 3354
f 3354 3357 3358
f 3355 3359 3348
f 3348 3359 3353
f 3351 3360 3355
f 3356 3360 3351
f 3352 3361 3356
f 2729 3361 2727
f 2727 3361 3352
f 3357 3362 3358
f 3363 3362 3364
f 3358 3362 3363
f 3353 3365 3357
f 3359 3365 3353
f 3355 3366 3359
f 3360 3366 3355
f 3361 3367 3356
f 3356 3367 3360
f 3362 3368 3364
f 3364 3368 3369
f 2729 3370 3361
f 2731 3370 2729
f 2733 3370 2731
f 3357 3371 3362
f 3365 3371 3357
f 3359 3372 3365
f 3366 3372 3359
f 3367 3373 3360
f 3360 3373 3366
f 3368 3374 3369
f 3375 3374 3376
f 3369 3374 3375
f 3370 3377 3361
f 3361 3377 3367
f 3371 3378 3362
f 3362 3378 3368
f 3365 3379 3371
f 3372 3379 3365
f 3366 3380 3372
f 3373 3380 3366
f 3374 3381 3376
f 3376 3381 3382
f 3367 3383 3373
f 3377 3383 3367
f 3368 3384 3374
f 3378 3384 3368
f 2733 3385 3370
f 3370 3385 3377
f 2735 3385 2733
f 3371 3386 3378
f 3379 3386 3371
f 3380 3387 3372
f 3372 3387 3379
f 3381 3388 3382
f 3382 3388 3389
f 3373 3390 3380
f 3383 3390 3373
f 3374 3391 3381
f 3384 3391 3374
f 3377 3392 3383
f 3385 3392 3377
f 3386 3393 3378
f 3378 3393 3384
f 2737 3394 2735
f 2735 3394 3385
f 3379 3395 3386
f 3387 3395 3379
f 3396 3397 3398
f 3389 3397 3396
f 3388 3397 3389
f 3380 3399 3387
f 3390 3399 3380
f 3381 3400 3388
f 3391 3400 3381
f 3383 3401 3390
f 3392 3401 3383
f 3384 3402 3391
f 3393 3402 3384
f 3385 3403 3392
f 3394 3403 3385
f 3386 3404 3393
f 3395 3404 3386
f 3397 3405 3398
f 3398 3405 3406
f 3387 3407 3395
f 3399 3407 3387
f 3400 3408 3388
f 3388 3408 3397
f 3401 3409 3390
f 3390 3409 3399
f 3402 3410 3391
f 3391 3410 3400
f 3392 3411 3401
f 3403 3411 3392
f 3404 3412 3393
f 3393 3412 3402
f 2737 3413 3394
f 3394 3413 3403
f 2739 3413 2737
f 2741 3413 2739
f 3405 3414 3406
f 3406 3414 3415
f 3407 3416 3395
f 3395 3416 3404
f 3408 3417 3397
f 3397 3417 3405
f 3399 3418 3407
f 3409 3418 3399
f 3410 3419 3400
f 3400 3419 3408
f 3401 3420 3409
f 3411 3420 3401
f 3412 3421 3402
f 3402 3421 3410
f 3413 3422 3403
f 3403 3422 3411
f 3414 3423 3415
f 3424 3423 3425
f 3415 3423 3424
f 3404 3426 3412
f 3416 3426 3404
f 2743 3427 2741
f 2741 3427 3413
f 3405 3428 3414
f 3417 3428 3405
f 3407 3429 3416
f 3418 3429 3407
f 3408 3430 3417
f 3419 3430 3408
f 3409 3431 3418
f 3420 3431 3409
f 3421 3432 3410
f 3410 3432 3419
f 3411 3433 3420
f 3422 3433 3411
f 3425 3434 3435
f 3423 3434 3425
f 3412 3436 3421
f 3426 3436 3412
f 3413 3437 3422
f 3427 3437 3413
f 3414 3438 3423
f 3428 3438 3414
f 3416 3439 3426
f 3429 3439 3416
f 3430 3440 3417
f 3417 3440 3428
f 3418 3441 3429
f 3431 3441 3418
f 3432 3442 3419
f 3419 3442 3430
f 3433 3443 3420
f 3420 3443 3431
f 3434 3444 3435
f 3445 3444 3446
f 3435 3444 3445
f 3421 3447 3432
f 3436 3447 3421
f 3422 3448 3433
f 3437 3448 3422
f 3423 3449 3434
f 3438 3449 3423
f 3426 3450 3436
f 3439 3450 3426
f 3427 3451 3437
f 2745 3451 2743
f 2747 3451 2745
f 2743 3451 3427
f 3428 3452 3438
f 3440 3452 3428
f 3429 3453 3439
f 3441 3453 3429
f 3430 3454 3440
f 3442 3454 3430
f 3443 3455 3431
f 3431 3455 3441
f 3444 3456 3446
f 3446 3456 3457
f 3432 3458 3442
f 3447 3458 3432
f 3448 3459 3433
f 3433 3459 3443
f 3434 3460 3444
f 3449 3460 3434
f 3436 3461 3447
f 3450 3461 3436
f 3437 3462 3448
f 3451 3462 3437
f 3438 3463 3449
f 3452 3463 3438
f 3439 3464 3450
f 3453 3464 3439
f 2749 3465 2747
f 2747 3465 3451
f 3454 3466 3440
f 3440 3466 3452
f 3455 3467 3441
f 3441 3467 3453
f 3456 3468 3457
f 3457 3468 3469
f 3442 3470 3454
f 3458 3470 3442
f 3459 3471 3443
f 3443 3471 3455
f 3460 3472 3444
f 3444 3472 3456
f 3447 3473 3458
f 3461 3473 3447
f 3462 3474 3448
f 3448 3474 3459
f 3449 3475 3460
f 3463 3475 3449
f 3450 3476 3461
f 3464 3476 3450
f 3451 3477 3462
f 3465 3477 3451
f 3452 3478 3463
f 3466 3478 3452
f 3453 3479 3464
f 3467 3479 3453
f 3480 3481 3482
f 3469 3481 3480
f 3468 3481 3469
f 3454 3483 3466
f 3470 3483 3454
f 3471 3484 3455
f 3455 3484 3467
f 3456 3485 3468
f 3472 3485 3456
f 3458 3486 3470
f 3473 3486 3458
f 3459 3487 3471
f 3474 3487 3459
f 3475 3488 3460
f 3460 3488 3472
f 3461 3489 3473
f 3476 3489 3461
f 3462 3490 3474
f 3477 3490 3462
f 3478 3491 3463
f 3463 3491 3475
f 3464 3492 3476
f 3479 3492 3464
f 2751 3493 2749
f 2749 3493 3465
f 3465 3493 3477
f 3481 3494 3482
f 3482 3494 3495
f 3483 3496 3466
f 3466 3496 3478
f 3484 3497 3467
f 3467 3497 3479
f 3485 3498 3468
f 3468 3498 3481
f 3470 3499 3483
f 3486 3499 3470
f 3487 3500 3471
f 3471 3500 3484
f 3472 3501 3485
f 3488 3501 3472
f 3473 3502 3486
f 3489 3502 3473
f 3490 3503 3474
f 3474 3503 3487
f 3491 3504 3475
f 3475 3504 3488
f 3476 3505 3489
f 3492 3505 3476
f 3477 3506 3490
f 3493 3506 3477
f 3494 3507 3495
f 3508 3507 3339
f 3495 3507 3508
f 3478 3509 3491
f 3496 3509 3478
f 3479 3510 3492
f 3497 3510 3479
f 2753 3511 2751
f 2756 3511 2753
f 2751 3511 3493
f 3481 3512 3494
f 3498 3512 3481
f 3483 3513 3496
f 3499 3513 3483
f 3484 3514 3497
f 3500 3514 3484
f 3485 3515 3498
f 3501 3515 3485
f 3502 3516 3486
f 3486 3516 3499
f 3503 3517 3487
f 3487 3517 3500
f 3488 3518 3501
f 3504 3518 3488
f 3489 3519 3502
f 3505 3519 3489
f 3490 3520 3503
f 3506 3520 3490
f 3507 3521 3339
f 3340 3521 3522
f 3339 3521 3340
f 3509 3523 3491
f 3491 3523 3504
f 3510 3524 3492
f 3492 3524 3505
f 3511 3525 3493
f 3493 3525 3506
f 3512 3526 3494
f 3494 3526 3507
f 3496 3527 3509
f 3513 3527 3496
f 3514 3528 3497
f 3497 3528 3510
f 3498 3529 3512
f 3515 3529 3498
f 3499 3530 3513
f 3516 3530 3499
f 3500 3531 3514
f 3517 3531 3500
f 3501 3532 3515
f 3518 3532 3501
f 3502 3533 3516
f 3519 3533 3502
f 3520 3534 3503
f 3503 3534 3517
f 3523 3535 3504
f 3504 3535 3518
f 3524 3536 3505
f 3505 3536 3519
f 3506 3537 3520
f 3525 3537 3506
f 3522 3538 3539
f 3521 3538 3522
f 3526 3538 3507
f 3507 3538 3521
f 3527 3540 3509
f 3509 3540 3523
f 3528 3541 3510
f 3510 3541 3524
f 2758 3542 2756
f 3511 3542 3525
f 2756 3542 3511
f 3512 3543 3526
f 3529 3543 3512
f 3530 3544 3513
f 3513 3544 3527
f 3531 3545 3514
f 3514 3545 3528
f 3515 3546 3529
f 3532 3546 3515
f 3533 3547 3516
f 3516 3547 3530
f 3534 3548 3517
f 3517 3548 3531
f 3518 3549 3532
f 3535 3549 3518
f 3519 3550 3533
f 3536 3550 3519
f 3537 3551 3520
f 3520 3551 3534
f 3523 3552 3535
f 3540 3552 3523
f 3524 3553 3536
f 3541 3553 3524
f 3525 3554 3537
f 3542 3554 3525
f 3526 3555 3538
f 3543 3555 3526
f 3544 3556 3527
f 3527 3556 3540
f 3545 3557 3528
f 3528 3557 3541
f 2758 3558 3542
f 2760 3558 2758
f 2761 3558 2760
f 3546 3559 3529
f 3529 3559 3543
f 3547 3560 3530
f 3530 3560 3544
f 3548 3561 3531
f 3531 3561 3545
f 3549 3562 3532
f 3532 3562 3546
f 3550 3563 3533
f 3533 3563 3547
f 3534 3564 3548
f 3551 3564 3534
f 3535 3565 3549
f 3552 3565 3535
f 3536 3566 3550
f 3553 3566 3536
f 3554 3567 3537
f 3537 3567 3551
f 3568 3569 3570
f 3539 3569 3568
f 3555 3569 3538
f 3538 3569 3539
f 3540 3571 3552
f 3556 3571 3540
f 3557 3572 3541
f 3541 3572 3553
f 3558 3573 3542
f 3542 3573 3554
f 3543 3574 3555
f 3559 3574 3543
f 3560 3575 3544
f 3544 3575 3556
f 3545 3576 3557
f 3561 3576 3545
f 3546 3577 3559
f 3562 3577 3546
f 3563 3578 3547
f 3547 3578 3560
f 3564 3579 3548
f 3548 3579 3561
f 3565 3580 3549
f 3549 3580 3562
f 3550 3581 3563
f 3566 3581 3550
f 3551 3582 3564
f 3567 3582 3551
f 3552 3583 3565
f 3571 3583 3552
f 3553 3584 3566
f 3572 3584 3553
f 3554 3585 3567
f 3573 3585 3554
f 3570 3586 3587
f 3569 3586 3570
f 3555 3586 3569
f 3574 3586 3555
f 3556 3588 3571
f 3575 3588 3556
f 3557 3589 3572
f 3576 3589 3557
f 3558 3590 3573
f 2761 3590 3558
f 2763 3590 2761
f 3577 3591 3559
f 3559 3591 3574
f 3560 3592 3575
f 3578 3592 3560
f 3561 3593 3576
f 3579 3593 3561
f 3580 3594 3562
f 3562 3594 3577
f 3581 3595 3563
f 3563 3595 3578
f 3564 3596 3579
f 3582 3596 3564
f 3583 3597 3565
f 3565 3597 3580
f 3584 3598 3566
f 3566 3598 3581
f 3567 3599 3582
f 3585 3599 3567
f 3571 3600 3583
f 3588 3600 3571
f 3572 3601 3584
f 3589 3601 3572
f 3590 3602 3573
f 3573 3602 3585
f 3574 3603 3586
f 3591 3603 3574
f 3575 3604 3588
f 3592 3604 3575
f 3593 3605 3576
f 3576 3605 3589
f 2763 3606 3590
f 2766 3606 2763
f 3594 3607 3577
f 3577 3607 3591
f 3595 3608 3578
f 3578 3608 3592
f 3579 3609 3593
f 3596 3609 3579
f 3597 3610 3580
f 3580 3610 3594
f 3581 3611 3595
f 3598 3611 3581
f 3599 3612 3582
f 3582 3612 3596
f 3583 3613 3597
f 3600 3613 3583
f 3601 3614 3584
f 3584 3614 3598
f 3585 3615 3599
f 3602 3615 3585
f 3616 3617 3618
f 3587 3617 3616
f 3603 3617 3586
f 3586 3617 3587
f 3588 3619 3600
f 3604 3619 3588
f 3589 3620 3601
f 3605 3620 3589
f 3606 3621 3590
f 3590 3621 3602
f 3591 3622 3603
f 3607 3622 3591
f 3592 3623 3604
f 3608 3623 3592
f 3609 3624 3593
f 3593 3624 3605
f 3594 3625 3607
f 3610 3625 3594
f 3595 3626 3608
f 3611 3626 3595
f 3596 3627 3609
f 3612 3627 3596
f 3597 3628 3610
f 3613 3628 3597
f 3614 3629 3598
f 3598 3629 3611
f 3599 3630 3612
f 3615 3630 3599
f 3619 3631 3600
f 3600 3631 3613
f 3620 3632 3601
f 3601 3632 3614
f 3602 3633 3615
f 3621 3633 3602
f 3617 3634 3618
f 3603 3634 3617
f 3622 3634 3603
f 3618 3634 3635
f 3604 3636 3619
f 3623 3636 3604
f 3605 3637 3620
f 3624 3637 3605
f 2768 3638 2766
f 2769 3638 2768
f 3606 3638 3621
f 2766 3638 3606
f 3607 3639 3622
f 3625 3639 3607
f 3608 3640 3623
f 3626 3640 3608
f 3627 3641 3609
f 3609 3641 3624
f 3610 3642 3625
f 3628 3642 3610
f 3629 3643 3611
f 3611 3643 3626
f 3630 3644 3612
f 3612 3644 3627
f 3631 3645 3613
f 3613 3645 3628
f 3632 3646 3614
f 3614 3646 3629
f 3633 3647 3615
f 3615 3647 3630
f 3619 3648 3631
f 3636 3648 3619
f 3620 3649 3632
f 3637 3649 3620
f 3621 3650 3633
f 3638 3650 3621
f 3622 3651 3634
f 3639 3651 3622
f 3640 3652 3623
f 3623 3652 3636
f 3624 3653 3637
f 3641 3653 3624
f 2772 3654 2769
f 2769 3654 3638
f 3625 3655 3639
f 3642 3655 3625
f 3626 3656 3640
f 3643 3656 3626
f 3627 3657 3641
f 3644 3657 3627
f 3628 3658 3642
f 3645 3658 3628
f 3629 3659 3643
f 3646 3659 3629
f 3630 3660 3644
f 3647 3660 3630
f 3631 3661 3645
f 3648 3661 3631
f 3649 3662 3632
f 3632 3662 3646
f 3633 3663 3647
f 3650 3663 3633
f 3651 3664 3634
f 3635 3664 3665
f 3634 3664 3635
f 3652 3666 3636
f 3636 3666 3648
f 3653 3667 3637
f 3637 3667 3649
f 3638 3668 3650
f 3654 3668 3638
f 3639 3669 3651
f 3655 3669 3639
f 3656 3670 3640
f 3640 3670 3652
f 3641 3671 3653
f 3657 3671 3641
f 3658 3672 3642
f 3642 3672 3655
f 3659 3673 3643
f 3643 3673 3656
f 3644 3674 3657
f 3660 3674 3644
f 3645 3675 3658
f 3661 3675 3645
f 3646 3676 3659
f 3662 3676 3646
f 3663 3677 3647
f 3647 3677 3660
f 3666 3678 3648
f 3648 3678 3661
f 3667 3679 3649
f 3649 3679 3662
f 3668 3680 3650
f 3650 3680 3663
f 3681 3682 3683
f 3665 3682 3681
f 3664 3682 3665
f 3669 3682 3651
f 3651 3682 3664
f 3652 3684 3666
f 3670 3684 3652
f 3653 3685 3667
f 3671 3685 3653
f 3654 3686 3668
f 2772 3686 3654
f 2773 3686 2772
f 2776 3686 2773
f 3655 3687 3669
f 3672 3687 3655
f 3673 3688 3656
f 3656 3688 3670
f 3657 3689 3671
f 3674 3689 3657
f 3658 3690 3672
f 3675 3690 3658
f 3659 3691 3673
f 3676 3691 3659
f 3677 3692 3660
f 3660 3692 3674
f 3661 3693 3675
f 3678 3693 3661
f 3662 3694 3676
f 3679 3694 3662
f 3680 3695 3663
f 3663 3695 3677
f 3666 3696 3678
f 3684 3696 3666
f 3685 3697 3667
f 3667 3697 3679
f 3668 3698 3680
f 3686 3698 3668
f 3669 3699 3682
f 3687 3699 3669
f 3688 3700 3670
f 3670 3700 3684
f 3689 3701 3671
f 3671 3701 3685
f 2776 3702 3686
f 2777 3702 2776
f 3672 3703 3687
f 3690 3703 3672
f 3691 3704 3673
f 3673 3704 3688
f 3674 3705 3689
f 3692 3705 3674
f 3693 3706 3675
f 3675 3706 3690
f 3676 3707 3691
f 3694 3707 3676
f 3695 3708 3677
f 3677 3708 3692
f 3678 3709 3693
f 3696 3709 3678
f 3679 3710 3694
f 3697 3710 3679
f 3698 3711 3680
f 3680 3711 3695
f 3683 3712 3713
f 3699 3712 3682
f 3682 3712 3683
f 3700 3714 3684
f 3684 3714 3696
f 3701 3715 3685
f 3685 3715 3697
f 3702 3716 3686
f 3686 3716 3698
f 3687 3717 3699
f 3703 3717 3687
f 3688 3718 3700
f 3704 3718 3688
f 3705 3719 3689
f 3689 3719 3701
f 3706 3720 3690
f 3690 3720 3703
f 3691 3721 3704
f 3707 3721 3691
f 3692 3722 3705
f 3708 3722 3692
f 3693 3723 3706
f 3709 3723 3693
f 3694 3724 3707
f 3710 3724 3694
f 3695 3725 3708
f 3711 3725 3695
f 3696 3726 3709
f 3714 3726 3696
f 3697 3727 3710
f 3715 3727 3697
f 3698 3728 3711
f 3716 3728 3698
f 3717 3729 3699
f 3730 3729 3731
f 3713 3729 3730
f 3712 3729 3713
f 3699 3729 3712
f 3700 3732 3714
f 3718 3732 3700
f 3719 3733 3701
f 3701 3733 3715
f 2777 3734 3702
f 2779 3734 2777
f 2711 3734 2779
f 3702 3734 3716
f 3703 3735 3717
f 3720 3735 3703
f 3721 3736 3704
f 3704 3736 3718
f 3722 3737 3705
f 3705 3737 3719
f 3706 3738 3720
f 3723 3738 3706
f 3724 3739 3707
f 3707 3739 3721
f 3725 3740 3708
f 3708 3740 3722
f 3726 3741 3709
f 3709 3741 3723
f 3710 3742 3724
f 3727 3742 3710
f 3711 3743 3725
f 3728 3743 3711
f 3714 3744 3726
f 3732 3744 3714
f 3715 3745 3727
f 3733 3745 3715
f 3716 3746 3728
f 3734 3746 3716
f 2711 3746 3734
f 3735 3747 3717
f 3717 3747 3729
f 3718 3748 3732
f 3736 3748 3718
f 3737 3749 3719
f 3719 3749 3733
f 3720 3750 3735
f 3738 3750 3720
f 3721 3751 3736
f 3739 3751 3721
f 3740 3752 3722
f 3722 3752 3737
f 3723 3753 3738
f 3741 3753 3723
f 3742 3754 3724
f 3724 3754 3739
f 3743 3755 3725
f 3725 3755 3740
f 3744 3756 3726
f 3726 3756 3741
f 3727 3757 3742
f 3745 3757 3727
f 3728 3758 3743
f 3746 3758 3728
f 2711 3758 3746
f 3731 3759 3760
f 3729 3759 3731
f 3747 3759 3729
f 3732 3761 3744
f 3748 3761 3732
f 3749 3762 3733
f 3733 3762 3745
f 3735 3763 3747
f 3750 3763 3735
f 3751 3764 3736
f 3736 3764 3748
f 3737 3765 3749
f 3752 3765 3737
f 3738 3766 3750
f 3753 3766 3738
f 3739 3767 3751
f 3754 3767 3739
f 3740 3768 3752
f 3755 3768 3740
f 3741 3769 3753
f 3756 3769 3741
f 3742 3770 3754
f 3757 3770 3742
f 3758 3771 3743
f 2711 3771 3758
f 3743 3771 3755
f 3761 3772 3744
f 3744 3772 3756
f 3745 3773 3757
f 3762 3773 3745
f 3759 3774 3760
f 3747 3774 3759
f 3763 3774 3747
f 3760 3774 3775
f 3748 3776 3761
f 3764 3776 3748
f 3749 3777 3762
f 3765 3777 3749
f 3750 3778 3763
f 3766 3778 3750
f 3751 3779 3764
f 3767 3779 3751
f 3752 3780 3765
f 3768 3780 3752
f 3753 3781 3766
f 3769 3781 3753
f 3754 3782 3767
f 3770 3782 3754
f 3755 3783 3768
f 3771 3783 3755
f 2711 3783 3771
f 3756 3784 3769
f 3772 3784 3756
f 3757 3785 3770
f 3773 3785 3757
f 3761 3786 3772
f 3776 3786 3761
f 3762 3787 3773
f 3777 3787 3762
f 3763 3788 3774
f 3778 3788 3763
f 3764 3789 3776
f 3779 3789 3764
f 3765 3790 3777
f 3780 3790 3765
f 3766 3791 3778
f 3781 3791 3766
f 3767 3792 3779
f 3782 3792 3767
f 3768 3793 3780
f 3783 3793 3768
f 2711 3793 3783
f 3784 3794 3769
f 3769 3794 3781
f 3785 3795 3770
f 3770 3795 3782
f 3772 3796 3784
f 3786 3796 3772
f 3787 3797 3773
f 3773 3797 3785
f 3798 3799 3800
f 3775 3799 3798
f 3774 3799 3775
f 3788 3799 3774
f 3789 3801 3776
f 3776 3801 3786
f 3777 3802 3787
f 3790 3802 3777
f 3778 3803 3788
f 3791 3803 3778
f 3779 3804 3789
f 3792 3804 3779
f 3780 3805 3790
f 3793 3805 3780
f 2711 3805 3793
f 3794 3806 3781
f 3781 3806 3791
f 3795 3807 3782
f 3782 3807 3792
f 3784 3808 3794
f 3796 3808 3784
f 3797 3809 3785
f 3785 3809 3795
f 3786 3810 3796
f 3801 3810 3786
f 3802 3811 3787
f 3787 3811 3797
f 3800 3812 3813
f 3803 3812 3788
f 3799 3812 3800
f 3788 3812 3799
f 3789 3814 3801
f 3804 3814 3789
f 2711 3815 3805
f 3805 3815 3790
f 3790 3815 3802
f 3806 3816 3791
f 3791 3816 3803
f 3807 3817 3792
f 3792 3817 3804
f 3808 3818 3794
f 3794 3818 3806
f 3809 3819 3795
f 3795 3819 3807
f 3796 3820 3808
f 3810 3820 3796
f 3797 3821 3809
f 3811 3821 3797
f 3814 3822 3801
f 3801 3822 3810
f 3815 3823 3802
f 3802 3823 3811
f 2711 3823 3815
f 3803 3824 3812
f 3816 3824 3803
f 3804 3825 3814
f 3817 3825 3804
f 3818 3826 3806
f 3806 3826 3816
f 3819 3827 3807
f 3807 3827 3817
f 3808 3828 3818
f 3820 3828 3808
f 3809 3829 3819
f 3821 3829 3809
f 3810 3830 3820
f 3822 3830 3810
f 3823 3831 3811
f 3811 3831 3821
f 2711 3831 3823
f 3832 3833 3834
f 3813 3833 3832
f 3812 3833 3813
f 3824 3833 3812
f 3814 3835 3822
f 3825 3835 3814
f 3816 3836 3824
f 3826 3836 3816
f 3817 3837 3825
f 3827 3837 3817
f 3818 3838 3826
f 3828 3838 3818
f 3829 3839 3819
f 3819 3839 3827
f 3830 3840 3820
f 3820 3840 3828
f 3831 3841 3821
f 2711 3841 3831
f 3821 3841 3829
f 3822 3842 3830
f 3835 3842 3822
f 3824 3843 3833
f 3834 3843 3844
f 3836 3843 3824
f 3833 3843 3834
f 3825 3845 3835
f 3837 3845 3825
f 3826 3846 3836
f 3838 3846 3826
f 3827 3847 3837
f 3839 3847 3827
f 3840 3848 3828
f 3828 3848 3838
f 3841 3849 3829
f 3829 3849 3839
f 2711 3849 3841
f 3842 3850 3830
f 3830 3850 3840
f 3845 3851 3835
f 3835 3851 3842
f 3836 3852 3843
f 3846 3852 3836
f 3847 3853 3837
f 3837 3853 3845
f 3838 3854 3846
f 3848 3854 3838
f 3839 3855 3847
f 3849 3855 3839
f 2711 3855 3849
f 3850 3856 3840
f 3840 3856 3848
f 3851 3857 3842
f 3842 3857 3850
f 3844 3858 3859
f 3852 3858 3843
f 3843 3858 3844
f 3845 3860 3851
f 3853 3860 3845
f 3854 3861 3846
f 3846 3861 3852
f 3855 3862 3847
f 2711 3862 3855
f 3847 3862 3853
f 3848 3863 3854
f 3856 3863 3848
f 3857 3864 3850
f 3850 3864 3856
f 3851 3865 3857
f 3860 3865 3851
f 3866 3867 3868
f 3859 3867 3866
f 3858 3867 3859
f 3852 3867 3858
f 3861 3867 3852
f 3853 3869 3860
f 2711 3869 3862
f 3862 3869 3853
f 3854 3870 3861
f 3863 3870 3854
f 3856 3871 3863
f 3864 3871 3856
f 3857 3872 3864
f 3865 3872 3857
f 2711 3873 3869
f 3860 3873 3865
f 3869 3873 3860
f 3870 3874 3861
f 3861 3874 3867
f 3863 3875 3870
f 3871 3875 3863
f 3864 3876 3871
f 3872 3876 3864
f 3865 3877 3872
f 3873 3877 3865
f 2711 3877 3873
f 3868 3878 3879
f 3874 3878 3867
f 3867 3878 3868
f 3870 3880 3874
f 3875 3880 3870
f 3871 3881 3875
f 3876 3881 3871
f 3872 3882 3876
f 3877 3882 3872
f 2711 3882 3877
f 3883 3884 3885
f 3879 3884 3883
f 3878 3884 3879
f 3874 3884 3878
f 3880 3884 3874
f 3875 3886 3880
f 3881 3886 3875
f 3876 3887 3881
f 3882 3887 3876
f 2711 3887 3882
f 3880 3888 3884
f 3886 3888 3880
f 3881 3889 3886
f 2711 3889 3887
f 3887 3889 3881
f 3885 3890 3891
f 3888 3890 3884
f 3884 3890 3885
f 2711 3892 3889
f 3886 3892 3888
f 3889 3892 3886
f 3893 3894 2711
f 3891 3894 3893
f 2711 3894 3892
f 3890 3894 3891
f 3888 3894 3890
f 3892 3894 3888
f 2698 2783 2695
f 2695 2783 3895
f 3895 2965 3896
f 2783 2965 3895
f 3896 2982 3897
f 2965 2982 3896
f 3897 3011 3898
f 2982 3011 3897
f 3898 3013 3899
f 3011 3013 3898
f 3899 3030 3900
f 3013 3030 3899
f 3900 3059 3901
f 3030 3059 3900
f 3901 3061 3902
f 3059 3061 3901
f 3061 3078 3902
f 3902 3078 3903
f 3903 3108 3904
f 3078 3108 3903
f 3904 3124 3905
f 3108 3124 3904
f 3905 3126 3906
f 3124 3126 3905
f 3906 3156 3907
f 3126 3156 3906
f 3907 3173 3908
f 3156 3173 3907
f 3908 3174 3909
f 3173 3174 3908
f 3909 3203 3910
f 3174 3203 3909
f 3910 3218 3911
f 3203 3218 3910
f 3911 3241 3912
f 3218 3241 3911
f 3912 3243 3913
f 3241 3243 3912
f 3913 3256 3914
f 3243 3256 3913
f 3914 3275 3915
f 3256 3275 3914
f 3915 3277 3916
f 3275 3277 3915
f 3916 3287 3917
f 3277 3287 3916
f 3917 3302 3918
f 3287 3302 3917
f 3918 3309 3919
f 3302 3309 3918
f 3919 3311 3920
f 3309 3311 3919
f 3920 3322 3921
f 3311 3322 3920
f 3921 3326 3922
f 3322 3326 3921
f 3922 3328 3923
f 3326 3328 3922
f 3923 3334 3924
f 3328 3334 3923
f 3924 3336 3925
f 3334 3336 3924
f 3925 2707 2709
f 3336 2707 3925
f 2697 3926 2698
f 2698 3926 2782
f 2782 3927 2951
f 3926 3927 2782
f 2951 3928 2938
f 3927 3928 2951
f 2938 3929 2925
f 3928 3929 2938
f 2925 3930 2923
f 3929 3930 2925
f 2923 3931 2912
f 3930 3931 2923
f 2912 3932 2900
f 3931 3932 2912
f 2900 3933 2889
f 3932 3933 2900
f 3933 3934 2889
f 2889 3934 2888
f 3934 3935 2888
f 2888 3935 2878
f 3935 3936 2878
f 2878 3936 2868
f 3936 3937 2868
f 2868 3937 2867
f 3937 3938 2867
f 2867 3938 2858
f 3938 3939 2858
f 2858 3939 2849
f 3939 3940 2849
f 2849 3940 2841
f 3940 3941 2841
f 2841 3941 2839
f 3941 3942 2839
f 2839 3942 2832
f 3942 3943 2832
f 2832 3943 2825
f 3943 3944 2825
f 2825 3944 2819
f 3944 3945 2819
f 2819 3945 2818
f 2818 3946 2812
f 3945 3946 2818
f 2812 3947 2807
f 3946 3947 2812
f 2807 3948 2806
f 3947 3948 2807
f 2806 3949 2801
f 3948 3949 2806
f 2801 3950 2797
f 3949 3950 2801
f 2797 3951 2793
f 3950 3951 2797
f 2793 3952 2792
f 3951 3952 2793
f 2792 3953 2789
f 3952 3953 2792
f 2789 3954 2787
f 3953 3954 2789
f 2787 3955 2786
f 3954 3955 2787
f 2786 3956 2781
f 3955 3956 2786
f 3956 2713 2781
f 2781 2713 2712
f 2702 2700 3957
f 3957 3958 3959
f 2700 3958 3957
f 3959 3960 3961
f 3958 3960 3959
f 3961 3962 3963
f 3960 3962 3961
f 3963 3964 3965
f 3962 3964 3963
f 3965 3966 3967
f 3964 3966 3965
f 3967 3968 3969
f 3966 3968 3967
f 3969 3970 3971
f 3968 3970 3969
f 3970 3972 3971
f 3971 3972 3973
f 3972 3974 3973
f 3973 3974 3975
f 3975 3976 3977
f 3974 3976 3975
f 3977 3978 3979
f 3976 3978 3977
f 3979 3980 3981
f 3978 3980 3979
f 3981 3982 3983
f 3980 3982 3981
f 3983 3984 3985
f 3982 3984 3983
f 3985 3986 3987
f 3984 3986 3985
f 3987 3988 3989
f 3986 3988 3987
f 3989 3990 3991
f 3988 3990 3989
f 3991 3992 3993
f 3990 3992 3991
f 3993 3994 3995
f 3992 3994 3993
f 3995 3996 3997
f 3994 3996 3995
f 3997 3998 3999
f 3996 3998 3997
f 3999 4000 4001
f 3998 4000 3999
f 4001 4002 4003
f 4000 4002 4001
f 4003 4004 4005
f 4002 4004 4003
f 4004 4006 4005
f 4005 4007 4008
f 4008 4007 4009
f 4006 4007 4005
f 4009 4010 4011
f 4007 4010 4009
f 4011 4012 4013
f 4010 4012 4011
f 4012 4014 4013
f 4013 4015 4016
f 4016 4015 4017
f 4014 4015 4013
f 4017 4018 2713
f 4015 4018 4017
f 4018 2714 2713
f 2705 2706 4019
f 4019 3340 4020
f 2706 3340 4019
f 4020 3522 4021
f 3340 3522 4020
f 4021 3539 4022
f 3522 3539 4021
f 4022 3568 4023
f 3539 3568 4022
f 4023 3570 4024
f 3568 3570 4023
f 4024 3587 4025
f 3570 3587 4024
f 4025 3616 4026
f 3587 3616 4025
f 3616 3618 4026
f 4026 3618 4027
f 3618 3635 4027
f 4027 3635 4028
f 4028 3665 4029
f 3635 3665 4028
f 4029 3681 4030
f 3665 3681 4029
f 4030 3683 4031
f 3681 3683 4030
f 4031 3713 4032
f 3683 3713 4031
f 4032 3730 4033
f 3713 3730 4032
f 4033 3731 4034
f 3730 3731 4033
f 4034 3760 4035
f 3731 3760 4034
f 4035 3775 4036
f 3760 3775 4035
f 4036 3798 4037
f 3775 3798 4036
f 4037 3800 4038
f 3798 3800 4037
f 4038 3813 4039
f 3800 3813 4038
f 4039 3832 4040
f 3813 3832 4039
f 4040 3834 4041
f 3832 3834 4040
f 4041 3844 4042
f 3834 3844 4041
f 4042 3859 4043
f 3844 3859 4042
f 4043 3866 4044
f 3859 3866 4043
f 4044 3868 4045
f 3866 3868 4044
f 4045 3879 4046
f 3868 3879 4045
f 4046 3883 4047
f 3879 3883 4046
f 4047 3885 4048
f 3883 3885 4047
f 4048 3891 4049
f 3885 3891 4048
f 4049 3893 2714
f 3891 3893 4049
f 3893 2711 2714
f 2706 2704 3339
f 3339 4050 3508
f 2704 4050 3339
f 3508 4051 3495
f 4050 4051 3508
f 3495 4052 3482
f 4051 4052 3495
f 3482 4053 3480
f 4052 4053 3482
f 3480 4054 3469
f 4053 4054 3480
f 3469 4055 3457
f 4054 4055 3469
f 3457 4056 3446
f 4055 4056 3457
f 4056 4057 3446
f 3446 4057 3445
f 4057 4058 3445
f 3445 4058 3435
f 4058 4059 3435
f 3435 4059 3425
f 4059 4060 3425
f 3425 4060 3424
f 4060 4061 3424
f 3424 4061 3415
f 4061 4062 3415
f 3415 4062 3406
f 4062 4063 3406
f 3406 4063 3398
f 4063 4064 3398
f 3398 4064 3396
f 4064 4065 3396
f 3396 4065 3389
f 4065 4066 3389
f 3389 4066 3382
f 4066 4067 3382
f 3382 4067 3376
f 4067 4068 3376
f 3376 4068 3375
f 4068 4069 3375
f 3375 4069 3369
f 3369 4070 3364
f 4069 4070 3369
f 3364 4071 3363
f 4070 4071 3364
f 3363 4072 3358
f 4071 4072 3363
f 3358 4073 3354
f 4072 4073 3358
f 3354 4074 3350
f 4073 4074 3354
f 3350 4075 3349
f 4074 4075 3350
f 3349 4076 3346
f 4075 4076 3349
f 3346 4077 3344
f 4076 4077 3346
f 3344 4078 3343
f 4077 4078 3344
f 3343 4079 3338
f 4078 4079 3343
f 3338 4080 2710
f 4079 4080 3338
f 4080 2708 2710
f 2709 2708 4081
f 4081 4082 4083
f 2708 4082 4081
f 4083 4084 4085
f 4082 4084 4083
f 4085 4086 4087
f 4084 4086 4085
f 4087 4088 4089
f 4086 4088 4087
f 4089 4090 4091
f 4088 4090 4089
f 4091 4092 4093
f 4090 4092 4091
f 4093 4094 4095
f 4092 4094 4093
f 4094 4096 4095
f 4095 4096 4097
f 4096 4098 4097
f 4097 4098 4099
f 4098 4100 4099
f 4099 4100 4101
f 4100 4102 4101
f 4101 4102 4103
f 4102 4104 4103
f 4103 4104 4105
f 4104 4106 4105
f 4105 4106 4107
f 4106 4108 4107
f 4107 4108 4109
f 4108 4110 4109
f 4109 4110 4111
f 4110 4112 4111
f 4111 4112 4113
f 4112 4114 4113
f 4113 4114 4115
f 4114 4116 4115
f 4116 4117 4115
f 4115 4117 4118
f 4118 4117 4119
f 4117 4120 4119
f 4119 4120 4121
f 4121 4122 4123
f 4120 4122 4121
f 4123 4124 4125
f 4122 4124 4123
f 4125 4126 4127
f 4124 4126 4125
f 4127 4128 4129
f 4126 4128 4127
f 4129 4130 4131
f 4128 4130 4129
f 4130 4132 4131
f 4131 4133 4134
f 4134 4133 4135
f 4132 4133 4131
f 4133 4136 4135
f 4135 4137 4138
f 4138 4137 4139
f 4136 4137 4135
f 4139 4140 4141
f 4137 4140 4139
f 4140 4142 4141
f 4141 2716 2715
f 4142 2716 4141
f 2695 3895 4143
f 4144 4141 2715
f 3895 4145 4143
f 3896 4145 3895
f 4146 4147 4148
f 4143 4147 4146
f 4145 4147 4143
f 4148 4149 4150
f 4147 4149 4148
f 4145 4151 4147
f 3897 4151 3896
f 3896 4151 4145
f 4149 4152 4150
f 4153 4152 4154
f 4150 4152 4153
f 4151 4155 4147
f 4147 4155 4149
f 3898 4156 3897
f 3899 4156 3898
f 3897 4156 4151
f 4154 4157 4158
f 4152 4157 4154
f 4155 4159 4149
f 4149 4159 4152
f 4151 4160 4155
f 4156 4160 4151
f 4158 4161 4162
f 4157 4161 4158
f 4159 4163 4152
f 4152 4163 4157
f 4155 4164 4159
f 4160 4164 4155
f 3899 4165 4156
f 4156 4165 4160
f 3900 4165 3899
f 4161 4166 4162
f 4167 4166 4168
f 4162 4166 4167
f 4163 4169 4157
f 4157 4169 4161
f 4159 4170 4163
f 4164 4170 4159
f 4160 4171 4164
f 4165 4171 4160
f 4166 4172 4168
f 4168 4172 4173
f 3901 4174 3900
f 3902 4174 3901
f 3900 4174 4165
f 4169 4175 4161
f 4161 4175 4166
f 4163 4176 4169
f 4170 4176 4163
f 4171 4177 4164
f 4164 4177 4170
f 4178 4179 4180
f 4173 4179 4178
f 4172 4179 4173
f 4165 4181 4171
f 4174 4181 4165
f 4175 4182 4166
f 4166 4182 4172
f 4176 4183 4169
f 4169 4183 4175
f 4177 4184 4170
f 4170 4184 4176
f 4180 4185 4186
f 4179 4185 4180
f 4171 4187 4177
f 4181 4187 4171
f 4172 4188 4179
f 4182 4188 4172
f 3902 4189 4174
f 4174 4189 4181
f 3903 4189 3902
f 4175 4190 4182
f 4183 4190 4175
f 4176 4191 4183
f 4184 4191 4176
f 4186 4192 4193
f 4185 4192 4186
f 4177 4194 4184
f 4187 4194 4177
f 4188 4195 4179
f 4179 4195 4185
f 4181 4196 4187
f 4189 4196 4181
f 4190 4197 4182
f 4182 4197 4188
f 3904 4198 3903
f 3903 4198 4189
f 4183 4199 4190
f 4191 4199 4183
f 4200 4201 4202
f 4193 4201 4200
f 4192 4201 4193
f 4194 4203 4184
f 4184 4203 4191
f 4185 4204 4192
f 4195 4204 4185
f 4196 4205 4187
f 4187 4205 4194
f 4197 4206 4188
f 4188 4206 4195
f 4198 4207 4189
f 4189 4207 4196
f 4199 4208 4190
f 4190 4208 4197
f 4202 4209 4210
f 4201 4209 4202
f 4191 4211 4199
f 4203 4211 4191
f 4192 4212 4201
f 4204 4212 4192
f 4205 4213 4194
f 4194 4213 4203
f 4206 4214 4195
f 4195 4214 4204
f 4196 4215 4205
f 4207 4215 4196
f 4197 4216 4206
f 4208 4216 4197
f 3904 4217 4198
f 4198 4217 4207
f 3905 4217 3904
f 3906 4217 3905
f 4209 4218 4210
f 4210 4218 4219
f 4211 4220 4199
f 4199 4220 4208
f 4212 4221 4201
f 4201 4221 4209
f 4213 4222 4203
f 4203 4222 4211
f 4214 4223 4204
f 4204 4223 4212
f 4205 4224 4213
f 4215 4224 4205
f 4216 4225 4206
f 4206 4225 4214
f 4207 4226 4215
f 4217 4226 4207
f 4227 4228 4229
f 4219 4228 4227
f 4218 4228 4219
f 4220 4230 4208
f 4208 4230 4216
f 3906 4231 4217
f 3907 4231 3906
f 4209 4232 4218
f 4221 4232 4209
f 4211 4233 4220
f 4222 4233 4211
f 4212 4234 4221
f 4223 4234 4212
f 4224 4235 4213
f 4213 4235 4222
f 4214 4236 4223
f 4225 4236 4214
f 4215 4237 4224
f 4226 4237 4215
f 4229 4238 4239
f 4228 4238 4229
f 4216 4240 4225
f 4230 4240 4216
f 4217 4241 4226
f 4231 4241 4217
f 4232 4242 4218
f 4218 4242 4228
f 4233 4243 4220
f 4220 4243 4230
f 4221 4244 4232
f 4234 4244 4221
f 4222 4245 4233
f 4235 4245 4222
f 4236 4246 4223
f 4223 4246 4234
f 4237 4247 4224
f 4224 4247 4235
f 4248 4249 4250
f 4239 4249 4248
f 4238 4249 4239
f 4225 4251 4236
f 4240 4251 4225
f 4241 4252 4226
f 4226 4252 4237
f 4242 4253 4228
f 4228 4253 4238
f 4243 4254 4230
f 4230 4254 4240
f 3908 4255 3907
f 3909 4255 3908
f 3907 4255 4231
f 4231 4255 4241
f 4232 4256 4242
f 4244 4256 4232
f 4245 4257 4233
f 4233 4257 4243
f 4246 4258 4234
f 4234 4258 4244
f 4235 4259 4245
f 4247 4259 4235
f 4250 4260 4261
f 4249 4260 4250
f 4251 4262 4236
f 4236 4262 4246
f 4252 4263 4237
f 4237 4263 4247
f 4253 4264 4238
f 4238 4264 4249
f 4254 4265 4240
f 4240 4265 4251
f 4241 4266 4252
f 4255 4266 4241
f 4242 4267 4253
f 4256 4267 4242
f 4257 4268 4243
f 4243 4268 4254
f 3909 4269 4255
f 3910 4269 3909
f 4258 4270 4244
f 4244 4270 4256
f 4259 4271 4245
f 4245 4271 4257
f 4261 4272 4273
f 4260 4272 4261
f 4262 4274 4246
f 4246 4274 4258
f 4247 4275 4259
f 4263 4275 4247
f 4264 4276 4249
f 4249 4276 4260
f 4265 4277 4251
f 4251 4277 4262
f 4252 4278 4263
f 4266 4278 4252
f 4267 4279 4253
f 4253 4279 4264
f 4254 4280 4265
f 4268 4280 4254
f 4269 4281 4255
f 4255 4281 4266
f 4270 4282 4256
f 4256 4282 4267
f 4257 4283 4268
f 4271 4283 4257
f 4284 4285 4286
f 4273 4285 4284
f 4272 4285 4273
f 4274 4287 4258
f 4258 4287 4270
f 4275 4288 4259
f 4259 4288 4271
f 4260 4289 4272
f 4276 4289 4260
f 4277 4290 4262
f 4262 4290 4274
f 4278 4291 4263
f 4263 4291 4275
f 4279 4292 4264
f 4264 4292 4276
f 4265 4293 4277
f 4280 4293 4265
f 4266 4294 4278
f 4281 4294 4266
f 4282 4295 4267
f 4267 4295 4279
f 4268 4296 4280
f 4283 4296 4268
f 4269 4297 4281
f 3911 4297 3910
f 3910 4297 4269
f 4286 4298 4299
f 4285 4298 4286
f 4270 4300 4282
f 4287 4300 4270
f 4271 4301 4283
f 4288 4301 4271
f 4272 4302 4285
f 4289 4302 4272
f 4274 4303 4287
f 4290 4303 4274
f 4291 4304 4275
f 4275 4304 4288
f 4292 4305 4276
f 4276 4305 4289
f 4293 4306 4277
f 4277 4306 4290
f 4278 4307 4291
f 4294 4307 4278
f 4279 4308 4292
f 4295 4308 4279
f 4296 4309 4280
f 4280 4309 4293
f 4281 4310 4294
f 4297 4310 4281
f 4311 4312 4144
f 4299 4312 4311
f 4298 4312 4299
f 4282 4313 4295
f 4300 4313 4282
f 4301 4314 4283
f 4283 4314 4296
f 3911 4315 4297
f 3912 4315 3911
f 3913 4315 3912
f 4302 4316 4285
f 4285 4316 4298
f 4303 4317 4287
f 4287 4317 4300
f 4304 4318 4288
f 4288 4318 4301
f 4289 4319 4302
f 4305 4319 4289
f 4306 4320 4290
f 4290 4320 4303
f 4291 4321 4304
f 4307 4321 4291
f 4292 4322 4305
f 4308 4322 4292
f 4309 4323 4293
f 4293 4323 4306
f 4294 4324 4307
f 4310 4324 4294
f 4144 4325 4141
f 4141 4325 4139
f 4312 4325 4144
f 4313 4326 4295
f 4295 4326 4308
f 4314 4327 4296
f 4296 4327 4309
f 4315 4328 4297
f 4297 4328 4310
f 4298 4329 4312
f 4316 4329 4298
f 4317 4330 4300
f 4300 4330 4313
f 4301 4331 4314
f 4318 4331 4301
f 4319 4332 4302
f 4302 4332 4316
f 4303 4333 4317
f 4320 4333 4303
f 4321 4334 4304
f 4304 4334 4318
f 4305 4335 4319
f 4322 4335 4305
f 4323 4336 4306
f 4306 4336 4320
f 4307 4337 4321
f 4324 4337 4307
f 4308 4338 4322
f 4326 4338 4308
f 4327 4339 4309
f 4309 4339 4323
f 4328 4340 4310
f 4310 4340 4324
f 4329 4341 4312
f 4325 4341 4139
f 4312 4341 4325
f 4139 4341 4138
f 4313 4342 4326
f 4330 4342 4313
f 4331 4343 4314
f 4314 4343 4327
f 3913 4344 4315
f 4315 4344 4328
f 3914 4344 3913
f 4316 4345 4329
f 4332 4345 4316
f 4317 4346 4330
f 4333 4346 4317
f 4318 4347 4331
f 4334 4347 4318
f 4335 4348 4319
f 4319 4348 4332
f 4320 4349 4333
f 4336 4349 4320
f 4321 4350 4334
f 4337 4350 4321
f 4338 4351 4322
f 4322 4351 4335
f 4323 4352 4336
f 4339 4352 4323
f 4340 4353 4324
f 4324 4353 4337
f 4326 4354 4338
f 4342 4354 4326
f 4327 4355 4339
f 4343 4355 4327
f 4344 4356 4328
f 4328 4356 4340
f 4329 4357 4341
f 4345 4357 4329
f 4346 4358 4330
f 4330 4358 4342
f 4331 4359 4343
f 4347 4359 4331
f 3915 4360 3914
f 3916 4360 3915
f 3914 4360 4344
f 4332 4361 4345
f 4348 4361 4332
f 4349 4362 4333
f 4333 4362 4346
f 4334 4363 4347
f 4350 4363 4334
f 4335 4364 4348
f 4351 4364 4335
f 4352 4365 4336
f 4336 4365 4349
f 4337 4366 4350
f 4353 4366 4337
f 4338 4367 4351
f 4354 4367 4338
f 4339 4368 4352
f 4355 4368 4339
f 4340 4369 4353
f 4356 4369 4340
f 4135 4370 4134
f 4138 4370 4135
f 4357 4370 4341
f 4341 4370 4138
f 4342 4371 4354
f 4358 4371 4342
f 4343 4372 4355
f 4359 4372 4343
f 4344 4373 4356
f 4360 4373 4344
f 4361 4374 4345
f 4345 4374 4357
f 4362 4375 4346
f 4346 4375 4358
f 4363 4376 4347
f 4347 4376 4359
f 4348 4377 4361
f 4364 4377 4348
f 4365 4378 4349
f 4349 4378 4362
f 4366 4379 4350
f 4350 4379 4363
f 4351 4380 4364
f 4367 4380 4351
f 4352 4381 4365
f 4368 4381 4352
f 4353 4382 4366
f 4369 4382 4353
f 4354 4383 4367
f 4371 4383 4354
f 4372 4384 4355
f 4355 4384 4368
f 4356 4385 4369
f 4373 4385 4356
f 4370 4386 4134
f 4134 4386 4131
f 4374 4386 4357
f 4357 4386 4370
f 4358 4387 4371
f 4375 4387 4358
f 4359 4388 4372
f 4376 4388 4359
f 3916 4389 4360
f 4360 4389 4373
f 3917 4389 3916
f 4377 4390 4361
f 4361 4390 4374
f 4362 4391 4375
f 4378 4391 4362
f 4379 4392 4363
f 4363 4392 4376
f 4380 4393 4364
f 4364 4393 4377
f 4365 4394 4378
f 4381 4394 4365
f 4382 4395 4366
f 4366 4395 4379
f 4383 4396 4367
f 4367 4396 4380
f 4368 4397 4381
f 4384 4397 4368
f 4369 4398 4382
f 4385 4398 4369
f 4387 4399 4371
f 4371 4399 4383
f 4388 4400 4372
f 4372 4400 4384
f 4373 4401 4385
f 4389 4401 4373
f 4390 4402 4374
f 4374 4402 4386
f 4375 4403 4387
f 4391 4403 4375
f 4392 4404 4376
f 4376 4404 4388
f 3917 4405 4389
f 3918 4405 3917
f 4393 4406 4377
f 4377 4406 4390
f 4394 4407 4378
f 4378 4407 4391
f 4379 4408 4392
f 4395 4408 4379
f 4380 4409 4393
f 4396 4409 4380
f 4381 4410 4394
f 4397 4410 4381
f 4398 4411 4382
f 4382 4411 4395
f 4383 4412 4396
f 4399 4412 4383
f 4384 4413 4397
f 4400 4413 4384
f 4385 4414 4398
f 4401 4414 4385
f 4386 4415 4131
f 4402 4415 4386
f 4129 4415 4127
f 4131 4415 4129
f 4387 4416 4399
f 4403 4416 4387
f 4388 4417 4400
f 4404 4417 4388
f 4405 4418 4389
f 4389 4418 4401
f 4390 4419 4402
f 4406 4419 4390
f 4391 4420 4403
f 4407 4420 4391
f 4392 4421 4404
f 4408 4421 4392
f 4393 4422 4406
f 4409 4422 4393
f 4394 4423 4407
f 4410 4423 4394
f 4395 4424 4408
f 4411 4424 4395
f 4396 4425 4409
f 4412 4425 4396
f 4413 4426 4397
f 4397 4426 4410
f 4414 4427 4398
f 4398 4427 4411
f 4416 4428 4399
f 4399 4428 4412
f 4417 4429 4400
f 4400 4429 4413
f 4401 4430 4414
f 4418 4430 4401
f 4402 4431 4415
f 4415 4431 4127
f 4419 4431 4402
f 4127 4431 4125
f 4420 4432 4403
f 4403 4432 4416
f 4404 4433 4417
f 4421 4433 4404
f 4405 4434 4418
f 3918 4434 4405
f 3919 4434 3918
f 3920 4434 3919
f 4406 4435 4419
f 4422 4435 4406
f 4423 4436 4407
f 4407 4436 4420
f 4408 4437 4421
f 4424 4437 4408
f 4425 4438 4409
f 4409 4438 4422
f 4410 4439 4423
f 4426 4439 4410
f 4427 4440 4411
f 4411 4440 4424
f 4412 4441 4425
f 4428 4441 4412
f 4429 4442 4413
f 4413 4442 4426
f 4430 4443 4414
f 4414 4443 4427
f 4416 4444 4428
f 4432 4444 4416
f 4417 4445 4429
f 4433 4445 4417
f 4418 4446 4430
f 4434 4446 4418
f 4435 4447 4419
f 4419 4447 4431
f 4420 4448 4432
f 4436 4448 4420
f 4421 4449 4433
f 4437 4449 4421
f 3920 4450 4434
f 3921 4450 3920
f 4422 4451 4435
f 4438 4451 4422
f 4423 4452 4436
f 4439 4452 4423
f 4424 4453 4437
f 4440 4453 4424
f 4425 4454 4438
f 4441 4454 4425
f 4442 4455 4426
f 4426 4455 4439
f 4443 4456 4427
f 4427 4456 4440
f 4428 4457 4441
f 4444 4457 4428
f 4429 4458 4442
f 4445 4458 4429
f 4430 4459 4443
f 4446 4459 4430
f 4447 4460 4431
f 4125 4460 4123
f 4431 4460 4125
f 4448 4461 4432
f 4432 4461 4444
f 4449 4462 4433
f 4433 4462 4445
f 4434 4463 4446
f 4450 4463 4434
f 4435 4464 4447
f 4451 4464 4435
f 4452 4465 4436
f 4436 4465 4448
f 4437 4466 4449
f 4453 4466 4437
f 4438 4467 4451
f 4454 4467 4438
f 4439 4468 4452
f 4455 4468 4439
f 4456 4469 4440
f 4440 4469 4453
f 4441 4470 4454
f 4457 4470 4441
f 4458 4471 4442
f 4442 4471 4455
f 4459 4472 4443
f 4443 4472 4456
f 4461 4473 4444
f 4444 4473 4457
f 4462 4474 4445
f 4445 4474 4458
f 4446 4475 4459
f 4463 4475 4446
f 4447 4476 4460
f 4460 4476 4123
f 4121 4476 4119
f 4123 4476 4121
f 4464 4476 4447
f 4448 4477 4461
f 4465 4477 4448
f 4449 4478 4462
f 4466 4478 4449
f 3921 4479 4450
f 4450 4479 4463
f 3922 4479 3921
f 3923 4479 3922
f 4451 4480 4464
f 4467 4480 4451
f 4468 4481 4452
f 4452 4481 4465
f 4469 4482 4453
f 4453 4482 4466
f 4470 4483 4454
f 4454 4483 4467
f 4455 4484 4468
f 4471 4484 4455
f 4456 4485 4469
f 4472 4485 4456
f 4473 4486 4457
f 4457 4486 4470
f 4458 4487 4471
f 4474 4487 4458
f 4475 4488 4459
f 4459 4488 4472
f 4477 4489 4461
f 4461 4489 4473
f 4462 4490 4474
f 4478 4490 4462
f 4479 4491 4463
f 4463 4491 4475
f 4480 4492 4464
f 4464 4492 4476
f 4481 4493 4465
f 4465 4493 4477
f 4482 4494 4466
f 4466 4494 4478
f 3924 4495 3923
f 3923 4495 4479
f 4467 4496 4480
f 4483 4496 4467
f 4484 4497 4468
f 4468 4497 4481
f 4485 4498 4469
f 4469 4498 4482
f 4486 4499 4470
f 4470 4499 4483
f 4471 4500 4484
f 4487 4500 4471
f 4472 4501 4485
f 4488 4501 4472
f 4489 4502 4473
f 4473 4502 4486
f 4490 4503 4474
f 4474 4503 4487
f 4475 4504 4488
f 4491 4504 4475
f 4492 4505 4476
f 4119 4505 4118
f 4476 4505 4119
f 4477 4506 4489
f 4493 4506 4477
f 4494 4507 4478
f 4478 4507 4490
f 4495 4508 4479
f 4479 4508 4491
f 4496 4509 4480
f 4480 4509 4492
f 4497 4510 4481
f 4481 4510 4493
f 4498 4511 4482
f 4482 4511 4494
f 4483 4512 4496
f 4499 4512 4483
f 4500 4513 4484
f 4484 4513 4497
f 4485 4514 4498
f 4501 4514 4485
f 4502 4515 4486
f 4486 4515 4499
f 4503 4516 4487
f 4487 4516 4500
f 4488 4517 4501
f 4504 4517 4488
f 4506 4518 4489
f 4489 4518 4502
f 4507 4519 4490
f 4490 4519 4503
f 4491 4520 4504
f 4508 4520 4491
f 4509 4521 4492
f 4115 4521 4113
f 4118 4521 4115
f 4492 4521 4505
f 4505 4521 4118
f 4493 4522 4506
f 4510 4522 4493
f 4494 4523 4507
f 4511 4523 4494
f 4495 4524 4508
f 3924 4524 4495
f 3925 4524 3924
f 2709 4524 3925
f 4496 4525 4509
f 4512 4525 4496
f 4497 4526 4510
f 4513 4526 4497
f 4514 4527 4498
f 4498 4527 4511
f 4499 4528 4512
f 4515 4528 4499
f 4516 4529 4500
f 4500 4529 4513
f 4517 4530 4501
f 4501 4530 4514
f 4502 4531 4515
f 4518 4531 4502
f 4519 4532 4503
f 4503 4532 4516
f 4520 4533 4504
f 4504 4533 4517
f 4506 4534 4518
f 4522 4534 4506
f 4507 4535 4519
f 4523 4535 4507
f 4508 4536 4520
f 4524 4536 4508
f 2709 4536 4524
f 4509 4537 4521
f 4525 4537 4509
f 4526 4538 4510
f 4510 4538 4522
f 4527 4539 4511
f 4511 4539 4523
f 4512 4540 4525
f 4528 4540 4512
f 4529 4541 4513
f 4513 4541 4526
f 4514 4542 4527
f 4530 4542 4514
f 4515 4543 4528
f 4531 4543 4515
f 4516 4544 4529
f 4532 4544 4516
f 4517 4545 4530
f 4533 4545 4517
f 4534 4546 4518
f 4518 4546 4531
f 4519 4547 4532
f 4535 4547 4519
f 4520 4548 4533
f 4536 4548 4520
f 2709 4548 4536
f 4113 4549 4111
f 4537 4549 4521
f 4521 4549 4113
f 4538 4550 4522
f 4522 4550 4534
f 4523 4551 4535
f 4539 4551 4523
f 4525 4552 4537
f 4540 4552 4525
f 4526 4553 4538
f 4541 4553 4526
f 4527 4554 4539
f 4542 4554 4527
f 4528 4555 4540
f 4543 4555 4528
f 4529 4556 4541
f 4544 4556 4529
f 4530 4557 4542
f 4545 4557 4530
f 4531 4558 4543
f 4546 4558 4531
f 4547 4559 4532
f 4532 4559 4544
f 2709 4560 4548
f 4548 4560 4533
f 4533 4560 4545
f 4550 4561 4534
f 4534 4561 4546
f 4551 4562 4535
f 4535 4562 4547
f 4537 4563 4549
f 4111 4563 4109
f 4549 4563 4111
f 4552 4563 4537
f 4553 4564 4538
f 4538 4564 4550
f 4539 4565 4551
f 4554 4565 4539
f 4555 4566 4540
f 4540 4566 4552
f 4541 4567 4553
f 4556 4567 4541
f 4542 4568 4554
f 4557 4568 4542
f 4558 4569 4543
f 4543 4569 4555
f 4544 4570 4556
f 4559 4570 4544
f 4560 4571 4545
f 2709 4571 4560
f 4545 4571 4557
f 4561 4572 4546
f 4546 4572 4558
f 4547 4573 4559
f 4562 4573 4547
f 4550 4574 4561
f 4564 4574 4550
f 4565 4575 4551
f 4551 4575 4562
f 4552 4576 4563
f 4566 4576 4552
f 4567 4577 4553
f 4553 4577 4564
f 4554 4578 4565
f 4568 4578 4554
f 4555 4579 4566
f 4569 4579 4555
f 4570 4580 4556
f 4556 4580 4567
f 2709 4581 4571
f 4557 4581 4568
f 4571 4581 4557
f 4572 4582 4558
f 4558 4582 4569
f 4573 4583 4559
f 4559 4583 4570
f 4561 4584 4572
f 4574 4584 4561
f 4562 4585 4573
f 4575 4585 4562
f 4107 4586 4105
f 4563 4586 4109
f 4109 4586 4107
f 4576 4586 4563
f 4564 4587 4574
f 4577 4587 4564
f 4578 4588 4565
f 4565 4588 4575
f 4579 4589 4566
f 4566 4589 4576
f 4567 4590 4577
f 4580 4590 4567
f 4568 4591 4578
f 2709 4591 4581
f 4581 4591 4568
f 4582 4592 4569
f 4569 4592 4579
f 4583 4593 4570
f 4570 4593 4580
f 4572 4594 4582
f 4584 4594 4572
f 4585 4595 4573
f 4573 4595 4583
f 4587 4596 4574
f 4574 4596 4584
f 4588 4597 4575
f 4575 4597 4585
f 4105 4598 4103
f 4586 4598 4105
f 4576 4598 4586
f 4589 4598 4576
f 4577 4599 4587
f 4590 4599 4577
f 4591 4600 4578
f 2709 4600 4591
f 4578 4600 4588
f 4579 4601 4589
f 4592 4601 4579
f 4593 4602 4580
f 4580 4602 4590
f 4594 4603 4582
f 4582 4603 4592
f 4595 4604 4583
f 4583 4604 4593
f 4596 4605 4584
f 4584 4605 4594
f 4585 4606 4595
f 4597 4606 4585
f 4587 4607 4596
f 4599 4607 4587
f 4588 4608 4597
f 2709 4608 4600
f 4600 4608 4588
f 4589 4609 4598
f 4601 4609 4589
f 4590 4610 4599
f 4602 4610 4590
f 4592 4611 4601
f 4603 4611 4592
f 4593 4612 4602
f 4604 4612 4593
f 4594 4613 4603
f 4605 4613 4594
f 4606 4614 4595
f 4595 4614 4604
f 4596 4615 4605
f 4607 4615 4596
f 4597 4616 4606
f 4608 4616 4597
f 2709 4616 4608
f 4101 4617 4099
f 4103 4617 4101
f 4598 4617 4103
f 4609 4617 4598
f 4599 4618 4607
f 4610 4618 4599
f 4601 4619 4609
f 4611 4619 4601
f 4612 4620 4602
f 4602 4620 4610
f 4603 4621 4611
f 4613 4621 4603
f 4604 4622 4612
f 4614 4622 4604
f 4615 4623 4605
f 4605 4623 4613
f 2709 4624 4616
f 4616 4624 4606
f 4606 4624 4614
f 4618 4625 4607
f 4607 4625 4615
f 4099 4626 4097
f 4609 4626 4617
f 4617 4626 4099
f 4619 4626 4609
f 4610 4627 4618
f 4620 4627 4610
f 4621 4628 4611
f 4611 4628 4619
f 4612 4629 4620
f 4622 4629 4612
f 4623 4630 4613
f 4613 4630 4621
f 2709 4631 4624
f 4614 4631 4622
f 4624 4631 4614
f 4625 4632 4615
f 4615 4632 4623
f 4618 4633 4625
f 4627 4633 4618
f 4619 4634 4626
f 4628 4634 4619
f 4620 4635 4627
f 4629 4635 4620
f 4630 4636 4621
f 4621 4636 4628
f 4622 4637 4629
f 2709 4637 4631
f 4631 4637 4622
f 4632 4638 4623
f 4623 4638 4630
f 4625 4639 4632
f 4633 4639 4625
f 4634 4640 4626
f 4626 4640 4097
f 4097 4640 4095
f 4635 4641 4627
f 4627 4641 4633
f 4628 4642 4634
f 4636 4642 4628
f 2709 4643 4637
f 4629 4643 4635
f 4637 4643 4629
f 4630 4644 4636
f 4638 4644 4630
f 4639 4645 4632
f 4632 4645 4638
f 4633 4646 4639
f 4641 4646 4633
f 4093 4647 4091
f 4095 4647 4093
f 4634 4647 4640
f 4640 4647 4095
f 4642 4647 4634
f 2709 4648 4643
f 4643 4648 4635
f 4635 4648 4641
f 4636 4649 4642
f 4644 4649 4636
f 4638 4650 4644
f 4645 4650 4638
f 4646 4651 4639
f 4639 4651 4645
f 4648 4652 4641
f 2709 4652 4648
f 4641 4652 4646
f 4649 4653 4642
f 4642 4653 4647
f 4644 4654 4649
f 4650 4654 4644
f 4651 4655 4645
f 4645 4655 4650
f 4646 4656 4651
f 4652 4656 4646
f 2709 4656 4652
f 4653 4657 4647
f 4091 4657 4089
f 4647 4657 4091
f 4649 4658 4653
f 4654 4658 4649
f 4650 4659 4654
f 4655 4659 4650
f 4651 4660 4655
f 2709 4660 4656
f 4656 4660 4651
f 4653 4661 4657
f 4657 4661 4089
f 4658 4661 4653
f 4087 4661 4085
f 4089 4661 4087
f 4659 4662 4654
f 4654 4662 4658
f 4660 4663 4655
f 2709 4663 4660
f 4655 4663 4659
f 4658 4664 4661
f 4662 4664 4658
f 4659 4665 4662
f 2709 4665 4663
f 4663 4665 4659
f 4085 4666 4083
f 4664 4666 4661
f 4661 4666 4085
f 4665 4667 4662
f 2709 4667 4665
f 4662 4667 4664
f 4081 4668 2709
f 4083 4668 4081
f 2709 4668 4667
f 4666 4668 4083
f 4664 4668 4666
f 4667 4668 4664
f 2702 3957 4669
f 4670 3926 2697
f 3957 4671 4669
f 3959 4671 3957
f 4672 4673 4674
f 4669 4673 4672
f 4671 4673 4669
f 4674 4675 4676
f 4673 4675 4674
f 4671 4677 4673
f 3961 4677 3959
f 3959 4677 4671
f 4675 4678 4676
f 4679 4678 4680
f 4676 4678 4679
f 4677 4681 4673
f 4673 4681 4675
f 3963 4682 3961
f 3965 4682 3963
f 3961 4682 4677
f 4680 4683 4684
f 4678 4683 4680
f 4681 4685 4675
f 4675 4685 4678
f 4677 4686 4681
f 4682 4686 4677
f 4684 4687 4688
f 4683 4687 4684
f 4685 4689 4678
f 4678 4689 4683
f 4681 4690 4685
f 4686 4690 4681
f 3965 4691 4682
f 4682 4691 4686
f 3967 4691 3965
f 4687 4692 4688
f 4693 4692 4694
f 4688 4692 4693
f 4689 4695 4683
f 4683 4695 4687
f 4685 4696 4689
f 4690 4696 4685
f 4686 4697 4690
f 4691 4697 4686
f 4692 4698 4694
f 4694 4698 4699
f 3969 4700 3967
f 3971 4700 3969
f 3967 4700 4691
f 4695 4701 4687
f 4687 4701 4692
f 4689 4702 4695
f 4696 4702 4689
f 4697 4703 4690
f 4690 4703 4696
f 4704 4705 4706
f 4699 4705 4704
f 4698 4705 4699
f 4691 4707 4697
f 4700 4707 4691
f 4701 4708 4692
f 4692 4708 4698
f 4702 4709 4695
f 4695 4709 4701
f 4703 4710 4696
f 4696 4710 4702
f 4706 4711 4712
f 4705 4711 4706
f 4697 4713 4703
f 4707 4713 4697
f 4698 4714 4705
f 4708 4714 4698
f 3971 4715 4700
f 4700 4715 4707
f 3973 4715 3971
f 4701 4716 4708
f 4709 4716 4701
f 4702 4717 4709
f 4710 4717 4702
f 4712 4718 4719
f 4711 4718 4712
f 4703 4720 4710
f 4713 4720 4703
f 4714 4721 4705
f 4705 4721 4711
f 4707 4722 4713
f 4715 4722 4707
f 4716 4723 4708
f 4708 4723 4714
f 3975 4724 3973
f 3973 4724 4715
f 4709 4725 4716
f 4717 4725 4709
f 4726 4727 4728
f 4719 4727 4726
f 4718 4727 4719
f 4720 4729 4710
f 4710 4729 4717
f 4711 4730 4718
f 4721 4730 4711
f 4722 4731 4713
f 4713 4731 4720
f 4723 4732 4714
f 4714 4732 4721
f 4724 4733 4715
f 4715 4733 4722
f 4725 4734 4716
f 4716 4734 4723
f 4728 4735 4736
f 4727 4735 4728
f 4717 4737 4725
f 4729 4737 4717
f 4718 4738 4727
f 4730 4738 4718
f 4731 4739 4720
f 4720 4739 4729
f 4732 4740 4721
f 4721 4740 4730
f 4722 4741 4731
f 4733 4741 4722
f 4723 4742 4732
f 4734 4742 4723
f 3975 4743 4724
f 4724 4743 4733
f 3977 4743 3975
f 3979 4743 3977
f 4735 4744 4736
f 4736 4744 4745
f 4737 4746 4725
f 4725 4746 4734
f 4738 4747 4727
f 4727 4747 4735
f 4739 4748 4729
f 4729 4748 4737
f 4740 4749 4730
f 4730 4749 4738
f 4731 4750 4739
f 4741 4750 4731
f 4742 4751 4732
f 4732 4751 4740
f 4733 4752 4741
f 4743 4752 4733
f 4753 4754 4755
f 4745 4754 4753
f 4744 4754 4745
f 4746 4756 4734
f 4734 4756 4742
f 3979 4757 4743
f 3981 4757 3979
f 4735 4758 4744
f 4747 4758 4735
f 4737 4759 4746
f 4748 4759 4737
f 4738 4760 4747
f 4749 4760 4738
f 4750 4761 4739
f 4739 4761 4748
f 4740 4762 4749
f 4751 4762 4740
f 4741 4763 4750
f 4752 4763 4741
f 4755 4764 4765
f 4754 4764 4755
f 4742 4766 4751
f 4756 4766 4742
f 4743 4767 4752
f 4757 4767 4743
f 4758 4768 4744
f 4744 4768 4754
f 4759 4769 4746
f 4746 4769 4756
f 4747 4770 4758
f 4760 4770 4747
f 4748 4771 4759
f 4761 4771 4748
f 4762 4772 4749
f 4749 4772 4760
f 4763 4773 4750
f 4750 4773 4761
f 4774 4775 4776
f 4765 4775 4774
f 4764 4775 4765
f 4751 4777 4762
f 4766 4777 4751
f 4767 4778 4752
f 4752 4778 4763
f 4768 4779 4754
f 4754 4779 4764
f 4769 4780 4756
f 4756 4780 4766
f 3983 4781 3981
f 3985 4781 3983
f 3981 4781 4757
f 4757 4781 4767
f 4758 4782 4768
f 4770 4782 4758
f 4771 4783 4759
f 4759 4783 4769
f 4772 4784 4760
f 4760 4784 4770
f 4761 4785 4771
f 4773 4785 4761
f 4776 4786 4787
f 4775 4786 4776
f 4777 4788 4762
f 4762 4788 4772
f 4778 4789 4763
f 4763 4789 4773
f 4779 4790 4764
f 4764 4790 4775
f 4780 4791 4766
f 4766 4791 4777
f 4767 4792 4778
f 4781 4792 4767
f 4768 4793 4779
f 4782 4793 4768
f 4783 4794 4769
f 4769 4794 4780
f 3985 4795 4781
f 3987 4795 3985
f 4784 4796 4770
f 4770 4796 4782
f 4785 4797 4771
f 4771 4797 4783
f 4787 4798 4799
f 4786 4798 4787
f 4788 4800 4772
f 4772 4800 4784
f 4773 4801 4785
f 4789 4801 4773
f 4790 4802 4775
f 4775 4802 4786
f 4791 4803 4777
f 4777 4803 4788
f 4778 4804 4789
f 4792 4804 4778
f 4793 4805 4779
f 4779 4805 4790
f 4780 4806 4791
f 4794 4806 4780
f 4795 4807 4781
f 4781 4807 4792
f 4796 4808 4782
f 4782 4808 4793
f 4783 4809 4794
f 4797 4809 4783
f 4810 4811 4812
f 4799 4811 4810
f 4798 4811 4799
f 4800 4813 4784
f 4784 4813 4796
f 4801 4814 4785
f 4785 4814 4797
f 4786 4815 4798
f 4802 4815 4786
f 4803 4816 4788
f 4788 4816 4800
f 4804 4817 4789
f 4789 4817 4801
f 4805 4818 4790
f 4790 4818 4802
f 4791 4819 4803
f 4806 4819 4791
f 4792 4820 4804
f 4807 4820 4792
f 4808 4821 4793
f 4793 4821 4805
f 4794 4822 4806
f 4809 4822 4794
f 4795 4823 4807
f 3989 4823 3987
f 3987 4823 4795
f 4812 4824 4825
f 4811 4824 4812
f 4796 4826 4808
f 4813 4826 4796
f 4797 4827 4809
f 4814 4827 4797
f 4798 4828 4811
f 4815 4828 4798
f 4800 4829 4813
f 4816 4829 4800
f 4817 4830 4801
f 4801 4830 4814
f 4818 4831 4802
f 4802 4831 4815
f 4819 4832 4803
f 4803 4832 4816
f 4804 4833 4817
f 4820 4833 4804
f 4805 4834 4818
f 4821 4834 4805
f 4822 4835 4806
f 4806 4835 4819
f 4807 4836 4820
f 4823 4836 4807
f 4837 4838 4670
f 4825 4838 4837
f 4824 4838 4825
f 4808 4839 4821
f 4826 4839 4808
f 4827 4840 4809
f 4809 4840 4822
f 3989 4841 4823
f 3991 4841 3989
f 3993 4841 3991
f 4828 4842 4811
f 4811 4842 4824
f 4829 4843 4813
f 4813 4843 4826
f 4830 4844 4814
f 4814 4844 4827
f 4815 4845 4828
f 4831 4845 4815
f 4832 4846 4816
f 4816 4846 4829
f 4817 4847 4830
f 4833 4847 4817
f 4818 4848 4831
f 4834 4848 4818
f 4835 4849 4819
f 4819 4849 4832
f 4820 4850 4833
f 4836 4850 4820
f 4670 4851 3926
f 3926 4851 3927
f 4838 4851 4670
f 4839 4852 4821
f 4821 4852 4834
f 4840 4853 4822
f 4822 4853 4835
f 4841 4854 4823
f 4823 4854 4836
f 4824 4855 4838
f 4842 4855 4824
f 4843 4856 4826
f 4826 4856 4839
f 4827 4857 4840
f 4844 4857 4827
f 4845 4858 4828
f 4828 4858 4842
f 4829 4859 4843
f 4846 4859 4829
f 4847 4860 4830
f 4830 4860 4844
f 4831 4861 4845
f 4848 4861 4831
f 4849 4862 4832
f 4832 4862 4846
f 4833 4863 4847
f 4850 4863 4833
f 4834 4864 4848
f 4852 4864 4834
f 4853 4865 4835
f 4835 4865 4849
f 4854 4866 4836
f 4836 4866 4850
f 4855 4867 4838
f 4851 4867 3927
f 4838 4867 4851
f 3927 4867 3928
f 4839 4868 4852
f 4856 4868 4839
f 4857 4869 4840
f 4840 4869 4853
f 3993 4870 4841
f 4841 4870 4854
f 3995 4870 3993
f 4842 4871 4855
f 4858 4871 4842
f 4843 4872 4856
f 4859 4872 4843
f 4844 4873 4857
f 4860 4873 4844
f 4861 4874 4845
f 4845 4874 4858
f 4846 4875 4859
f 4862 4875 4846
f 4847 4876 4860
f 4863 4876 4847
f 4864 4877 4848
f 4848 4877 4861
f 4849 4878 4862
f 4865 4878 4849
f 4866 4879 4850
f 4850 4879 4863
f 4852 4880 4864
f 4868 4880 4852
f 4853 4881 4865
f 4869 4881 4853
f 4870 4882 4854
f 4854 4882 4866
f 4855 4883 4867
f 4871 4883 4855
f 4872 4884 4856
f 4856 4884 4868
f 4857 4885 4869
f 4873 4885 4857
f 3997 4886 3995
f 3999 4886 3997
f 3995 4886 4870
f 4858 4887 4871
f 4874 4887 4858
f 4875 4888 4859
f 4859 4888 4872
f 4860 4889 4873
f 4876 4889 4860
f 4861 4890 4874
f 4877 4890 4861
f 4878 4891 4862
f 4862 4891 4875
f 4863 4892 4876
f 4879 4892 4863
f 4864 4893 4877
f 4880 4893 4864
f 4865 4894 4878
f 4881 4894 4865
f 4866 4895 4879
f 4882 4895 4866
f 3929 4896 3930
f 3928 4896 3929
f 4883 4896 4867
f 4867 4896 3928
f 4868 4897 4880
f 4884 4897 4868
f 4869 4898 4881
f 4885 4898 4869
f 4870 4899 4882
f 4886 4899 4870
f 4887 4900 4871
f 4871 4900 4883
f 4888 4901 4872
f 4872 4901 4884
f 4889 4902 4873
f 4873 4902 4885
f 4874 4903 4887
f 4890 4903 4874
f 4891 4904 4875
f 4875 4904 4888
f 4892 4905 4876
f 4876 4905 4889
f 4877 4906 4890
f 4893 4906 4877
f 4878 4907 4891
f 4894 4907 4878
f 4879 4908 4892
f 4895 4908 4879
f 4880 4909 4893
f 4897 4909 4880
f 4898 4910 4881
f 4881 4910 4894
f 4882 4911 4895
f 4899 4911 4882
f 4896 4912 3930
f 3930 4912 3931
f 4900 4912 4883
f 4883 4912 4896
f 4884 4913 4897
f 4901 4913 4884
f 4885 4914 4898
f 4902 4914 4885
f 3999 4915 4886
f 4886 4915 4899
f 4001 4915 3999
f 4903 4916 4887
f 4887 4916 4900
f 4888 4917 4901
f 4904 4917 4888
f 4905 4918 4889
f 4889 4918 4902
f 4906 4919 4890
f 4890 4919 4903
f 4891 4920 4904
f 4907 4920 4891
f 4908 4921 4892
f 4892 4921 4905
f 4909 4922 4893
f 4893 4922 4906
f 4894 4923 4907
f 4910 4923 4894
f 4895 4924 4908
f 4911 4924 4895
f 4913 4925 4897
f 4897 4925 4909
f 4914 4926 4898
f 4898 4926 4910
f 4899 4927 4911
f 4915 4927 4899
f 4916 4928 4900
f 4900 4928 4912
f 4901 4929 4913
f 4917 4929 4901
f 4918 4930 4902
f 4902 4930 4914
f 4001 4931 4915
f 4003 4931 4001
f 4919 4932 4903
f 4903 4932 4916
f 4920 4933 4904
f 4904 4933 4917
f 4905 4934 4918
f 4921 4934 4905
f 4906 4935 4919
f 4922 4935 4906
f 4907 4936 4920
f 4923 4936 4907
f 4924 4937 4908
f 4908 4937 4921
f 4909 4938 4922
f 4925 4938 4909
f 4910 4939 4923
f 4926 4939 4910
f 4911 4940 4924
f 4927 4940 4911
f 4912 4941 3931
f 4928 4941 4912
f 3932 4941 3933
f 3931 4941 3932
f 4913 4942 4925
f 4929 4942 4913
f 4914 4943 4926
f 4930 4943 4914
f 4931 4944 4915
f 4915 4944 4927
f 4916 4945 4928
f 4932 4945 4916
f 4917 4946 4929
f 4933 4946 4917
f 4918 4947 4930
f 4934 4947 4918
f 4919 4948 4932
f 4935 4948 4919
f 4920 4949 4933
f 4936 4949 4920
f 4921 4950 4934
f 4937 4950 4921
f 4922 4951 4935
f 4938 4951 4922
f 4939 4952 4923
f 4923 4952 4936
f 4940 4953 4924
f 4924 4953 4937
f 4942 4954 4925
f 4925 4954 4938
f 4943 4955 4926
f 4926 4955 4939
f 4927 4956 4940
f 4944 4956 4927
f 4928 4957 4941
f 4941 4957 3933
f 4945 4957 4928
f 3933 4957 3934
f 4946 4958 4929
f 4929 4958 4942
f 4930 4959 4943
f 4947 4959 4930
f 4931 4960 4944
f 4003 4960 4931
f 4005 4960 4003
f 4008 4960 4005
f 4932 4961 4945
f 4948 4961 4932
f 4949 4962 4933
f 4933 4962 4946
f 4934 4963 4947
f 4950 4963 4934
f 4951 4964 4935
f 4935 4964 4948
f 4936 4965 4949
f 4952 4965 4936
f 4953 4966 4937
f 4937 4966 4950
f 4938 4967 4951
f 4954 4967 4938
f 4955 4968 4939
f 4939 4968 4952
f 4956 4969 4940
f 4940 4969 4953
f 4942 4970 4954
f 4958 4970 4942
f 4943 4971 4955
f 4959 4971 4943
f 4944 4972 4956
f 4960 4972 4944
f 4961 4973 4945
f 4945 4973 4957
f 4946 4974 4958
f 4962 4974 4946
f 4947 4975 4959
f 4963 4975 4947
f 4008 4976 4960
f 4009 4976 4008
f 4948 4977 4961
f 4964 4977 4948
f 4949 4978 4962
f 4965 4978 4949
f 4950 4979 4963
f 4966 4979 4950
f 4951 4980 4964
f 4967 4980 4951
f 4968 4981 4952
f 4952 4981 4965
f 4969 4982 4953
f 4953 4982 4966
f 4954 4983 4967
f 4970 4983 4954
f 4955 4984 4968
f 4971 4984 4955
f 4956 4985 4969
f 4972 4985 4956
f 4973 4986 4957
f 3934 4986 3935
f 4957 4986 3934
f 4974 4987 4958
f 4958 4987 4970
f 4975 4988 4959
f 4959 4988 4971
f 4960 4989 4972
f 4976 4989 4960
f 4961 4990 4973
f 4977 4990 4961
f 4978 4991 4962
f 4962 4991 4974
f 4963 4992 4975
f 4979 4992 4963
f 4964 4993 4977
f 4980 4993 4964
f 4965 4994 4978
f 4981 4994 4965
f 4982 4995 4966
f 4966 4995 4979
f 4967 4996 4980
f 4983 4996 4967
f 4984 4997 4968
f 4968 4997 4981
f 4985 4998 4969
f 4969 4998 4982
f 4987 4999 4970
f 4970 4999 4983
f 4988 5000 4971
f 4971 5000 4984
f 4972 5001 4985
f 4989 5001 4972
f 4973 5002 4986
f 4986 5002 3935
f 3936 5002 3937
f 3935 5002 3936
f 4990 5002 4973
f 4974 5003 4987
f 4991 5003 4974
f 4975 5004 4988
f 4992 5004 4975
f 4009 5005 4976
f 4976 5005 4989
f 4011 5005 4009
f 4013 5005 4011
f 4977 5006 4990
f 4993 5006 4977
f 4994 5007 4978
f 4978 5007 4991
f 4995 5008 4979
f 4979 5008 4992
f 4996 5009 4980
f 4980 5009 4993
f 4981 5010 4994
f 4997 5010 4981
f 4982 5011 4995
f 4998 5011 4982
f 4999 5012 4983
f 4983 5012 4996
f 4984 5013 4997
f 5000 5013 4984
f 5001 5014 4985
f 4985 5014 4998
f 5003 5015 4987
f 4987 5015 4999
f 4988 5016 5000
f 5004 5016 4988
f 5005 5017 4989
f 4989 5017 5001
f 5006 5018 4990
f 4990 5018 5002
f 5007 5019 4991
f 4991 5019 5003
f 5008 5020 4992
f 4992 5020 5004
f 4016 5021 4013
f 4013 5021 5005
f 4993 5022 5006
f 5009 5022 4993
f 5010 5023 4994
f 4994 5023 5007
f 5011 5024 4995
f 4995 5024 5008
f 5012 5025 4996
f 4996 5025 5009
f 4997 5026 5010
f 5013 5026 4997
f 4998 5027 5011
f 5014 5027 4998
f 5015 5028 4999
f 4999 5028 5012
f 5016 5029 5000
f 5000 5029 5013
f 5001 5030 5014
f 5017 5030 5001
f 5018 5031 5002
f 3937 5031 3938
f 5002 5031 3937
f 5003 5032 5015
f 5019 5032 5003
f 5020 5033 5004
f 5004 5033 5016
f 5021 5034 5005
f 5005 5034 5017
f 5022 5035 5006
f 5006 5035 5018
f 5023 5036 5007
f 5007 5036 5019
f 5024 5037 5008
f 5008 5037 5020
f 5009 5038 5022
f 5025 5038 5009
f 5026 5039 5010
f 5010 5039 5023
f 5011 5040 5024
f 5027 5040 5011
f 5028 5041 5012
f 5012 5041 5025
f 5029 5042 5013
f 5013 5042 5026
f 5014 5043 5027
f 5030 5043 5014
f 5032 5044 5015
f 5015 5044 5028
f 5033 5045 5016
f 5016 5045 5029
f 5017 5046 5030
f 5034 5046 5017
f 5035 5047 5018
f 3939 5047 3940
f 3938 5047 3939
f 5018 5047 5031
f 5031 5047 3938
f 5019 5048 5032
f 5036 5048 5019
f 5020 5049 5033
f 5037 5049 5020
f 5021 5050 5034
f 4016 5050 5021
f 4017 5050 4016
f 2713 5050 4017
f 5022 5051 5035
f 5038 5051 5022
f 5023 5052 5036
f 5039 5052 5023
f 5040 5053 5024
f 5024 5053 5037
f 5025 5054 5038
f 5041 5054 5025
f 5042 5055 5026
f 5026 5055 5039
f 5043 5056 5027
f 5027 5056 5040
f 5028 5057 5041
f 5044 5057 5028
f 5045 5058 5029
f 5029 5058 5042
f 5046 5059 5030
f 5030 5059 5043
f 5032 5060 5044
f 5048 5060 5032
f 5033 5061 5045
f 5049 5061 5033
f 5034 5062 5046
f 5050 5062 5034
f 2713 5062 5050
f 5035 5063 5047
f 5051 5063 5035
f 5052 5064 5036
f 5036 5064 5048
f 5053 5065 5037
f 5037 5065 5049
f 5038 5066 5051
f 5054 5066 5038
f 5055 5067 5039
f 5039 5067 5052
f 5040 5068 5053
f 5056 5068 5040
f 5041 5069 5054
f 5057 5069 5041
f 5042 5070 5055
f 5058 5070 5042
f 5043 5071 5056
f 5059 5071 5043
f 5060 5072 5044
f 5044 5072 5057
f 5045 5073 5058
f 5061 5073 5045
f 5046 5074 5059
f 5062 5074 5046
f 2713 5074 5062
f 3940 5075 3941
f 5063 5075 5047
f 5047 5075 3940
f 5064 5076 5048
f 5048 5076 5060
f 5049 5077 5061
f 5065 5077 5049
f 5051 5078 5063
f 5066 5078 5051
f 5052 5079 5064
f 5067 5079 5052
f 5053 5080 5065
f 5068 5080 5053
f 5054 5081 5066
f 5069 5081 5054
f 5055 5082 5067
f 5070 5082 5055
f 5056 5083 5068
f 5071 5083 5056
f 5057 5084 5069
f 5072 5084 5057
f 5073 5085 5058
f 5058 5085 5070
f 2713 5086 5074
f 5074 5086 5059
f 5059 5086 5071
f 5076 5087 5060
f 5060 5087 5072
f 5077 5088 5061
f 5061 5088 5073
f 5063 5089 5075
f 3941 5089 3942
f 5075 5089 3941
f 5078 5089 5063
f 5079 5090 5064
f 5064 5090 5076
f 5065 5091 5077
f 5080 5091 5065
f 5081 5092 5066
f 5066 5092 5078
f 5067 5093 5079
f 5082 5093 5067
f 5068 5094 5080
f 5083 5094 5068
f 5084 5095 5069
f 5069 5095 5081
f 5070 5096 5082
f 5085 5096 5070
f 5086 5097 5071
f 2713 5097 5086
f 5071 5097 5083
f 5087 5098 5072
f 5072 5098 5084
f 5073 5099 5085
f 5088 5099 5073
f 5076 5100 5087
f 5090 5100 5076
f 5091 5101 5077
f 5077 5101 5088
f 5078 5102 5089
f 5092 5102 5078
f 5093 5103 5079
f 5079 5103 5090
f 5080 5104 5091
f 5094 5104 5080
f 5081 5105 5092
f 5095 5105 5081
f 5096 5106 5082
f 5082 5106 5093
f 2713 5107 5097
f 5083 5107 5094
f 5097 5107 5083
f 5098 5108 5084
f 5084 5108 5095
f 5099 5109 5085
f 5085 5109 5096
f 5087 5110 5098
f 5100 5110 5087
f 5088 5111 5099
f 5101 5111 5088
f 3943 5112 3944
f 5089 5112 3942
f 3942 5112 3943
f 5102 5112 5089
f 5090 5113 5100
f 5103 5113 5090
f 5104 5114 5091
f 5091 5114 5101
f 5105 5115 5092
f 5092 5115 5102
f 5093 5116 5103
f 5106 5116 5093
f 5094 5117 5104
f 2713 5117 5107
f 5107 5117 5094
f 5108 5118 5095
f 5095 5118 5105
f 5109 5119 5096
f 5096 5119 5106
f 5098 5120 5108
f 5110 5120 5098
f 5111 5121 5099
f 5099 5121 5109
f 5113 5122 5100
f 5100 5122 5110
f 5114 5123 5101
f 5101 5123 5111
f 3944 5124 3945
f 5112 5124 3944
f 5102 5124 5112
f 5115 5124 5102
f 5103 5125 5113
f 5116 5125 5103
f 5117 5126 5104
f 2713 5126 5117
f 5104 5126 5114
f 5105 5127 5115
f 5118 5127 5105
f 5119 5128 5106
f 5106 5128 5116
f 5120 5129 5108
f 5108 5129 5118
f 5121 5130 5109
f 5109 5130 5119
f 5122 5131 5110
f 5110 5131 5120
f 5111 5132 5121
f 5123 5132 5111
f 5113 5133 5122
f 5125 5133 5113
f 5114 5134 5123
f 2713 5134 5126
f 5126 5134 5114
f 5115 5135 5124
f 5127 5135 5115
f 5116 5136 5125
f 5128 5136 5116
f 5118 5137 5127
f 5129 5137 5118
f 5119 5138 5128
f 5130 5138 5119
f 5120 5139 5129
f 5131 5139 5120
f 5132 5140 5121
f 5121 5140 5130
f 5122 5141 5131
f 5133 5141 5122
f 5123 5142 5132
f 5134 5142 5123
f 2713 5142 5134
f 3946 5143 3947
f 3945 5143 3946
f 5124 5143 3945
f 5135 5143 5124
f 5125 5144 5133
f 5136 5144 5125
f 5127 5145 5135
f 5137 5145 5127
f 5138 5146 5128
f 5128 5146 5136
f 5129 5147 5137
f 5139 5147 5129
f 5130 5148 5138
f 5140 5148 5130
f 5141 5149 5131
f 5131 5149 5139
f 2713 5150 5142
f 5142 5150 5132
f 5132 5150 5140
f 5144 5151 5133
f 5133 5151 5141
f 3947 5152 3948
f 5135 5152 5143
f 5143 5152 3947
f 5145 5152 5135
f 5136 5153 5144
f 5146 5153 5136
f 5147 5154 5137
f 5137 5154 5145
f 5138 5155 5146
f 5148 5155 5138
f 5149 5156 5139
f 5139 5156 5147
f 2713 5157 5150
f 5140 5157 5148
f 5150 5157 5140
f 5151 5158 5141
f 5141 5158 5149
f 5144 5159 5151
f 5153 5159 5144
f 5145 5160 5152
f 5154 5160 5145
f 5146 5161 5153
f 5155 5161 5146
f 5156 5162 5147
f 5147 5162 5154
f 5148 5163 5155
f 2713 5163 5157
f 5157 5163 5148
f 5158 5164 5149
f 5149 5164 5156
f 5151 5165 5158
f 5159 5165 5151
f 5160 5166 5152
f 5152 5166 3948
f 3948 5166 3949
f 5161 5167 5153
f 5153 5167 5159
f 5154 5168 5160
f 5162 5168 5154
f 2713 5169 5163
f 5155 5169 5161
f 5163 5169 5155
f 5156 5170 5162
f 5164 5170 5156
f 5165 5171 5158
f 5158 5171 5164
f 5159 5172 5165
f 5167 5172 5159
f 3950 5173 3951
f 3949 5173 3950
f 5160 5173 5166
f 5166 5173 3949
f 5168 5173 5160
f 2713 5174 5169
f 5169 5174 5161
f 5161 5174 5167
f 5162 5175 5168
f 5170 5175 5162
f 5164 5176 5170
f 5171 5176 5164
f 5172 5177 5165
f 5165 5177 5171
f 5174 5178 5167
f 2713 5178 5174
f 5167 5178 5172
f 5175 5179 5168
f 5168 5179 5173
f 5170 5180 5175
f 5176 5180 5170
f 5177 5181 5171
f 5171 5181 5176
f 5172 5182 5177
f 5178 5182 5172
f 2713 5182 5178
f 5179 5183 5173
f 3951 5183 3952
f 5173 5183 3951
f 5175 5184 5179
f 5180 5184 5175
f 5176 5185 5180
f 5181 5185 5176
f 5177 5186 5181
f 2713 5186 5182
f 5182 5186 5177
f 5179 5187 5183
f 5183 5187 3952
f 5184 5187 5179
f 3953 5187 3954
f 3952 5187 3953
f 5185 5188 5180
f 5180 5188 5184
f 5186 5189 5181
f 2713 5189 5186
f 5181 5189 5185
f 5184 5190 5187
f 5188 5190 5184
f 5185 5191 5188
f 2713 5191 5189
f 5189 5191 5185
f 3954 5192 3955
f 5190 5192 5187
f 5187 5192 3954
f 5191 5193 5188
f 2713 5193 5191
f 5188 5193 5190
f 3956 5194 2713
f 3955 5194 3956
f 2713 5194 5193
f 5192 5194 3955
f 5190 5194 5192
f 5193 5194 5190
f 2705 4019 5195
f 5196 3958 2700
f 4019 5197 5195
f 4020 5197 4019
f 5198 5199 5200
f 5195 5199 5198
f 5197 5199 5195
f 5200 5201 5202
f 5199 5201 5200
f 5197 5203 5199
f 4021 5203 4020
f 4020 5203 5197
f 5201 5204 5202
f 5205 5204 5206
f 5202 5204 5205
f 5203 5207 5199
f 5199 5207 5201
f 4022 5208 4021
f 4023 5208 4022
f 4021 5208 5203
f 5206 5209 5210
f 5204 5209 5206
f 5207 5211 5201
f 5201 5211 5204
f 5203 5212 5207
f 5208 5212 5203
f 5210 5213 5214
f 5209 5213 5210
f 5211 5215 5204
f 5204 5215 5209
f 5207 5216 5211
f 5212 5216 5207
f 4023 5217 5208
f 4024 5217 4023
f 5208 5217 5212
f 5213 5218 5214
f 5219 5218 5220
f 5214 5218 5219
f 5215 5221 5209
f 5209 5221 5213
f 5211 5222 5215
f 5216 5222 5211
f 5212 5223 5216
f 5217 5223 5212
f 5220 5224 5225
f 5218 5224 5220
f 4025 5226 4024
f 4026 5226 4025
f 4024 5226 5217
f 5221 5227 5213
f 5213 5227 5218
f 5215 5228 5221
f 5222 5228 5215
f 5223 5229 5216
f 5216 5229 5222
f 5230 5231 5232
f 5225 5231 5230
f 5224 5231 5225
f 5217 5233 5223
f 5226 5233 5217
f 5227 5234 5218
f 5218 5234 5224
f 5228 5235 5221
f 5221 5235 5227
f 5222 5236 5228
f 5229 5236 5222
f 5231 5237 5232
f 5232 5237 5238
f 5233 5239 5223
f 5223 5239 5229
f 5224 5240 5231
f 5234 5240 5224
f 4026 5241 5226
f 4027 5241 4026
f 5226 5241 5233
f 5235 5242 5227
f 5227 5242 5234
f 5236 5243 5228
f 5228 5243 5235
f 5238 5244 5245
f 5237 5244 5238
f 5239 5246 5229
f 5229 5246 5236
f 5240 5247 5231
f 5231 5247 5237
f 5233 5248 5239
f 5241 5248 5233
f 5242 5249 5234
f 5234 5249 5240
f 4027 5250 5241
f 4028 5250 4027
f 5235 5251 5242
f 5243 5251 5235
f 5252 5253 5254
f 5245 5253 5252
f 5244 5253 5245
f 5246 5255 5236
f 5236 5255 5243
f 5247 5256 5237
f 5237 5256 5244
f 5239 5257 5246
f 5248 5257 5239
f 5240 5258 5247
f 5249 5258 5240
f 5241 5259 5248
f 5250 5259 5241
f 5242 5260 5249
f 5251 5260 5242
f 5254 5261 5262
f 5253 5261 5254
f 5255 5263 5243
f 5243 5263 5251
f 5256 5264 5244
f 5244 5264 5253
f 5246 5265 5255
f 5257 5265 5246
f 5258 5266 5247
f 5247 5266 5256
f 5248 5267 5257
f 5259 5267 5248
f 5249 5268 5258
f 5260 5268 5249
f 4028 5269 5250
f 5250 5269 5259
f 4029 5269 4028
f 4030 5269 4029
f 5262 5270 5271
f 5261 5270 5262
f 5251 5272 5260
f 5263 5272 5251
f 5253 5273 5261
f 5264 5273 5253
f 5255 5274 5263
f 5265 5274 5255
f 5256 5275 5264
f 5266 5275 5256
f 5267 5276 5257
f 5257 5276 5265
f 5258 5277 5266
f 5268 5277 5258
f 5269 5278 5259
f 5259 5278 5267
f 5279 5280 5281
f 5271 5280 5279
f 5270 5280 5271
f 5260 5282 5268
f 5272 5282 5260
f 4030 5283 5269
f 4031 5283 4030
f 5261 5284 5270
f 5273 5284 5261
f 5274 5285 5263
f 5263 5285 5272
f 5275 5286 5264
f 5264 5286 5273
f 5265 5287 5274
f 5276 5287 5265
f 5266 5288 5275
f 5277 5288 5266
f 5278 5289 5267
f 5267 5289 5276
f 5281 5290 5291
f 5280 5290 5281
f 5268 5292 5277
f 5282 5292 5268
f 5269 5293 5278
f 5283 5293 5269
f 5284 5294 5270
f 5270 5294 5280
f 5285 5295 5272
f 5272 5295 5282
f 5273 5296 5284
f 5286 5296 5273
f 5274 5297 5285
f 5287 5297 5274
f 5288 5298 5275
f 5275 5298 5286
f 5276 5299 5287
f 5289 5299 5276
f 5300 5301 5302
f 5291 5301 5300
f 5290 5301 5291
f 5277 5303 5288
f 5292 5303 5277
f 5293 5304 5278
f 5278 5304 5289
f 5294 5305 5280
f 5280 5305 5290
f 5282 5306 5292
f 5295 5306 5282
f 4032 5307 4031
f 4033 5307 4032
f 4031 5307 5283
f 5283 5307 5293
f 5284 5308 5294
f 5296 5308 5284
f 5285 5309 5295
f 5297 5309 5285
f 5286 5310 5296
f 5298 5310 5286
f 5287 5311 5297
f 5299 5311 5287
f 5302 5312 5313
f 5301 5312 5302
f 5288 5314 5298
f 5303 5314 5288
f 5289 5315 5299
f 5304 5315 5289
f 5305 5316 5290
f 5290 5316 5301
f 5306 5317 5292
f 5292 5317 5303
f 5307 5318 5293
f 5293 5318 5304
f 5308 5319 5294
f 5294 5319 5305
f 5309 5320 5295
f 5295 5320 5306
f 4033 5321 5307
f 4034 5321 4033
f 5310 5322 5296
f 5296 5322 5308
f 5297 5323 5309
f 5311 5323 5297
f 5313 5324 5325
f 5312 5324 5313
f 5298 5326 5310
f 5314 5326 5298
f 5315 5327 5299
f 5299 5327 5311
f 5316 5328 5301
f 5301 5328 5312
f 5303 5329 5314
f 5317 5329 5303
f 5318 5330 5304
f 5304 5330 5315
f 5305 5331 5316
f 5319 5331 5305
f 5306 5332 5317
f 5320 5332 5306
f 5307 5333 5318
f 5321 5333 5307
f 5308 5334 5319
f 5322 5334 5308
f 5309 5335 5320
f 5323 5335 5309
f 5336 5337 5338
f 5325 5337 5336
f 5324 5337 5325
f 5326 5339 5310
f 5310 5339 5322
f 5327 5340 5311
f 5311 5340 5323
f 5312 5341 5324
f 5328 5341 5312
f 5329 5342 5314
f 5314 5342 5326
f 5330 5343 5315
f 5315 5343 5327
f 5316 5344 5328
f 5331 5344 5316
f 5317 5345 5329
f 5332 5345 5317
f 5318 5346 5330
f 5333 5346 5318
f 5319 5347 5331
f 5334 5347 5319
f 5320 5348 5332
f 5335 5348 5320
f 5321 5349 5333
f 4035 5349 4034
f 4034 5349 5321
f 5338 5350 5351
f 5337 5350 5338
f 5339 5352 5322
f 5322 5352 5334
f 5323 5353 5335
f 5340 5353 5323
f 5324 5354 5337
f 5341 5354 5324
f 5326 5355 5339
f 5342 5355 5326
f 5343 5356 5327
f 5327 5356 5340
f 5328 5357 5341
f 5344 5357 5328
f 5345 5358 5329
f 5329 5358 5342
f 5330 5359 5343
f 5346 5359 5330
f 5331 5360 5344
f 5347 5360 5331
f 5332 5361 5345
f 5348 5361 5332
f 5349 5362 5333
f 5333 5362 5346
f 5363 5364 5196
f 5351 5364 5363
f 5350 5364 5351
f 5334 5365 5347
f 5352 5365 5334
f 5353 5366 5335
f 5335 5366 5348
f 4035 5367 5349
f 4036 5367 4035
f 4037 5367 4036
f 5337 5368 5350
f 5354 5368 5337
f 5355 5369 5339
f 5339 5369 5352
f 5340 5370 5353
f 5356 5370 5340
f 5341 5371 5354
f 5357 5371 5341
f 5342 5372 5355
f 5358 5372 5342
f 5343 5373 5356
f 5359 5373 5343
f 5344 5374 5357
f 5360 5374 5344
f 5345 5375 5358
f 5361 5375 5345
f 5346 5376 5359
f 5362 5376 5346
f 5196 5377 3958
f 3958 5377 3960
f 5364 5377 5196
f 5365 5378 5347
f 5347 5378 5360
f 5348 5379 5361
f 5366 5379 5348
f 5367 5380 5349
f 5349 5380 5362
f 5350 5381 5364
f 5368 5381 5350
f 5352 5382 5365
f 5369 5382 5352
f 5370 5383 5353
f 5353 5383 5366
f 5354 5384 5368
f 5371 5384 5354
f 5355 5385 5369
f 5372 5385 5355
f 5356 5386 5370
f 5373 5386 5356
f 5357 5387 5371
f 5374 5387 5357
f 5358 5388 5372
f 5375 5388 5358
f 5376 5389 5359
f 5359 5389 5373
f 5360 5390 5374
f 5378 5390 5360
f 5379 5391 5361
f 5361 5391 5375
f 5362 5392 5376
f 5380 5392 5362
f 5381 5393 5364
f 5377 5393 3960
f 5364 5393 5377
f 3960 5393 3962
f 5382 5394 5365
f 5365 5394 5378
f 5366 5395 5379
f 5383 5395 5366
f 4037 5396 5367
f 5367 5396 5380
f 4038 5396 4037
f 5368 5397 5381
f 5384 5397 5368
f 5369 5398 5382
f 5385 5398 5369
f 5370 5399 5383
f 5386 5399 5370
f 5387 5400 5371
f 5371 5400 5384
f 5372 5401 5385
f 5388 5401 5372
f 5373 5402 5386
f 5389 5402 5373
f 5374 5403 5387
f 5390 5403 5374
f 5375 5404 5388
f 5391 5404 5375
f 5376 5405 5389
f 5392 5405 5376
f 5378 5406 5390
f 5394 5406 5378
f 5379 5407 5391
f 5395 5407 5379
f 5380 5408 5392
f 5396 5408 5380
f 5381 5409 5393
f 5397 5409 5381
f 5382 5410 5394
f 5398 5410 5382
f 5399 5411 5383
f 5383 5411 5395
f 4039 5412 4038
f 4040 5412 4039
f 4038 5412 5396
f 5400 5413 5384
f 5384 5413 5397
f 5385 5414 5398
f 5401 5414 5385
f 5386 5415 5399
f 5402 5415 5386
f 5387 5416 5400
f 5403 5416 5387
f 5404 5417 5388
f 5388 5417 5401
f 5389 5418 5402
f 5405 5418 5389
f 5390 5419 5403
f 5406 5419 5390
f 5407 5420 5391
f 5391 5420 5404
f 5392 5421 5405
f 5408 5421 5392
f 5409 5422 5393
f 3964 5422 3966
f 3962 5422 3964
f 5393 5422 3962
f 5410 5423 5394
f 5394 5423 5406
f 5395 5424 5407
f 5411 5424 5395
f 5396 5425 5408
f 5412 5425 5396
f 5413 5426 5397
f 5397 5426 5409
f 5414 5427 5398
f 5398 5427 5410
f 5399 5428 5411
f 5415 5428 5399
f 5400 5429 5413
f 5416 5429 5400
f 5401 5430 5414
f 5417 5430 5401
f 5418 5431 5402
f 5402 5431 5415
f 5419 5432 5403
f 5403 5432 5416
f 5420 5433 5404
f 5404 5433 5417
f 5405 5434 5418
f 5421 5434 5405
f 5423 5435 5406
f 5406 5435 5419
f 5424 5436 5407
f 5407 5436 5420
f 5408 5437 5421
f 5425 5437 5408
f 5409 5438 5422
f 3966 5438 3968
f 5426 5438 5409
f 5422 5438 3966
f 5427 5439 5410
f 5410 5439 5423
f 5411 5440 5424
f 5428 5440 5411
f 4040 5441 5412
f 5412 5441 5425
f 4041 5441 4040
f 5413 5442 5426
f 5429 5442 5413
f 5430 5443 5414
f 5414 5443 5427
f 5415 5444 5428
f 5431 5444 5415
f 5432 5445 5416
f 5416 5445 5429
f 5433 5446 5417
f 5417 5446 5430
f 5434 5447 5418
f 5418 5447 5431
f 5435 5448 5419
f 5419 5448 5432
f 5436 5449 5420
f 5420 5449 5433
f 5437 5450 5421
f 5421 5450 5434
f 5439 5451 5423
f 5423 5451 5435
f 5424 5452 5436
f 5440 5452 5424
f 5441 5453 5425
f 5425 5453 5437
f 5426 5454 5438
f 5442 5454 5426
f 5427 5455 5439
f 5443 5455 5427
f 5428 5456 5440
f 5444 5456 5428
f 4041 5457 5441
f 4042 5457 4041
f 5445 5458 5429
f 5429 5458 5442
f 5430 5459 5443
f 5446 5459 5430
f 5431 5460 5444
f 5447 5460 5431
f 5448 5461 5432
f 5432 5461 5445
f 5433 5462 5446
f 5449 5462 5433
f 5450 5463 5434
f 5434 5463 5447
f 5435 5464 5448
f 5451 5464 5435
f 5452 5465 5436
f 5436 5465 5449
f 5453 5466 5437
f 5437 5466 5450
f 5454 5467 5438
f 5438 5467 3968
f 3970 5467 3972
f 3968 5467 3970
f 5455 5468 5439
f 5439 5468 5451
f 5456 5469 5440
f 5440 5469 5452
f 5441 5470 5453
f 5457 5470 5441
f 5458 5471 5442
f 5442 5471 5454
f 5443 5472 5455
f 5459 5472 5443
f 5444 5473 5456
f 5460 5473 5444
f 5445 5474 5458
f 5461 5474 5445
f 5446 5475 5459
f 5462 5475 5446
f 5447 5476 5460
f 5463 5476 5447
f 5464 5477 5448
f 5448 5477 5461
f 5465 5478 5449
f 5449 5478 5462
f 5466 5479 5450
f 5450 5479 5463
f 5451 5480 5464
f 5468 5480 5451
f 5452 5481 5465
f 5469 5481 5452
f 5470 5482 5453
f 5453 5482 5466
f 5467 5483 3972
f 5471 5483 5454
f 3972 5483 3974
f 5454 5483 5467
f 5472 5484 5455
f 5455 5484 5468
f 5456 5485 5469
f 5473 5485 5456
f 4042 5486 5457
f 5457 5486 5470
f 4043 5486 4042
f 4044 5486 4043
f 5474 5487 5458
f 5458 5487 5471
f 5475 5488 5459
f 5459 5488 5472
f 5476 5489 5460
f 5460 5489 5473
f 5461 5490 5474
f 5477 5490 5461
f 5478 5491 5462
f 5462 5491 5475
f 5463 5492 5476
f 5479 5492 5463
f 5480 5493 5464
f 5464 5493 5477
f 5465 5494 5478
f 5481 5494 5465
f 5482 5495 5466
f 5466 5495 5479
f 5468 5496 5480
f 5484 5496 5468
f 5469 5497 5481
f 5485 5497 5469
f 5486 5498 5470
f 5470 5498 5482
f 5487 5499 5471
f 5471 5499 5483
f 5472 5500 5484
f 5488 5500 5472
f 5489 5501 5473
f 5473 5501 5485
f 4044 5502 5486
f 4045 5502 4044
f 5490 5503 5474
f 5474 5503 5487
f 5475 5504 5488
f 5491 5504 5475
f 5492 5505 5476
f 5476 5505 5489
f 5493 5506 5477
f 5477 5506 5490
f 5478 5507 5491
f 5494 5507 5478
f 5495 5508 5479
f 5479 5508 5492
f 5496 5509 5480
f 5480 5509 5493
f 5481 5510 5494
f 5497 5510 5481
f 5482 5511 5495
f 5498 5511 5482
f 5483 5512 3974
f 3974 5512 3976
f 5499 5512 5483
f 5500 5513 5484
f 5484 5513 5496
f 5501 5514 5485
f 5485 5514 5497
f 5486 5515 5498
f 5502 5515 5486
f 5487 5516 5499
f 5503 5516 5487
f 5488 5517 5500
f 5504 5517 5488
f 5489 5518 5501
f 5505 5518 5489
f 5506 5519 5490
f 5490 5519 5503
f 5491 5520 5504
f 5507 5520 5491
f 5492 5521 5505
f 5508 5521 5492
f 5509 5522 5493
f 5493 5522 5506
f 5494 5523 5507
f 5510 5523 5494
f 5495 5524 5508
f 5511 5524 5495
f 5496 5525 5509
f 5513 5525 5496
f 5514 5526 5497
f 5497 5526 5510
f 5515 5527 5498
f 5498 5527 5511
f 5516 5528 5499
f 5512 5528 3976
f 5499 5528 5512
f 3978 5528 3980
f 3976 5528 3978
f 5517 5529 5500
f 5500 5529 5513
f 5518 5530 5501
f 5501 5530 5514
f 4045 5531 5502
f 5502 5531 5515
f 4046 5531 4045
f 4047 5531 4046
f 5503 5532 5516
f 5519 5532 5503
f 5504 5533 5517
f 5520 5533 5504
f 5521 5534 5505
f 5505 5534 5518
f 5506 5535 5519
f 5522 5535 5506
f 5507 5536 5520
f 5523 5536 5507
f 5524 5537 5508
f 5508 5537 5521
f 5509 5538 5522
f 5525 5538 5509
f 5510 5539 5523
f 5526 5539 5510
f 5511 5540 5524
f 5527 5540 5511
f 5529 5541 5513
f 5513 5541 5525
f 5514 5542 5526
f 5530 5542 5514
f 5515 5543 5527
f 5531 5543 5515
f 5516 5544 5528
f 5532 5544 5516
f 5517 5545 5529
f 5533 5545 5517
f 5518 5546 5530
f 5534 5546 5518
f 4048 5547 4047
f 4047 5547 5531
f 5519 5548 5532
f 5535 5548 5519
f 5536 5549 5520
f 5520 5549 5533
f 5521 5550 5534
f 5537 5550 5521
f 5522 5551 5535
f 5538 5551 5522
f 5539 5552 5523
f 5523 5552 5536
f 5524 5553 5537
f 5540 5553 5524
f 5525 5554 5538
f 5541 5554 5525
f 5526 5555 5539
f 5542 5555 5526
f 5527 5556 5540
f 5543 5556 5527
f 5544 5557 5528
f 3980 5557 3982
f 5528 5557 3980
f 5545 5558 5529
f 5529 5558 5541
f 5530 5559 5542
f 5546 5559 5530
f 5547 5560 5531
f 5531 5560 5543
f 5548 5561 5532
f 5532 5561 5544
f 5533 5562 5545
f 5549 5562 5533
f 5534 5563 5546
f 5550 5563 5534
f 5535 5564 5548
f 5551 5564 5535
f 5536 5565 5549
f 5552 5565 5536
f 5553 5566 5537
f 5537 5566 5550
f 5554 5567 5538
f 5538 5567 5551
f 5539 5568 5552
f 5555 5568 5539
f 5556 5569 5540
f 5540 5569 5553
f 5558 5570 5541
f 5541 5570 5554
f 5542 5571 5555
f 5559 5571 5542
f 5560 5572 5543
f 5543 5572 5556
f 5557 5573 3982
f 5561 5573 5544
f 3984 5573 3986
f 3982 5573 3984
f 5544 5573 5557
f 5562 5574 5545
f 5545 5574 5558
f 5546 5575 5559
f 5563 5575 5546
f 5547 5576 5560
f 4048 5576 5547
f 4049 5576 4048
f 2714 5576 4049
f 5564 5577 5548
f 5548 5577 5561
f 5565 5578 5549
f 5549 5578 5562
f 5566 5579 5550
f 5550 5579 5563
f 5567 5580 5551
f 5551 5580 5564
f 5568 5581 5552
f 5552 5581 5565
f 5569 5582 5553
f 5553 5582 5566
f 5570 5583 5554
f 5554 5583 5567
f 5555 5584 5568
f 5571 5584 5555
f 5556 5585 5569
f 5572 5585 5556
f 5574 5586 5558
f 5558 5586 5570
f 5559 5587 5571
f 5575 5587 5559
f 5560 5588 5572
f 5576 5588 5560
f 2714 5588 5576
f 5561 5589 5573
f 5577 5589 5561
f 5578 5590 5562
f 5562 5590 5574
f 5563 5591 5575
f 5579 5591 5563
f 5580 5592 5564
f 5564 5592 5577
f 5581 5593 5565
f 5565 5593 5578
f 5566 5594 5579
f 5582 5594 5566
f 5567 5595 5580
f 5583 5595 5567
f 5584 5596 5568
f 5568 5596 5581
f 5585 5597 5569
f 5569 5597 5582
f 5586 5598 5570
f 5570 5598 5583
f 5587 5599 5571
f 5571 5599 5584
f 5572 5600 5585
f 5588 5600 5572
f 2714 5600 5588
f 5589 5601 5573
f 5573 5601 3986
f 3986 5601 3988
f 5590 5602 5574
f 5574 5602 5586
f 5575 5603 5587
f 5591 5603 5575
f 5577 5604 5589
f 5592 5604 5577
f 5593 5605 5578
f 5578 5605 5590
f 5579 5606 5591
f 5594 5606 5579
f 5580 5607 5592
f 5595 5607 5580
f 5581 5608 5593
f 5596 5608 5581
f 5597 5609 5582
f 5582 5609 5594
f 5583 5610 5595
f 5598 5610 5583
f 5599 5611 5584
f 5584 5611 5596
f 2714 5612 5600
f 5600 5612 5585
f 5585 5612 5597
f 5602 5613 5586
f 5586 5613 5598
f 5603 5614 5587
f 5587 5614 5599
f 5601 5615 3988
f 3988 5615 3990
f 5589 5615 5601
f 5604 5615 5589
f 5605 5616 5590
f 5590 5616 5602
f 5591 5617 5603
f 5606 5617 5591
f 5607 5618 5592
f 5592 5618 5604
f 5593 5619 5605
f 5608 5619 5593
f 5594 5620 5606
f 5609 5620 5594
f 5595 5621 5607
f 5610 5621 5595
f 5596 5622 5608
f 5611 5622 5596
f 5612 5623 5597
f 2714 5623 5612
f 5597 5623 5609
f 5613 5624 5598
f 5598 5624 5610
f 5599 5625 5611
f 5614 5625 5599
f 5616 5626 5602
f 5602 5626 5613
f 5603 5627 5614
f 5617 5627 5603
f 5618 5628 5604
f 5604 5628 5615
f 5619 5629 5605
f 5605 5629 5616
f 5606 5630 5617
f 5620 5630 5606
f 5607 5631 5618
f 5621 5631 5607
f 5622 5632 5608
f 5608 5632 5619
f 5609 5633 5620
f 5623 5633 5609
f 2714 5633 5623
f 5610 5634 5621
f 5624 5634 5610
f 5625 5635 5611
f 5611 5635 5622
f 5613 5636 5624
f 5626 5636 5613
f 5614 5637 5625
f 5627 5637 5614
f 3992 5638 3994
f 5615 5638 3990
f 3990 5638 3992
f 5628 5638 5615
f 5616 5639 5626
f 5629 5639 5616
f 5617 5640 5627
f 5630 5640 5617
f 5618 5641 5628
f 5631 5641 5618
f 5619 5642 5629
f 5632 5642 5619
f 2714 5643 5633
f 5620 5643 5630
f 5633 5643 5620
f 5621 5644 5631
f 5634 5644 5621
f 5635 5645 5622
f 5622 5645 5632
f 5636 5646 5624
f 5624 5646 5634
f 5625 5647 5635
f 5637 5647 5625
f 5626 5648 5636
f 5639 5648 5626
f 5640 5649 5627
f 5627 5649 5637
f 5628 5650 5638
f 5641 5650 5628
f 3994 5650 3996
f 5638 5650 3994
f 5629 5651 5639
f 5642 5651 5629
f 5630 5652 5640
f 5643 5652 5630
f 2714 5652 5643
f 5644 5653 5631
f 5631 5653 5641
f 5645 5654 5632
f 5632 5654 5642
f 5634 5655 5644
f 5646 5655 5634
f 5647 5656 5635
f 5635 5656 5645
f 5636 5657 5646
f 5648 5657 5636
f 5637 5658 5647
f 5649 5658 5637
f 5651 5659 5639
f 5639 5659 5648
f 5652 5660 5640
f 2714 5660 5652
f 5640 5660 5649
f 5653 5661 5641
f 5641 5661 5650
f 5654 5662 5642
f 5642 5662 5651
f 5655 5663 5644
f 5644 5663 5653
f 5656 5664 5645
f 5645 5664 5654
f 5646 5665 5655
f 5657 5665 5646
f 5647 5666 5656
f 5658 5666 5647
f 5648 5667 5657
f 5659 5667 5648
f 2714 5668 5660
f 5649 5668 5658
f 5660 5668 5649
f 3998 5669 4000
f 3996 5669 3998
f 5650 5669 3996
f 5661 5669 5650
f 5651 5670 5659
f 5662 5670 5651
f 5653 5671 5661
f 5663 5671 5653
f 5654 5672 5662
f 5664 5672 5654
f 5655 5673 5663
f 5665 5673 5655
f 5656 5674 5664
f 5666 5674 5656
f 5667 5675 5657
f 5657 5675 5665
f 5668 5676 5658
f 5658 5676 5666
f 2714 5676 5668
f 5659 5677 5667
f 5670 5677 5659
f 4000 5678 4002
f 5661 5678 5669
f 5669 5678 4000
f 5671 5678 5661
f 5662 5679 5670
f 5672 5679 5662
f 5673 5680 5663
f 5663 5680 5671
f 5664 5681 5672
f 5674 5681 5664
f 5665 5682 5673
f 5675 5682 5665
f 5666 5683 5674
f 2714 5683 5676
f 5676 5683 5666
f 5667 5684 5675
f 5677 5684 5667
f 5670 5685 5677
f 5679 5685 5670
f 5671 5686 5678
f 5680 5686 5671
f 5672 5687 5679
f 5681 5687 5672
f 5673 5688 5680
f 5682 5688 5673
f 5683 5689 5674
f 5674 5689 5681
f 2714 5689 5683
f 5684 5690 5675
f 5675 5690 5682
f 5685 5691 5677
f 5677 5691 5684
f 5678 5692 4002
f 5686 5692 5678
f 4002 5692 4004
f 5679 5693 5685
f 5687 5693 5679
f 5680 5694 5686
f 5688 5694 5680
f 5681 5695 5687
f 5689 5695 5681
f 2714 5695 5689
f 5682 5696 5688
f 5690 5696 5682
f 5684 5697 5690
f 5691 5697 5684
f 5685 5698 5691
f 5693 5698 5685
f 4006 5699 4007
f 4004 5699 4006
f 5686 5699 5692
f 5692 5699 4004
f 5694 5699 5686
f 2714 5700 5695
f 5687 5700 5693
f 5695 5700 5687
f 5688 5701 5694
f 5696 5701 5688
f 5690 5702 5696
f 5697 5702 5690
f 5698 5703 5691
f 5691 5703 5697
f 2714 5704 5700
f 5693 5704 5698
f 5700 5704 5693
f 5701 5705 5694
f 5694 5705 5699
f 5696 5706 5701
f 5702 5706 5696
f 5697 5707 5702
f 5703 5707 5697
f 2714 5708 5704
f 5704 5708 5698
f 5698 5708 5703
f 5705 5709 5699
f 4007 5709 4010
f 5699 5709 4007
f 5706 5710 5701
f 5701 5710 5705
f 5707 5711 5702
f 5702 5711 5706
f 2714 5712 5708
f 5703 5712 5707
f 5708 5712 5703
f 5709 5713 4010
f 5710 5713 5705
f 5705 5713 5709
f 4012 5713 4014
f 4010 5713 4012
f 5711 5714 5706
f 5706 5714 5710
f 2714 5715 5712
f 5712 5715 5707
f 5707 5715 5711
f 5710 5716 5713
f 5714 5716 5710
f 5711 5717 5714
f 5715 5717 5711
f 2714 5717 5715
f 5716 5718 5713
f 4014 5718 4015
f 5713 5718 4014
f 5714 5719 5716
f 5717 5719 5714
f 2714 5719 5717
f 4018 5720 2714
f 4015 5720 4018
f 5716 5720 5718
f 5719 5720 5716
f 5718 5720 4015
f 2714 5720 5719
f 2716 4142 5721
f 5722 4050 2704
f 4142 5723 5721
f 4140 5723 4142
f 5724 5725 5726
f 5721 5725 5724
f 5723 5725 5721
f 5726 5727 5728
f 5725 5727 5726
f 5723 5729 5725
f 4137 5729 4140
f 4140 5729 5723
f 5727 5730 5728
f 5731 5730 5732
f 5728 5730 5731
f 5729 5733 5725
f 5725 5733 5727
f 4136 5734 4137
f 4133 5734 4136
f 4137 5734 5729
f 5732 5735 5736
f 5730 5735 5732
f 5733 5737 5727
f 5727 5737 5730
f 5729 5738 5733
f 5734 5738 5729
f 5736 5739 5740
f 5735 5739 5736
f 5737 5741 5730
f 5730 5741 5735
f 5733 5742 5737
f 5738 5742 5733
f 4133 5743 5734
f 4132 5743 4133
f 5734 5743 5738
f 5739 5744 5740
f 5745 5744 5746
f 5740 5744 5745
f 5741 5747 5735
f 5735 5747 5739
f 5737 5748 5741
f 5742 5748 5737
f 5738 5749 5742
f 5743 5749 5738
f 5746 5750 5751
f 5744 5750 5746
f 4130 5752 4132
f 4128 5752 4130
f 4132 5752 5743
f 5747 5753 5739
f 5739 5753 5744
f 5741 5754 5747
f 5748 5754 5741
f 5749 5755 5742
f 5742 5755 5748
f 5756 5757 5758
f 5751 5757 5756
f 5750 5757 5751
f 5743 5759 5749
f 5752 5759 5743
f 5753 5760 5744
f 5744 5760 5750
f 5754 5761 5747
f 5747 5761 5753
f 5748 5762 5754
f 5755 5762 5748
f 5757 5763 5758
f 5758 5763 5764
f 5759 5765 5749
f 5749 5765 5755
f 5750 5766 5757
f 5760 5766 5750
f 4128 5767 5752
f 4126 5767 4128
f 5752 5767 5759
f 5761 5768 5753
f 5753 5768 5760
f 5762 5769 5754
f 5754 5769 5761
f 5764 5770 5771
f 5763 5770 5764
f 5765 5772 5755
f 5755 5772 5762
f 5766 5773 5757
f 5757 5773 5763
f 5759 5774 5765
f 5767 5774 5759
f 5768 5775 5760
f 5760 5775 5766
f 4126 5776 5767
f 4124 5776 4126
f 5761 5777 5768
f 5769 5777 5761
f 5778 5779 5780
f 5771 5779 5778
f 5770 5779 5771
f 5772 5781 5762
f 5762 5781 5769
f 5773 5782 5763
f 5763 5782 5770
f 5765 5783 5772
f 5774 5783 5765
f 5766 5784 5773
f 5775 5784 5766
f 5767 5785 5774
f 5776 5785 5767
f 5768 5786 5775
f 5777 5786 5768
f 5780 5787 5788
f 5779 5787 5780
f 5781 5789 5769
f 5769 5789 5777
f 5782 5790 5770
f 5770 5790 5779
f 5772 5791 5781
f 5783 5791 5772
f 5784 5792 5773
f 5773 5792 5782
f 5774 5793 5783
f 5785 5793 5774
f 5775 5794 5784
f 5786 5794 5775
f 4124 5795 5776
f 5776 5795 5785
f 4122 5795 4124
f 4120 5795 4122
f 5788 5796 5797
f 5787 5796 5788
f 5777 5798 5786
f 5789 5798 5777
f 5779 5799 5787
f 5790 5799 5779
f 5781 5800 5789
f 5791 5800 5781
f 5782 5801 5790
f 5792 5801 5782
f 5793 5802 5783
f 5783 5802 5791
f 5784 5803 5792
f 5794 5803 5784
f 5795 5804 5785
f 5785 5804 5793
f 5805 5806 5807
f 5797 5806 5805
f 5796 5806 5797
f 5786 5808 5794
f 5798 5808 5786
f 4120 5809 5795
f 4117 5809 4120
f 5787 5810 5796
f 5799 5810 5787
f 5800 5811 5789
f 5789 5811 5798
f 5801 5812 5790
f 5790 5812 5799
f 5791 5813 5800
f 5802 5813 5791
f 5792 5814 5801
f 5803 5814 5792
f 5804 5815 5793
f 5793 5815 5802
f 5807 5816 5817
f 5806 5816 5807
f 5794 5818 5803
f 5808 5818 5794
f 5795 5819 5804
f 5809 5819 5795
f 5810 5820 5796
f 5796 5820 5806
f 5811 5821 5798
f 5798 5821 5808
f 5799 5822 5810
f 5812 5822 5799
f 5800 5823 5811
f 5813 5823 5800
f 5814 5824 5801
f 5801 5824 5812
f 5802 5825 5813
f 5815 5825 5802
f 5826 5827 5828
f 5817 5827 5826
f 5816 5827 5817
f 5803 5829 5814
f 5818 5829 5803
f 5819 5830 5804
f 5804 5830 5815
f 5820 5831 5806
f 5806 5831 5816
f 5808 5832 5818
f 5821 5832 5808
f 4116 5833 4117
f 4114 5833 4116
f 4117 5833 5809
f 5809 5833 5819
f 5810 5834 5820
f 5822 5834 5810
f 5811 5835 5821
f 5823 5835 5811
f 5812 5836 5822
f 5824 5836 5812
f 5813 5837 5823
f 5825 5837 5813
f 5828 5838 5839
f 5827 5838 5828
f 5814 5840 5824
f 5829 5840 5814
f 5815 5841 5825
f 5830 5841 5815
f 5831 5842 5816
f 5816 5842 5827
f 5832 5843 5818
f 5818 5843 5829
f 5833 5844 5819
f 5819 5844 5830
f 5834 5845 5820
f 5820 5845 5831
f 5835 5846 5821
f 5821 5846 5832
f 4114 5847 5833
f 4112 5847 4114
f 5836 5848 5822
f 5822 5848 5834
f 5823 5849 5835
f 5837 5849 5823
f 5839 5850 5851
f 5838 5850 5839
f 5824 5852 5836
f 5840 5852 5824
f 5841 5853 5825
f 5825 5853 5837
f 5842 5854 5827
f 5827 5854 5838
f 5829 5855 5840
f 5843 5855 5829
f 5844 5856 5830
f 5830 5856 5841
f 5831 5857 5842
f 5845 5857 5831
f 5832 5858 5843
f 5846 5858 5832
f 5833 5859 5844
f 5847 5859 5833
f 5834 5860 5845
f 5848 5860 5834
f 5835 5861 5846
f 5849 5861 5835
f 5862 5863 5864
f 5851 5863 5862
f 5850 5863 5851
f 5852 5865 5836
f 5836 5865 5848
f 5853 5866 5837
f 5837 5866 5849
f 5838 5867 5850
f 5854 5867 5838
f 5855 5868 5840
f 5840 5868 5852
f 5856 5869 5841
f 5841 5869 5853
f 5842 5870 5854
f 5857 5870 5842
f 5843 5871 5855
f 5858 5871 5843
f 5844 5872 5856
f 5859 5872 5844
f 5845 5873 5857
f 5860 5873 5845
f 5846 5874 5858
f 5861 5874 5846
f 5847 5875 5859
f 4110 5875 4112
f 4112 5875 5847
f 5864 5876 5877
f 5863 5876 5864
f 5865 5878 5848
f 5848 5878 5860
f 5849 5879 5861
f 5866 5879 5849
f 5850 5880 5863
f 5867 5880 5850
f 5852 5881 5865
f 5868 5881 5852
f 5869 5882 5853
f 5853 5882 5866
f 5854 5883 5867
f 5870 5883 5854
f 5871 5884 5855
f 5855 5884 5868
f 5856 5885 5869
f 5872 5885 5856
f 5857 5886 5870
f 5873 5886 5857
f 5858 5887 5871
f 5874 5887 5858
f 5875 5888 5859
f 5859 5888 5872
f 5889 5890 5722
f 5877 5890 5889
f 5876 5890 5877
f 5860 5891 5873
f 5878 5891 5860
f 5879 5892 5861
f 5861 5892 5874
f 4110 5893 5875
f 4108 5893 4110
f 4106 5893 4108
f 5863 5894 5876
f 5880 5894 5863
f 5881 5895 5865
f 5865 5895 5878
f 5866 5896 5879
f 5882 5896 5866
f 5867 5897 5880
f 5883 5897 5867
f 5868 5898 5881
f 5884 5898 5868
f 5869 5899 5882
f 5885 5899 5869
f 5870 5900 5883
f 5886 5900 5870
f 5871 5901 5884
f 5887 5901 5871
f 5872 5902 5885
f 5888 5902 5872
f 5722 5903 4050
f 4050 5903 4051
f 5890 5903 5722
f 5891 5904 5873
f 5873 5904 5886
f 5874 5905 5887
f 5892 5905 5874
f 5893 5906 5875
f 5875 5906 5888
f 5876 5907 5890
f 5894 5907 5876
f 5878 5908 5891
f 5895 5908 5878
f 5896 5909 5879
f 5879 5909 5892
f 5880 5910 5894
f 5897 5910 5880
f 5881 5911 5895
f 5898 5911 5881
f 5882 5912 5896
f 5899 5912 5882
f 5883 5913 5897
f 5900 5913 5883
f 5884 5914 5898
f 5901 5914 5884
f 5902 5915 5885
f 5885 5915 5899
f 5886 5916 5900
f 5904 5916 5886
f 5905 5917 5887
f 5887 5917 5901
f 5888 5918 5902
f 5906 5918 5888
f 5907 5919 5890
f 5903 5919 4051
f 5890 5919 5903
f 4051 5919 4052
f 5908 5920 5891
f 5891 5920 5904
f 5892 5921 5905
f 5909 5921 5892
f 4106 5922 5893
f 5893 5922 5906
f 4104 5922 4106
f 5894 5923 5907
f 5910 5923 5894
f 5895 5924 5908
f 5911 5924 5895
f 5896 5925 5909
f 5912 5925 5896
f 5913 5926 5897
f 5897 5926 5910
f 5898 5927 5911
f 5914 5927 5898
f 5899 5928 5912
f 5915 5928 5899
f 5900 5929 5913
f 5916 5929 5900
f 5901 5930 5914
f 5917 5930 5901
f 5902 5931 5915
f 5918 5931 5902
f 5904 5932 5916
f 5920 5932 5904
f 5905 5933 5917
f 5921 5933 5905
f 5906 5934 5918
f 5922 5934 5906
f 5907 5935 5919
f 5923 5935 5907
f 5908 5936 5920
f 5924 5936 5908
f 5925 5937 5909
f 5909 5937 5921
f 4102 5938 4104
f 4100 5938 4102
f 4104 5938 5922
f 5926 5939 5910
f 5910 5939 5923
f 5911 5940 5924
f 5927 5940 5911
f 5912 5941 5925
f 5928 5941 5912
f 5913 5942 5926
f 5929 5942 5913
f 5930 5943 5914
f 5914 5943 5927
f 5915 5944 5928
f 5931 5944 5915
f 5916 5945 5929
f 5932 5945 5916
f 5933 5946 5917
f 5917 5946 5930
f 5918 5947 5931
f 5934 5947 5918
f 5935 5948 5919
f 4053 5948 4054
f 4052 5948 4053
f 5919 5948 4052
f 5936 5949 5920
f 5920 5949 5932
f 5921 5950 5933
f 5937 5950 5921
f 5922 5951 5934
f 5938 5951 5922
f 5939 5952 5923
f 5923 5952 5935
f 5940 5953 5924
f 5924 5953 5936
f 5925 5954 5937
f 5941 5954 5925
f 5926 5955 5939
f 5942 5955 5926
f 5927 5956 5940
f 5943 5956 5927
f 5944 5957 5928
f 5928 5957 5941
f 5945 5958 5929
f 5929 5958 5942
f 5946 5959 5930
f 5930 5959 5943
f 5931 5960 5944
f 5947 5960 5931
f 5949 5961 5932
f 5932 5961 5945
f 5950 5962 5933
f 5933 5962 5946
f 5934 5963 5947
f 5951 5963 5934
f 5935 5964 5948
f 4054 5964 4055
f 5952 5964 5935
f 5948 5964 4054
f 5953 5965 5936
f 5936 5965 5949
f 5937 5966 5950
f 5954 5966 5937
f 4100 5967 5938
f 5938 5967 5951
f 4098 5967 4100
f 5939 5968 5952
f 5955 5968 5939
f 5956 5969 5940
f 5940 5969 5953
f 5941 5970 5954
f 5957 5970 5941
f 5958 5971 5942
f 5942 5971 5955
f 5959 5972 5943
f 5943 5972 5956
f 5960 5973 5944
f 5944 5973 5957
f 5961 5974 5945
f 5945 5974 5958
f 5962 5975 5946
f 5946 5975 5959
f 5963 5976 5947
f 5947 5976 5960
f 5965 5977 5949
f 5949 5977 5961
f 5950 5978 5962
f 5966 5978 5950
f 5967 5979 5951
f 5951 5979 5963
f 5952 5980 5964
f 5968 5980 5952
f 5953 5981 5965
f 5969 5981 5953
f 5954 5982 5966
f 5970 5982 5954
f 4098 5983 5967
f 4096 5983 4098
f 5971 5984 5955
f 5955 5984 5968
f 5956 5985 5969
f 5972 5985 5956
f 5957 5986 5970
f 5973 5986 5957
f 5974 5987 5958
f 5958 5987 5971
f 5959 5988 5972
f 5975 5988 5959
f 5976 5989 5960
f 5960 5989 5973
f 5961 5990 5974
f 5977 5990 5961
f 5978 5991 5962
f 5962 5991 5975
f 5979 5992 5963
f 5963 5992 5976
f 5980 5993 5964
f 5964 5993 4055
f 4056 5993 4057
f 4055 5993 4056
f 5981 5994 5965
f 5965 5994 5977
f 5982 5995 5966
f 5966 5995 5978
f 5967 5996 5979
f 5983 5996 5967
f 5984 5997 5968
f 5968 5997 5980
f 5969 5998 5981
f 5985 5998 5969
f 5970 5999 5982
f 5986 5999 5970
f 5971 6000 5984
f 5987 6000 5971
f 5972 6001 5985
f 5988 6001 5972
f 5973 6002 5986
f 5989 6002 5973
f 5990 6003 5974
f 5974 6003 5987
f 5991 6004 5975
f 5975 6004 5988
f 5992 6005 5976
f 5976 6005 5989
f 5977 6006 5990
f 5994 6006 5977
f 5978 6007 5991
f 5995 6007 5978
f 5996 6008 5979
f 5979 6008 5992
f 5993 6009 4057
f 5997 6009 5980
f 4057 6009 4058
f 5980 6009 5993
f 5998 6010 5981
f 5981 6010 5994
f 5982 6011 5995
f 5999 6011 5982
f 4096 6012 5983
f 5983 6012 5996
f 4094 6012 4096
f 4092 6012 4094
f 6000 6013 5984
f 5984 6013 5997
f 6001 6014 5985
f 5985 6014 5998
f 6002 6015 5986
f 5986 6015 5999
f 5987 6016 6000
f 6003 6016 5987
f 6004 6017 5988
f 5988 6017 6001
f 5989 6018 6002
f 6005 6018 5989
f 6006 6019 5990
f 5990 6019 6003
f 5991 6020 6004
f 6007 6020 5991
f 6008 6021 5992
f 5992 6021 6005
f 5994 6022 6006
f 6010 6022 5994
f 5995 6023 6007
f 6011 6023 5995
f 6012 6024 5996
f 5996 6024 6008
f 6013 6025 5997
f 5997 6025 6009
f 5998 6026 6010
f 6014 6026 5998
f 6015 6027 5999
f 5999 6027 6011
f 4092 6028 6012
f 4090 6028 4092
f 6016 6029 6000
f 6000 6029 6013
f 6001 6030 6014
f 6017 6030 6001
f 6018 6031 6002
f 6002 6031 6015
f 6019 6032 6003
f 6003 6032 6016
f 6004 6033 6017
f 6020 6033 6004
f 6021 6034 6005
f 6005 6034 6018
f 6022 6035 6006
f 6006 6035 6019
f 6007 6036 6020
f 6023 6036 6007
f 6008 6037 6021
f 6024 6037 6008
f 6009 6038 4058
f 4058 6038 4059
f 6025 6038 6009
f 6026 6039 6010
f 6010 6039 6022
f 6027 6040 6011
f 6011 6040 6023
f 6012 6041 6024
f 6028 6041 6012
f 6013 6042 6025
f 6029 6042 6013
f 6014 6043 6026
f 6030 6043 6014
f 6015 6044 6027
f 6031 6044 6015
f 6032 6045 6016
f 6016 6045 6029
f 6017 6046 6030
f 6033 6046 6017
f 6018 6047 6031
f 6034 6047 6018
f 6035 6048 6019
f 6019 6048 6032
f 6020 6049 6033
f 6036 6049 6020
f 6021 6050 6034
f 6037 6050 6021
f 6022 6051 6035
f 6039 6051 6022
f 6040 6052 6023
f 6023 6052 6036
f 6041 6053 6024
f 6024 6053 6037
f 6042 6054 6025
f 6038 6054 4059
f 6025 6054 6038
f 4060 6054 4061
f 4059 6054 4060
f 6043 6055 6026
f 6026 6055 6039
f 6044 6056 6027
f 6027 6056 6040
f 4090 6057 6028
f 6028 6057 6041
f 4088 6057 4090
f 4086 6057 4088
f 6029 6058 6042
f 6045 6058 6029
f 6030 6059 6043
f 6046 6059 6030
f 6047 6060 6031
f 6031 6060 6044
f 6032 6061 6045
f 6048 6061 6032
f 6033 6062 6046
f 6049 6062 6033
f 6050 6063 6034
f 6034 6063 6047
f 6035 6064 6048
f 6051 6064 6035
f 6036 6065 6049
f 6052 6065 6036
f 6037 6066 6050
f 6053 6066 6037
f 6055 6067 6039
f 6039 6067 6051
f 6040 6068 6052
f 6056 6068 6040
f 6041 6069 6053
f 6057 6069 6041
f 6042 6070 6054
f 6058 6070 6042
f 6043 6071 6055
f 6059 6071 6043
f 6044 6072 6056
f 6060 6072 6044
f 4084 6073 4086
f 4086 6073 6057
f 6045 6074 6058
f 6061 6074 6045
f 6062 6075 6046
f 6046 6075 6059
f 6047 6076 6060
f 6063 6076 6047
f 6048 6077 6061
f 6064 6077 6048
f 6065 6078 6049
f 6049 6078 6062
f 6050 6079 6063
f 6066 6079 6050
f 6051 6080 6064
f 6067 6080 6051
f 6052 6081 6065
f 6068 6081 6052
f 6053 6082 6066
f 6069 6082 6053
f 6070 6083 6054
f 4061 6083 4062
f 6054 6083 4061
f 6071 6084 6055
f 6055 6084 6067
f 6056 6085 6068
f 6072 6085 6056
f 6073 6086 6057
f 6057 6086 6069
f 6074 6087 6058
f 6058 6087 6070
f 6059 6088 6071
f 6075 6088 6059
f 6060 6089 6072
f 6076 6089 6060
f 6061 6090 6074
f 6077 6090 6061
f 6062 6091 6075
f 6078 6091 6062
f 6079 6092 6063
f 6063 6092 6076
f 6080 6093 6064
f 6064 6093 6077
f 6065 6094 6078
f 6081 6094 6065
f 6082 6095 6066
f 6066 6095 6079
f 6084 6096 6067
f 6067 6096 6080
f 6068 6097 6081
f 6085 6097 6068
f 6086 6098 6069
f 6069 6098 6082
f 6083 6099 4062
f 6087 6099 6070
f 4063 6099 4064
f 4062 6099 4063
f 6070 6099 6083
f 6088 6100 6071
f 6071 6100 6084
f 6072 6101 6085
f 6089 6101 6072
f 6073 6102 6086
f 4084 6102 6073
f 4082 6102 4084
f 2708 6102 4082
f 6090 6103 6074
f 6074 6103 6087
f 6091 6104 6075
f 6075 6104 6088
f 6092 6105 6076
f 6076 6105 6089
f 6093 6106 6077
f 6077 6106 6090
f 6094 6107 6078
f 6078 6107 6091
f 6095 6108 6079
f 6079 6108 6092
f 6096 6109 6080
f 6080 6109 6093
f 6081 6110 6094
f 6097 6110 6081
f 6082 6111 6095
f 6098 6111 6082
f 6100 6112 6084
f 6084 6112 6096
f 6085 6113 6097
f 6101 6113 6085
f 6086 6114 6098
f 6102 6114 6086
f 2708 6114 6102
f 6087 6115 6099
f 6103 6115 6087
f 6104 6116 6088
f 6088 6116 6100
f 6089 6117 6101
f 6105 6117 6089
f 6106 6118 6090
f 6090 6118 6103
f 6107 6119 6091
f 6091 6119 6104
f 6092 6120 6105
f 6108 6120 6092
f 6093 6121 6106
f 6109 6121 6093
f 6110 6122 6094
f 6094 6122 6107
f 6111 6123 6095
f 6095 6123 6108
f 6112 6124 6096
f 6096 6124 6109
f 6113 6125 6097
f 6097 6125 6110
f 6098 6126 6111
f 6114 6126 6098
f 2708 6126 6114
f 6115 6127 6099
f 6099 6127 4064
f 4064 6127 4065
f 6116 6128 6100
f 6100 6128 6112
f 6101 6129 6113
f 6117 6129 6101
f 6103 6130 6115
f 6118 6130 6103
f 6119 6131 6104
f 6104 6131 6116
f 6105 6132 6117
f 6120 6132 6105
f 6106 6133 6118
f 6121 6133 6106
f 6107 6134 6119
f 6122 6134 6107
f 6123 6135 6108
f 6108 6135 6120
f 6109 6136 6121
f 6124 6136 6109
f 6125 6137 6110
f 6110 6137 6122
f 2708 6138 6126
f 6126 6138 6111
f 6111 6138 6123
f 6128 6139 6112
f 6112 6139 6124
f 6129 6140 6113
f 6113 6140 6125
f 6127 6141 4065
f 4065 6141 4066
f 6115 6141 6127
f 6130 6141 6115
f 6131 6142 6116
f 6116 6142 6128
f 6117 6143 6129
f 6132 6143 6117
f 6133 6144 6118
f 6118 6144 6130
f 6119 6145 6131
f 6134 6145 6119
f 6120 6146 6132
f 6135 6146 6120
f 6121 6147 6133
f 6136 6147 6121
f 6122 6148 6134
f 6137 6148 6122
f 6138 6149 6123
f 2708 6149 6138
f 6123 6149 6135
f 6139 6150 6124
f 6124 6150 6136
f 6125 6151 6137
f 6140 6151 6125
f 6142 6152 6128
f 6128 6152 6139
f 6129 6153 6140
f 6143 6153 6129
f 6144 6154 6130
f 6130 6154 6141
f 6145 6155 6131
f 6131 6155 6142
f 6132 6156 6143
f 6146 6156 6132
f 6133 6157 6144
f 6147 6157 6133
f 6148 6158 6134
f 6134 6158 6145
f 6135 6159 6146
f 6149 6159 6135
f 2708 6159 6149
f 6136 6160 6147
f 6150 6160 6136
f 6151 6161 6137
f 6137 6161 6148
f 6139 6162 6150
f 6152 6162 6139
f 6140 6163 6151
f 6153 6163 6140
f 4067 6164 4068
f 6141 6164 4066
f 4066 6164 4067
f 6154 6164 6141
f 6142 6165 6152
f 6155 6165 6142
f 6143 6166 6153
f 6156 6166 6143
f 6144 6167 6154
f 6157 6167 6144
f 6145 6168 6155
f 6158 6168 6145
f 2708 6169 6159
f 6146 6169 6156
f 6159 6169 6146
f 6147 6170 6157
f 6160 6170 6147
f 6161 6171 6148
f 6148 6171 6158
f 6162 6172 6150
f 6150 6172 6160
f 6151 6173 6161
f 6163 6173 6151
f 6152 6174 6162
f 6165 6174 6152
f 6166 6175 6153
f 6153 6175 6163
f 6154 6176 6164
f 6167 6176 6154
f 4068 6176 4069
f 6164 6176 4068
f 6155 6177 6165
f 6168 6177 6155
f 6156 6178 6166
f 6169 6178 6156
f 2708 6178 6169
f 6170 6179 6157
f 6157 6179 6167
f 6171 6180 6158
f 6158 6180 6168
f 6160 6181 6170
f 6172 6181 6160
f 6173 6182 6161
f 6161 6182 6171
f 6162 6183 6172
f 6174 6183 6162
f 6163 6184 6173
f 6175 6184 6163
f 6177 6185 6165
f 6165 6185 6174
f 6178 6186 6166
f 2708 6186 6178
f 6166 6186 6175
f 6179 6187 6167
f 6167 6187 6176
f 6180 6188 6168
f 6168 6188 6177
f 6181 6189 6170
f 6170 6189 6179
f 6182 6190 6171
f 6171 6190 6180
f 6172 6191 6181
f 6183 6191 6172
f 6173 6192 6182
f 6184 6192 6173
f 6174 6193 6183
f 6185 6193 6174
f 2708 6194 6186
f 6175 6194 6184
f 6186 6194 6175
f 4070 6195 4071
f 4069 6195 4070
f 6176 6195 4069
f 6187 6195 6176
f 6177 6196 6185
f 6188 6196 6177
f 6179 6197 6187
f 6189 6197 6179
f 6180 6198 6188
f 6190 6198 6180
f 6181 6199 6189
f 6191 6199 6181
f 6182 6200 6190
f 6192 6200 6182
f 6193 6201 6183
f 6183 6201 6191
f 6194 6202 6184
f 6184 6202 6192
f 2708 6202 6194
f 6185 6203 6193
f 6196 6203 6185
f 4071 6204 4072
f 6187 6204 6195
f 6195 6204 4071
f 6197 6204 6187
f 6188 6205 6196
f 6198 6205 6188
f 6199 6206 6189
f 6189 6206 6197
f 6190 6207 6198
f 6200 6207 6190
f 6191 6208 6199
f 6201 6208 6191
f 6192 6209 6200
f 2708 6209 6202
f 6202 6209 6192
f 6193 6210 6201
f 6203 6210 6193
f 6196 6211 6203
f 6205 6211 6196
f 6197 6212 6204
f 6206 6212 6197
f 6198 6213 6205
f 6207 6213 6198
f 6199 6214 6206
f 6208 6214 6199
f 6209 6215 6200
f 6200 6215 6207
f 2708 6215 6209
f 6210 6216 6201
f 6201 6216 6208
f 6211 6217 6203
f 6203 6217 6210
f 6204 6218 4072
f 6212 6218 6204
f 4072 6218 4073
f 6205 6219 6211
f 6213 6219 6205
f 6206 6220 6212
f 6214 6220 6206
f 6207 6221 6213
f 6215 6221 6207
f 2708 6221 6215
f 6208 6222 6214
f 6216 6222 6208
f 6210 6223 6216
f 6217 6223 6210
f 6211 6224 6217
f 6219 6224 6211
f 4074 6225 4075
f 4073 6225 4074
f 6212 6225 6218
f 6218 6225 4073
f 6220 6225 6212
f 2708 6226 6221
f 6213 6226 6219
f 6221 6226 6213
f 6214 6227 6220
f 6222 6227 6214
f 6216 6228 6222
f 6223 6228 6216
f 6224 6229 6217
f 6217 6229 6223
f 2708 6230 6226
f 6219 6230 6224
f 6226 6230 6219
f 6227 6231 6220
f 6220 6231 6225
f 6222 6232 6227
f 6228 6232 6222
f 6223 6233 6228
f 6229 6233 6223
f 2708 6234 6230
f 6230 6234 6224
f 6224 6234 6229
f 6231 6235 6225
f 4075 6235 4076
f 6225 6235 4075
f 6232 6236 6227
f 6227 6236 6231
f 6233 6237 6228
f 6228 6237 6232
f 2708 6238 6234
f 6229 6238 6233
f 6234 6238 6229
f 6235 6239 4076
f 6236 6239 6231
f 6231 6239 6235
f 4077 6239 4078
f 4076 6239 4077
f 6237 6240 6232
f 6232 6240 6236
f 2708 6241 6238
f 6238 6241 6233
f 6233 6241 6237
f 6236 6242 6239
f 6240 6242 6236
f 6237 6243 6240
f 6241 6243 6237
f 2708 6243 6241
f 6242 6244 6239
f 4078 6244 4079
f 6239 6244 4078
f 6240 6245 6242
f 6243 6245 6240
f 2708 6245 6243
f 4080 6246 2708
f 4079 6246 4080
f 6242 6246 6244
f 6245 6246 6242
f 6244 6246 4079
f 2708 6246 6245
f 2696 4143 6247
f 2695 4143 2696
f 6247 4146 6248
f 4143 4146 6247
f 6248 4148 6249
f 4146 4148 6248
f 6249 4150 6250
f 4148 4150 6249
f 6250 4153 6251
f 4150 4153 6250
f 6251 4154 6252
f 4153 4154 6251
f 6252 4158 6253
f 4154 4158 6252
f 6253 4162 6254
f 4158 4162 6253
f 4162 4167 6254
f 6254 4167 6255
f 6255 4168 6256
f 4167 4168 6255
f 6256 4173 6257
f 4168 4173 6256
f 6257 4178 6258
f 4173 4178 6257
f 6258 4180 6259
f 4178 4180 6258
f 6259 4186 6260
f 4180 4186 6259
f 6260 4193 6261
f 4186 4193 6260
f 6261 4200 6262
f 4193 4200 6261
f 6262 4202 6263
f 4200 4202 6262
f 6263 4210 6264
f 4202 4210 6263
f 6264 4219 6265
f 4210 4219 6264
f 6265 4227 6266
f 4219 4227 6265
f 6266 4229 6267
f 4227 4229 6266
f 6267 4239 6268
f 4229 4239 6267
f 6268 4248 6269
f 4239 4248 6268
f 6269 4250 6270
f 4248 4250 6269
f 6270 4261 6271
f 4250 4261 6270
f 6271 4273 6272
f 4261 4273 6271
f 6272 4284 6273
f 4273 4284 6272
f 6273 4286 6274
f 4284 4286 6273
f 6274 4299 6275
f 4286 4299 6274
f 6275 4311 6276
f 4299 4311 6275
f 6276 4144 6277
f 4311 4144 6276
f 6277 2715 2717
f 4144 2715 6277
f 2696 6278 2697
f 2697 6278 4670
f 4670 6279 4837
f 6278 6279 4670
f 4837 6280 4825
f 6279 6280 4837
f 4825 6281 4812
f 6280 6281 4825
f 4812 6282 4810
f 6281 6282 4812
f 4810 6283 4799
f 6282 6283 4810
f 4799 6284 4787
f 6283 6284 4799
f 4787 6285 4776
f 6284 6285 4787
f 6285 6286 4776
f 4776 6286 4774
f 6286 6287 4774
f 4774 6287 4765
f 6287 6288 4765
f 4765 6288 4755
f 6288 6289 4755
f 4755 6289 4753
f 6289 6290 4753
f 4753 6290 4745
f 6290 6291 4745
f 4745 6291 4736
f 6291 6292 4736
f 4736 6292 4728
f 6292 6293 4728
f 4728 6293 4726
f 6293 6294 4726
f 4726 6294 4719
f 6294 6295 4719
f 4719 6295 4712
f 6295 6296 4712
f 4712 6296 4706
f 6296 6297 4706
f 4706 6297 4704
f 4704 6298 4699
f 6297 6298 4704
f 4699 6299 4694
f 6298 6299 4699
f 4694 6300 4693
f 6299 6300 4694
f 4693 6301 4688
f 6300 6301 4693
f 4688 6302 4684
f 6301 6302 4688
f 4684 6303 4680
f 6302 6303 4684
f 4680 6304 4679
f 6303 6304 4680
f 4679 6305 4676
f 6304 6305 4679
f 4676 6306 4674
f 6305 6306 4676
f 4674 6307 4672
f 6306 6307 4674
f 4672 6308 4669
f 6307 6308 4672
f 6308 2701 4669
f 4669 2701 2702
f 2703 2705 6309
f 6309 5195 6310
f 2705 5195 6309
f 6310 5198 6311
f 5195 5198 6310
f 6311 5200 6312
f 5198 5200 6311
f 6312 5202 6313
f 5200 5202 6312
f 6313 5205 6314
f 5202 5205 6313
f 6314 5206 6315
f 5205 5206 6314
f 6315 5210 6316
f 5206 5210 6315
f 5210 5214 6316
f 6316 5214 6317
f 5214 5219 6317
f 6317 5219 6318
f 6318 5220 6319
f 5219 5220 6318
f 6319 5225 6320
f 5220 5225 6319
f 6320 5230 6321
f 5225 5230 6320
f 6321 5232 6322
f 5230 5232 6321
f 6322 5238 6323
f 5232 5238 6322
f 6323 5245 6324
f 5238 5245 6323
f 6324 5252 6325
f 5245 5252 6324
f 6325 5254 6326
f 5252 5254 6325
f 6326 5262 6327
f 5254 5262 6326
f 6327 5271 6328
f 5262 5271 6327
f 6328 5279 6329
f 5271 5279 6328
f 6329 5281 6330
f 5279 5281 6329
f 6330 5291 6331
f 5281 5291 6330
f 6331 5300 6332
f 5291 5300 6331
f 6332 5302 6333
f 5300 5302 6332
f 6333 5313 6334
f 5302 5313 6333
f 6334 5325 6335
f 5313 5325 6334
f 6335 5336 6336
f 5325 5336 6335
f 6336 5338 6337
f 5336 5338 6336
f 6337 5351 6338
f 5338 5351 6337
f 6338 5363 6339
f 5351 5363 6338
f 6339 5196 2699
f 5363 5196 6339
f 5196 2700 2699
f 2704 2703 5722
f 5722 6340 5889
f 2703 6340 5722
f 5889 6341 5877
f 6340 6341 5889
f 5877 6342 5864
f 6341 6342 5877
f 5864 6343 5862
f 6342 6343 5864
f 5862 6344 5851
f 6343 6344 5862
f 5851 6345 5839
f 6344 6345 5851
f 5839 6346 5828
f 6345 6346 5839
f 6346 6347 5828
f 5828 6347 5826
f 6347 6348 5826
f 5826 6348 5817
f 6348 6349 5817
f 5817 6349 5807
f 6349 6350 5807
f 5807 6350 5805
f 6350 6351 5805
f 5805 6351 5797
f 6351 6352 5797
f 5797 6352 5788
f 6352 6353 5788
f 5788 6353 5780
f 6353 6354 5780
f 5780 6354 5778
f 6354 6355 5778
f 5778 6355 5771
f 6355 6356 5771
f 5771 6356 5764
f 6356 6357 5764
f 5764 6357 5758
f 6357 6358 5758
f 5758 6358 5756
f 6358 6359 5756
f 5756 6359 5751
f 5751 6360 5746
f 6359 6360 5751
f 5746 6361 5745
f 6360 6361 5746
f 5745 6362 5740
f 6361 6362 5745
f 5740 6363 5736
f 6362 6363 5740
f 5736 6364 5732
f 6363 6364 5736
f 5732 6365 5731
f 6364 6365 5732
f 5731 6366 5728
f 6365 6366 5731
f 5728 6367 5726
f 6366 6367 5728
f 5726 6368 5724
f 6367 6368 5726
f 5724 6369 5721
f 6368 6369 5724
f 5721 6370 2716
f 6369 6370 5721
f 6370 2718 2716
f 2701 6308 6371
f 6372 6277 2717
f 6308 6373 6371
f 6307 6373 6308
f 6374 6375 6376
f 6371 6375 6374
f 6373 6375 6371
f 6376 6377 6378
f 6375 6377 6376
f 6373 6379 6375
f 6306 6379 6307
f 6307 6379 6373
f 6377 6380 6378
f 6381 6380 6382
f 6378 6380 6381
f 6379 6383 6375
f 6375 6383 6377
f 6305 6384 6306
f 6304 6384 6305
f 6306 6384 6379
f 6382 6385 6386
f 6380 6385 6382
f 6383 6387 6377
f 6377 6387 6380
f 6379 6388 6383
f 6384 6388 6379
f 6386 6389 6390
f 6385 6389 6386
f 6387 6391 6380
f 6380 6391 6385
f 6383 6392 6387
f 6388 6392 6383
f 6304 6393 6384
f 6303 6393 6304
f 6384 6393 6388
f 6389 6394 6390
f 6395 6394 6396
f 6390 6394 6395
f 6391 6397 6385
f 6385 6397 6389
f 6387 6398 6391
f 6392 6398 6387
f 6388 6399 6392
f 6393 6399 6388
f 6394 6400 6396
f 6396 6400 6401
f 6302 6402 6303
f 6301 6402 6302
f 6303 6402 6393
f 6397 6403 6389
f 6389 6403 6394
f 6391 6404 6397
f 6398 6404 6391
f 6399 6405 6392
f 6392 6405 6398
f 6406 6407 6408
f 6401 6407 6406
f 6400 6407 6401
f 6393 6409 6399
f 6402 6409 6393
f 6403 6410 6394
f 6394 6410 6400
f 6404 6411 6397
f 6397 6411 6403
f 6405 6412 6398
f 6398 6412 6404
f 6408 6413 6414
f 6407 6413 6408
f 6399 6415 6405
f 6409 6415 6399
f 6400 6416 6407
f 6410 6416 6400
f 6301 6417 6402
f 6402 6417 6409
f 6300 6417 6301
f 6403 6418 6410
f 6411 6418 6403
f 6412 6419 6404
f 6404 6419 6411
f 6414 6420 6421
f 6413 6420 6414
f 6405 6422 6412
f 6415 6422 6405
f 6416 6423 6407
f 6407 6423 6413
f 6409 6424 6415
f 6417 6424 6409
f 6418 6425 6410
f 6410 6425 6416
f 6299 6426 6300
f 6300 6426 6417
f 6411 6427 6418
f 6419 6427 6411
f 6428 6429 6430
f 6421 6429 6428
f 6420 6429 6421
f 6422 6431 6412
f 6412 6431 6419
f 6413 6432 6420
f 6423 6432 6413
f 6424 6433 6415
f 6415 6433 6422
f 6425 6434 6416
f 6416 6434 6423
f 6426 6435 6417
f 6417 6435 6424
f 6427 6436 6418
f 6418 6436 6425
f 6430 6437 6438
f 6429 6437 6430
f 6419 6439 6427
f 6431 6439 6419
f 6420 6440 6429
f 6432 6440 6420
f 6433 6441 6422
f 6422 6441 6431
f 6434 6442 6423
f 6423 6442 6432
f 6424 6443 6433
f 6435 6443 6424
f 6425 6444 6434
f 6436 6444 6425
f 6299 6445 6426
f 6426 6445 6435
f 6298 6445 6299
f 6297 6445 6298
f 6437 6446 6438
f 6438 6446 6447
f 6439 6448 6427
f 6427 6448 6436
f 6440 6449 6429
f 6429 6449 6437
f 6441 6450 6431
f 6431 6450 6439
f 6442 6451 6432
f 6432 6451 6440
f 6443 6452 6433
f 6433 6452 6441
f 6444 6453 6434
f 6434 6453 6442
f 6445 6454 6435
f 6435 6454 6443
f 6455 6456 6457
f 6447 6456 6455
f 6446 6456 6447
f 6448 6458 6436
f 6436 6458 6444
f 6297 6459 6445
f 6296 6459 6297
f 6437 6460 6446
f 6449 6460 6437
f 6439 6461 6448
f 6450 6461 6439
f 6440 6462 6449
f 6451 6462 6440
f 6452 6463 6441
f 6441 6463 6450
f 6442 6464 6451
f 6453 6464 6442
f 6443 6465 6452
f 6454 6465 6443
f 6457 6466 6467
f 6456 6466 6457
f 6444 6468 6453
f 6458 6468 6444
f 6445 6469 6454
f 6459 6469 6445
f 6460 6470 6446
f 6446 6470 6456
f 6461 6471 6448
f 6448 6471 6458
f 6449 6472 6460
f 6462 6472 6449
f 6463 6473 6450
f 6450 6473 6461
f 6464 6474 6451
f 6451 6474 6462
f 6452 6475 6463
f 6465 6475 6452
f 6476 6477 6478
f 6467 6477 6476
f 6466 6477 6467
f 6453 6479 6464
f 6468 6479 6453
f 6454 6480 6465
f 6469 6480 6454
f 6470 6481 6456
f 6456 6481 6466
f 6458 6482 6468
f 6471 6482 6458
f 6295 6483 6296
f 6294 6483 6295
f 6296 6483 6459
f 6459 6483 6469
f 6460 6484 6470
f 6472 6484 6460
f 6473 6485 6461
f 6461 6485 6471
f 6462 6486 6472
f 6474 6486 6462
f 6463 6487 6473
f 6475 6487 6463
f 6478 6488 6489
f 6477 6488 6478
f 6479 6490 6464
f 6464 6490 6474
f 6480 6491 6465
f 6465 6491 6475
f 6481 6492 6466
f 6466 6492 6477
f 6482 6493 6468
f 6468 6493 6479
f 6469 6494 6480
f 6483 6494 6469
f 6470 6495 6481
f 6484 6495 6470
f 6485 6496 6471
f 6471 6496 6482
f 6294 6497 6483
f 6293 6497 6294
f 6486 6498 6472
f 6472 6498 6484
f 6473 6499 6485
f 6487 6499 6473
f 6489 6500 6501
f 6488 6500 6489
f 6474 6502 6486
f 6490 6502 6474
f 6491 6503 6475
f 6475 6503 6487
f 6492 6504 6477
f 6477 6504 6488
f 6493 6505 6479
f 6479 6505 6490
f 6494 6506 6480
f 6480 6506 6491
f 6495 6507 6481
f 6481 6507 6492
f 6482 6508 6493
f 6496 6508 6482
f 6497 6509 6483
f 6483 6509 6494
f 6484 6510 6495
f 6498 6510 6484
f 6499 6511 6485
f 6485 6511 6496
f 6512 6513 6514
f 6501 6513 6512
f 6500 6513 6501
f 6502 6515 6486
f 6486 6515 6498
f 6487 6516 6499
f 6503 6516 6487
f 6488 6517 6500
f 6504 6517 6488
f 6505 6518 6490
f 6490 6518 6502
f 6491 6519 6503
f 6506 6519 6491
f 6492 6520 6504
f 6507 6520 6492
f 6508 6521 6493
f 6493 6521 6505
f 6494 6522 6506
f 6509 6522 6494
f 6495 6523 6507
f 6510 6523 6495
f 6496 6524 6508
f 6511 6524 6496
f 6292 6525 6293
f 6497 6525 6509
f 6293 6525 6497
f 6514 6526 6527
f 6513 6526 6514
f 6515 6528 6498
f 6498 6528 6510
f 6499 6529 6511
f 6516 6529 6499
f 6500 6530 6513
f 6517 6530 6500
f 6518 6531 6502
f 6502 6531 6515
f 6503 6532 6516
f 6519 6532 6503
f 6520 6533 6504
f 6504 6533 6517
f 6505 6534 6518
f 6521 6534 6505
f 6506 6535 6519
f 6522 6535 6506
f 6523 6536 6507
f 6507 6536 6520
f 6524 6537 6508
f 6508 6537 6521
f 6509 6538 6522
f 6525 6538 6509
f 6539 6540 6372
f 6527 6540 6539
f 6526 6540 6527
f 6510 6541 6523
f 6528 6541 6510
f 6529 6542 6511
f 6511 6542 6524
f 6292 6543 6525
f 6291 6543 6292
f 6290 6543 6291
f 6513 6544 6526
f 6530 6544 6513
f 6515 6545 6528
f 6531 6545 6515
f 6516 6546 6529
f 6532 6546 6516
f 6517 6547 6530
f 6533 6547 6517
f 6518 6548 6531
f 6534 6548 6518
f 6519 6549 6532
f 6535 6549 6519
f 6520 6550 6533
f 6536 6550 6520
f 6521 6551 6534
f 6537 6551 6521
f 6522 6552 6535
f 6538 6552 6522
f 6372 6553 6277
f 6277 6553 6276
f 6540 6553 6372
f 6541 6554 6523
f 6523 6554 6536
f 6542 6555 6524
f 6524 6555 6537
f 6543 6556 6525
f 6525 6556 6538
f 6526 6557 6540
f 6544 6557 6526
f 6545 6558 6528
f 6528 6558 6541
f 6546 6559 6529
f 6529 6559 6542
f 6547 6560 6530
f 6530 6560 6544
f 6548 6561 6531
f 6531 6561 6545
f 6549 6562 6532
f 6532 6562 6546
f 6533 6563 6547
f 6550 6563 6533
f 6534 6564 6548
f 6551 6564 6534
f 6535 6565 6549
f 6552 6565 6535
f 6554 6566 6536
f 6536 6566 6550
f 6555 6567 6537
f 6537 6567 6551
f 6538 6568 6552
f 6556 6568 6538
f 6557 6569 6540
f 6553 6569 6276
f 6540 6569 6553
f 6276 6569 6275
f 6541 6570 6554
f 6558 6570 6541
f 6559 6571 6542
f 6542 6571 6555
f 6290 6572 6543
f 6543 6572 6556
f 6289 6572 6290
f 6544 6573 6557
f 6560 6573 6544
f 6561 6574 6545
f 6545 6574 6558
f 6546 6575 6559
f 6562 6575 6546
f 6547 6576 6560
f 6563 6576 6547
f 6548 6577 6561
f 6564 6577 6548
f 6549 6578 6562
f 6565 6578 6549
f 6566 6579 6550
f 6550 6579 6563
f 6551 6580 6564
f 6567 6580 6551
f 6552 6581 6565
f 6568 6581 6552
f 6554 6582 6566
f 6570 6582 6554
f 6555 6583 6567
f 6571 6583 6555
f 6572 6584 6556
f 6556 6584 6568
f 6557 6585 6569
f 6573 6585 6557
f 6574 6586 6558
f 6558 6586 6570
f 6559 6587 6571
f 6575 6587 6559
f 6288 6588 6289
f 6287 6588 6288
f 6289 6588 6572
f 6560 6589 6573
f 6576 6589 6560
f 6577 6590 6561
f 6561 6590 6574
f 6562 6591 6575
f 6578 6591 6562
f 6579 6592 6563
f 6563 6592 6576
f 6580 6593 6564
f 6564 6593 6577
f 6565 6594 6578
f 6581 6594 6565
f 6582 6595 6566
f 6566 6595 6579
f 6567 6596 6580
f 6583 6596 6567
f 6584 6597 6568
f 6568 6597 6581
f 6274 6598 6273
f 6275 6598 6274
f 6585 6598 6569
f 6569 6598 6275
f 6586 6599 6570
f 6570 6599 6582
f 6587 6600 6571
f 6571 6600 6583
f 6572 6601 6584
f 6588 6601 6572
f 6589 6602 6573
f 6573 6602 6585
f 6590 6603 6574
f 6574 6603 6586
f 6591 6604 6575
f 6575 6604 6587
f 6576 6605 6589
f 6592 6605 6576
f 6577 6606 6590
f 6593 6606 6577
f 6594 6607 6578
f 6578 6607 6591
f 6595 6608 6579
f 6579 6608 6592
f 6580 6609 6593
f 6596 6609 6580
f 6581 6610 6594
f 6597 6610 6581
f 6582 6611 6595
f 6599 6611 6582
f 6583 6612 6596
f 6600 6612 6583
f 6601 6613 6584
f 6584 6613 6597
f 6602 6614 6585
f 6598 6614 6273
f 6273 6614 6272
f 6585 6614 6598
f 6586 6615 6599
f 6603 6615 6586
f 6604 6616 6587
f 6587 6616 6600
f 6287 6617 6588
f 6286 6617 6287
f 6588 6617 6601
f 6589 6618 6602
f 6605 6618 6589
f 6606 6619 6590
f 6590 6619 6603
f 6607 6620 6591
f 6591 6620 6604
f 6608 6621 6592
f 6592 6621 6605
f 6593 6622 6606
f 6609 6622 6593
f 6610 6623 6594
f 6594 6623 6607
f 6595 6624 6608
f 6611 6624 6595
f 6612 6625 6596
f 6596 6625 6609
f 6597 6626 6610
f 6613 6626 6597
f 6599 6627 6611
f 6615 6627 6599
f 6600 6628 6612
f 6616 6628 6600
f 6617 6629 6601
f 6601 6629 6613
f 6618 6630 6602
f 6602 6630 6614
f 6619 6631 6603
f 6603 6631 6615
f 6604 6632 6616
f 6620 6632 6604
f 6286 6633 6617
f 6285 6633 6286
f 6605 6634 6618
f 6621 6634 6605
f 6622 6635 6606
f 6606 6635 6619
f 6607 6636 6620
f 6623 6636 6607
f 6608 6637 6621
f 6624 6637 6608
f 6609 6638 6622
f 6625 6638 6609
f 6610 6639 6623
f 6626 6639 6610
f 6627 6640 6611
f 6611 6640 6624
f 6612 6641 6625
f 6628 6641 6612
f 6613 6642 6626
f 6629 6642 6613
f 6630 6643 6614
f 6614 6643 6272
f 6271 6643 6270
f 6272 6643 6271
f 6615 6644 6627
f 6631 6644 6615
f 6616 6645 6628
f 6632 6645 6616
f 6633 6646 6617
f 6617 6646 6629
f 6618 6647 6630
f 6634 6647 6618
f 6619 6648 6631
f 6635 6648 6619
f 6636 6649 6620
f 6620 6649 6632
f 6637 6650 6621
f 6621 6650 6634
f 6622 6651 6635
f 6638 6651 6622
f 6623 6652 6636
f 6639 6652 6623
f 6640 6653 6624
f 6624 6653 6637
f 6641 6654 6625
f 6625 6654 6638
f 6626 6655 6639
f 6642 6655 6626
f 6627 6656 6640
f 6644 6656 6627
f 6628 6657 6641
f 6645 6657 6628
f 6629 6658 6642
f 6646 6658 6629
f 6643 6659 6270
f 6270 6659 6269
f 6630 6659 6643
f 6647 6659 6630
f 6648 6660 6631
f 6631 6660 6644
f 6649 6661 6632
f 6632 6661 6645
f 6633 6662 6646
f 6285 6662 6633
f 6284 6662 6285
f 6283 6662 6284
f 6650 6663 6634
f 6634 6663 6647
f 6651 6664 6635
f 6635 6664 6648
f 6652 6665 6636
f 6636 6665 6649
f 6653 6666 6637
f 6637 6666 6650
f 6654 6667 6638
f 6638 6667 6651
f 6639 6668 6652
f 6655 6668 6639
f 6656 6669 6640
f 6640 6669 6653
f 6641 6670 6654
f 6657 6670 6641
f 6658 6671 6642
f 6642 6671 6655
f 6660 6672 6644
f 6644 6672 6656
f 6645 6673 6657
f 6661 6673 6645
f 6646 6674 6658
f 6662 6674 6646
f 6647 6675 6659
f 6663 6675 6647
f 6648 6676 6660
f 6664 6676 6648
f 6665 6677 6649
f 6649 6677 6661
f 6283 6678 6662
f 6282 6678 6283
f 6650 6679 6663
f 6666 6679 6650
f 6651 6680 6664
f 6667 6680 6651
f 6652 6681 6665
f 6668 6681 6652
f 6669 6682 6653
f 6653 6682 6666
f 6654 6683 6667
f 6670 6683 6654
f 6655 6684 6668
f 6671 6684 6655
f 6656 6685 6669
f 6672 6685 6656
f 6673 6686 6657
f 6657 6686 6670
f 6674 6687 6658
f 6658 6687 6671
f 6675 6688 6659
f 6659 6688 6269
f 6269 6688 6268
f 6660 6689 6672
f 6676 6689 6660
f 6677 6690 6661
f 6661 6690 6673
f 6678 6691 6662
f 6662 6691 6674
f 6663 6692 6675
f 6679 6692 6663
f 6664 6693 6676
f 6680 6693 6664
f 6665 6694 6677
f 6681 6694 6665
f 6682 6695 6666
f 6666 6695 6679
f 6667 6696 6680
f 6683 6696 6667
f 6684 6697 6668
f 6668 6697 6681
f 6685 6698 6669
f 6669 6698 6682
f 6670 6699 6683
f 6686 6699 6670
f 6687 6700 6671
f 6671 6700 6684
f 6689 6701 6672
f 6672 6701 6685
f 6673 6702 6686
f 6690 6702 6673
f 6691 6703 6674
f 6674 6703 6687
f 6675 6704 6688
f 6688 6704 6268
f 6692 6704 6675
f 6267 6704 6266
f 6268 6704 6267
f 6676 6705 6689
f 6693 6705 6676
f 6677 6706 6690
f 6694 6706 6677
f 6282 6707 6678
f 6678 6707 6691
f 6281 6707 6282
f 6280 6707 6281
f 6695 6708 6679
f 6679 6708 6692
f 6696 6709 6680
f 6680 6709 6693
f 6697 6710 6681
f 6681 6710 6694
f 6698 6711 6682
f 6682 6711 6695
f 6683 6712 6696
f 6699 6712 6683
f 6700 6713 6684
f 6684 6713 6697
f 6701 6714 6685
f 6685 6714 6698
f 6686 6715 6699
f 6702 6715 6686
f 6703 6716 6687
f 6687 6716 6700
f 6689 6717 6701
f 6705 6717 6689
f 6690 6718 6702
f 6706 6718 6690
f 6707 6719 6691
f 6691 6719 6703
f 6708 6720 6692
f 6692 6720 6704
f 6709 6721 6693
f 6693 6721 6705
f 6710 6722 6694
f 6694 6722 6706
f 6279 6723 6280
f 6280 6723 6707
f 6695 6724 6708
f 6711 6724 6695
f 6696 6725 6709
f 6712 6725 6696
f 6713 6726 6697
f 6697 6726 6710
f 6698 6727 6711
f 6714 6727 6698
f 6699 6728 6712
f 6715 6728 6699
f 6716 6729 6700
f 6700 6729 6713
f 6717 6730 6701
f 6701 6730 6714
f 6702 6731 6715
f 6718 6731 6702
f 6703 6732 6716
f 6719 6732 6703
f 6720 6733 6704
f 6266 6733 6265
f 6704 6733 6266
f 6705 6734 6717
f 6721 6734 6705
f 6722 6735 6706
f 6706 6735 6718
f 6723 6736 6707
f 6707 6736 6719
f 6708 6737 6720
f 6724 6737 6708
f 6725 6738 6709
f 6709 6738 6721
f 6710 6739 6722
f 6726 6739 6710
f 6727 6740 6711
f 6711 6740 6724
f 6728 6741 6712
f 6712 6741 6725
f 6713 6742 6726
f 6729 6742 6713
f 6714 6743 6727
f 6730 6743 6714
f 6731 6744 6715
f 6715 6744 6728
f 6716 6745 6729
f 6732 6745 6716
f 6717 6746 6730
f 6734 6746 6717
f 6718 6747 6731
f 6735 6747 6718
f 6736 6748 6719
f 6719 6748 6732
f 6720 6749 6733
f 6737 6749 6720
f 6264 6749 6263
f 6265 6749 6264
f 6733 6749 6265
f 6721 6750 6734
f 6738 6750 6721
f 6722 6751 6735
f 6739 6751 6722
f 6723 6752 6736
f 6279 6752 6723
f 6278 6752 6279
f 2696 6752 6278
f 6740 6753 6724
f 6724 6753 6737
f 6725 6754 6738
f 6741 6754 6725
f 6726 6755 6739
f 6742 6755 6726
f 6743 6756 6727
f 6727 6756 6740
f 6728 6757 6741
f 6744 6757 6728
f 6729 6758 6742
f 6745 6758 6729
f 6746 6759 6730
f 6730 6759 6743
f 6747 6760 6731
f 6731 6760 6744
f 6732 6761 6745
f 6748 6761 6732
f 6734 6762 6746
f 6750 6762 6734
f 6735 6763 6747
f 6751 6763 6735
f 6752 6764 6736
f 6736 6764 6748
f 2696 6764 6752
f 6753 6765 6737
f 6737 6765 6749
f 6738 6766 6750
f 6754 6766 6738
f 6755 6767 6739
f 6739 6767 6751
f 6756 6768 6740
f 6740 6768 6753
f 6741 6769 6754
f 6757 6769 6741
f 6742 6770 6755
f 6758 6770 6742
f 6743 6771 6756
f 6759 6771 6743
f 6744 6772 6757
f 6760 6772 6744
f 6745 6773 6758
f 6761 6773 6745
f 6746 6774 6759
f 6762 6774 6746
f 6763 6775 6747
f 6747 6775 6760
f 6748 6776 6761
f 6764 6776 6748
f 2696 6776 6764
f 6749 6777 6263
f 6765 6777 6749
f 6263 6777 6262
f 6750 6778 6762
f 6766 6778 6750
f 6751 6779 6763
f 6767 6779 6751
f 6753 6780 6765
f 6768 6780 6753
f 6769 6781 6754
f 6754 6781 6766
f 6755 6782 6767
f 6770 6782 6755
f 6771 6783 6756
f 6756 6783 6768
f 6757 6784 6769
f 6772 6784 6757
f 6758 6785 6770
f 6773 6785 6758
f 6774 6786 6759
f 6759 6786 6771
f 6760 6787 6772
f 6775 6787 6760
f 2696 6788 6776
f 6776 6788 6761
f 6761 6788 6773
f 6778 6789 6762
f 6762 6789 6774
f 6763 6790 6775
f 6779 6790 6763
f 6765 6791 6777
f 6777 6791 6262
f 6780 6791 6765
f 6262 6791 6261
f 6766 6792 6778
f 6781 6792 6766
f 6767 6793 6779
f 6782 6793 6767
f 6768 6794 6780
f 6783 6794 6768
f 6769 6795 6781
f 6784 6795 6769
f 6785 6796 6770
f 6770 6796 6782
f 6786 6797 6771
f 6771 6797 6783
f 6787 6798 6772
f 6772 6798 6784
f 6788 6799 6773
f 6773 6799 6785
f 2696 6799 6788
f 6789 6800 6774
f 6774 6800 6786
f 6775 6801 6787
f 6790 6801 6775
f 6792 6802 6778
f 6778 6802 6789
f 6793 6803 6779
f 6779 6803 6790
f 6780 6804 6791
f 6794 6804 6780
f 6781 6805 6792
f 6795 6805 6781
f 6782 6806 6793
f 6796 6806 6782
f 6783 6807 6794
f 6797 6807 6783
f 6784 6808 6795
f 6798 6808 6784
f 6785 6809 6796
f 6799 6809 6785
f 2696 6809 6799
f 6786 6810 6797
f 6800 6810 6786
f 6801 6811 6787
f 6787 6811 6798
f 6789 6812 6800
f 6802 6812 6789
f 6790 6813 6801
f 6803 6813 6790
f 6260 6814 6259
f 6791 6814 6261
f 6261 6814 6260
f 6804 6814 6791
f 6805 6815 6792
f 6792 6815 6802
f 6806 6816 6793
f 6793 6816 6803
f 6794 6817 6804
f 6807 6817 6794
f 6808 6818 6795
f 6795 6818 6805
f 2696 6819 6809
f 6796 6819 6806
f 6809 6819 6796
f 6810 6820 6797
f 6797 6820 6807
f 6798 6821 6808
f 6811 6821 6798
f 6812 6822 6800
f 6800 6822 6810
f 6801 6823 6811
f 6813 6823 6801
f 6815 6824 6802
f 6802 6824 6812
f 6803 6825 6813
f 6816 6825 6803
f 6804 6826 6814
f 6817 6826 6804
f 6259 6826 6258
f 6814 6826 6259
f 6805 6827 6815
f 6818 6827 6805
f 6806 6828 6816
f 6819 6828 6806
f 2696 6828 6819
f 6807 6829 6817
f 6820 6829 6807
f 6821 6830 6808
f 6808 6830 6818
f 6810 6831 6820
f 6822 6831 6810
f 6811 6832 6821
f 6823 6832 6811
f 6812 6833 6822
f 6824 6833 6812
f 6825 6834 6813
f 6813 6834 6823
f 6815 6835 6824
f 6827 6835 6815
f 6816 6836 6825
f 6828 6836 6816
f 2696 6836 6828
f 6829 6837 6817
f 6817 6837 6826
f 6818 6838 6827
f 6830 6838 6818
f 6820 6839 6829
f 6831 6839 6820
f 6821 6840 6830
f 6832 6840 6821
f 6822 6841 6831
f 6833 6841 6822
f 6823 6842 6832
f 6834 6842 6823
f 6824 6843 6833
f 6835 6843 6824
f 6825 6844 6834
f 6836 6844 6825
f 2696 6844 6836
f 6257 6845 6256
f 6258 6845 6257
f 6826 6845 6258
f 6837 6845 6826
f 6838 6846 6827
f 6827 6846 6835
f 6829 6847 6837
f 6839 6847 6829
f 6830 6848 6838
f 6840 6848 6830
f 6831 6849 6839
f 6841 6849 6831
f 6832 6850 6840
f 6842 6850 6832
f 6843 6851 6833
f 6833 6851 6841
f 2696 6852 6844
f 6844 6852 6834
f 6834 6852 6842
f 6835 6853 6843
f 6846 6853 6835
f 6256 6854 6255
f 6837 6854 6845
f 6845 6854 6256
f 6847 6854 6837
f 6848 6855 6838
f 6838 6855 6846
f 6839 6856 6847
f 6849 6856 6839
f 6840 6857 6848
f 6850 6857 6840
f 6841 6858 6849
f 6851 6858 6841
f 6842 6859 6850
f 6852 6859 6842
f 2696 6859 6852
f 6843 6860 6851
f 6853 6860 6843
f 6846 6861 6853
f 6855 6861 6846
f 6847 6862 6854
f 6856 6862 6847
f 6848 6863 6855
f 6857 6863 6848
f 6858 6864 6849
f 6849 6864 6856
f 2696 6865 6859
f 6850 6865 6857
f 6859 6865 6850
f 6851 6866 6858
f 6860 6866 6851
f 6861 6867 6853
f 6853 6867 6860
f 6854 6868 6255
f 6862 6868 6854
f 6255 6868 6254
f 6863 6869 6855
f 6855 6869 6861
f 6864 6870 6856
f 6856 6870 6862
f 2696 6871 6865
f 6857 6871 6863
f 6865 6871 6857
f 6858 6872 6864
f 6866 6872 6858
f 6860 6873 6866
f 6867 6873 6860
f 6861 6874 6867
f 6869 6874 6861
f 6253 6875 6252
f 6254 6875 6253
f 6868 6875 6254
f 6862 6875 6868
f 6870 6875 6862
f 6863 6876 6869
f 2696 6876 6871
f 6871 6876 6863
f 6864 6877 6870
f 6872 6877 6864
f 6866 6878 6872
f 6873 6878 6866
f 6874 6879 6867
f 6867 6879 6873
f 2696 6880 6876
f 6869 6880 6874
f 6876 6880 6869
f 6877 6881 6870
f 6870 6881 6875
f 6878 6882 6872
f 6872 6882 6877
f 6873 6883 6878
f 6879 6883 6873
f 6874 6884 6879
f 6880 6884 6874
f 2696 6884 6880
f 6881 6885 6875
f 6252 6885 6251
f 6875 6885 6252
f 6877 6886 6881
f 6882 6886 6877
f 6878 6887 6882
f 6883 6887 6878
f 2696 6888 6884
f 6884 6888 6879
f 6879 6888 6883
f 6881 6889 6885
f 6885 6889 6251
f 6886 6889 6881
f 6250 6889 6249
f 6251 6889 6250
f 6887 6890 6882
f 6882 6890 6886
f 6888 6891 6883
f 6883 6891 6887
f 2696 6891 6888
f 6890 6892 6886
f 6886 6892 6889
f 6891 6893 6887
f 6887 6893 6890
f 2696 6893 6891
f 6249 6894 6248
f 6889 6894 6249
f 6892 6894 6889
f 6890 6895 6892
f 6893 6895 6890
f 2696 6895 6893
f 6247 6896 2696
f 6248 6896 6247
f 6894 6896 6248
f 6895 6896 6892
f 6892 6896 6894
f 2696 6896 6895
f 2718 6370 6897
f 6898 6339 2699
f 6370 6899 6897
f 6369 6899 6370
f 6900 6901 6902
f 6897 6901 6900
f 6899 6901 6897
f 6902 6903 6904
f 6901 6903 6902
f 6899 6905 6901
f 6368 6905 6369
f 6369 6905 6899
f 6903 6906 6904
f 6907 6906 6908
f 6904 6906 6907
f 6905 6909 6901
f 6901 6909 6903
f 6367 6910 6368
f 6366 6910 6367
f 6368 6910 6905
f 6908 6911 6912
f 6906 6911 6908
f 6909 6913 6903
f 6903 6913 6906
f 6905 6914 6909
f 6910 6914 6905
f 6912 6915 6916
f 6911 6915 6912
f 6913 6917 6906
f 6906 6917 6911
f 6909 6918 6913
f 6914 6918 6909
f 6366 6919 6910
f 6365 6919 6366
f 6910 6919 6914
f 6915 6920 6916
f 6921 6920 6922
f 6916 6920 6921
f 6917 6923 6911
f 6911 6923 6915
f 6913 6924 6917
f 6918 6924 6913
f 6914 6925 6918
f 6919 6925 6914
f 6922 6926 6927
f 6920 6926 6922
f 6365 6928 6919
f 6364 6928 6365
f 6363 6928 6364
f 6923 6929 6915
f 6915 6929 6920
f 6917 6930 6923
f 6924 6930 6917
f 6925 6931 6918
f 6918 6931 6924
f 6932 6933 6934
f 6927 6933 6932
f 6926 6933 6927
f 6919 6935 6925
f 6928 6935 6919
f 6929 6936 6920
f 6920 6936 6926
f 6930 6937 6923
f 6923 6937 6929
f 6924 6938 6930
f 6931 6938 6924
f 6934 6939 6940
f 6933 6939 6934
f 6925 6941 6931
f 6935 6941 6925
f 6936 6942 6926
f 6926 6942 6933
f 6363 6943 6928
f 6928 6943 6935
f 6362 6943 6363
f 6937 6944 6929
f 6929 6944 6936
f 6938 6945 6930
f 6930 6945 6937
f 6939 6946 6940
f 6940 6946 6947
f 6931 6948 6938
f 6941 6948 6931
f 6933 6949 6939
f 6942 6949 6933
f 6943 6950 6935
f 6935 6950 6941
f 6936 6951 6942
f 6944 6951 6936
f 6361 6952 6362
f 6362 6952 6943
f 6937 6953 6944
f 6945 6953 6937
f 6954 6955 6956
f 6947 6955 6954
f 6946 6955 6947
f 6938 6957 6945
f 6948 6957 6938
f 6939 6958 6946
f 6949 6958 6939
f 6950 6959 6941
f 6941 6959 6948
f 6942 6960 6949
f 6951 6960 6942
f 6943 6961 6950
f 6952 6961 6943
f 6944 6962 6951
f 6953 6962 6944
f 6956 6963 6964
f 6955 6963 6956
f 6957 6965 6945
f 6945 6965 6953
f 6946 6966 6955
f 6958 6966 6946
f 6959 6967 6948
f 6948 6967 6957
f 6960 6968 6949
f 6949 6968 6958
f 6961 6969 6950
f 6950 6969 6959
f 6962 6970 6951
f 6951 6970 6960
f 6361 6971 6952
f 6952 6971 6961
f 6360 6971 6361
f 6359 6971 6360
f 6964 6972 6973
f 6963 6972 6964
f 6953 6974 6962
f 6965 6974 6953
f 6966 6975 6955
f 6955 6975 6963
f 6957 6976 6965
f 6967 6976 6957
f 6968 6977 6958
f 6958 6977 6966
f 6969 6978 6959
f 6959 6978 6967
f 6970 6979 6960
f 6960 6979 6968
f 6971 6980 6961
f 6961 6980 6969
f 6981 6982 6983
f 6973 6982 6981
f 6972 6982 6973
f 6974 6984 6962
f 6962 6984 6970
f 6359 6985 6971
f 6358 6985 6359
f 6963 6986 6972
f 6975 6986 6963
f 6965 6987 6974
f 6976 6987 6965
f 6966 6988 6975
f 6977 6988 6966
f 6967 6989 6976
f 6978 6989 6967
f 6968 6990 6977
f 6979 6990 6968
f 6969 6991 6978
f 6980 6991 6969
f 6983 6992 6993
f 6982 6992 6983
f 6970 6994 6979
f 6984 6994 6970
f 6971 6995 6980
f 6985 6995 6971
f 6972 6996 6982
f 6986 6996 6972
f 6987 6997 6974
f 6974 6997 6984
f 6975 6998 6986
f 6988 6998 6975
f 6989 6999 6976
f 6976 6999 6987
f 6990 7000 6977
f 6977 7000 6988
f 6991 7001 6978
f 6978 7001 6989
f 7002 7003 7004
f 6993 7003 7002
f 6992 7003 6993
f 6979 7005 6990
f 6994 7005 6979
f 6980 7006 6991
f 6995 7006 6980
f 6996 7007 6982
f 6982 7007 6992
f 6997 7008 6984
f 6984 7008 6994
f 6357 7009 6358
f 6356 7009 6357
f 6358 7009 6985
f 6985 7009 6995
f 6986 7010 6996
f 6998 7010 6986
f 6999 7011 6987
f 6987 7011 6997
f 7000 7012 6988
f 6988 7012 6998
f 6989 7013 6999
f 7001 7013 6989
f 7004 7014 7015
f 7003 7014 7004
f 6990 7016 7000
f 7005 7016 6990
f 6991 7017 7001
f 7006 7017 6991
f 7007 7018 6992
f 6992 7018 7003
f 7008 7019 6994
f 6994 7019 7005
f 6995 7020 7006
f 7009 7020 6995
f 7010 7021 6996
f 6996 7021 7007
f 6997 7022 7008
f 7011 7022 6997
f 6356 7023 7009
f 6355 7023 6356
f 7012 7024 6998
f 6998 7024 7010
f 6999 7025 7011
f 7013 7025 6999
f 7015 7026 7027
f 7014 7026 7015
f 7000 7028 7012
f 7016 7028 7000
f 7001 7029 7013
f 7017 7029 7001
f 7003 7030 7014
f 7018 7030 7003
f 7019 7031 7005
f 7005 7031 7016
f 7006 7032 7017
f 7020 7032 7006
f 7007 7033 7018
f 7021 7033 7007
f 7022 7034 7008
f 7008 7034 7019
f 7009 7035 7020
f 7023 7035 7009
f 7010 7036 7021
f 7024 7036 7010
f 7011 7037 7022
f 7025 7037 7011
f 7038 7039 7040
f 7027 7039 7038
f 7026 7039 7027
f 7012 7041 7024
f 7028 7041 7012
f 7013 7042 7025
f 7029 7042 7013
f 7014 7043 7026
f 7030 7043 7014
f 7016 7044 7028
f 7031 7044 7016
f 7032 7045 7017
f 7017 7045 7029
f 7018 7046 7030
f 7033 7046 7018
f 7034 7047 7019
f 7019 7047 7031
f 7020 7048 7032
f 7035 7048 7020
f 7021 7049 7033
f 7036 7049 7021
f 7037 7050 7022
f 7022 7050 7034
f 6354 7051 6355
f 7023 7051 7035
f 6355 7051 7023
f 7040 7052 7053
f 7039 7052 7040
f 7041 7054 7024
f 7024 7054 7036
f 7025 7055 7037
f 7042 7055 7025
f 7043 7056 7026
f 7026 7056 7039
f 7028 7057 7041
f 7044 7057 7028
f 7029 7058 7042
f 7045 7058 7029
f 7046 7059 7030
f 7030 7059 7043
f 7047 7060 7031
f 7031 7060 7044
f 7048 7061 7032
f 7032 7061 7045
f 7049 7062 7033
f 7033 7062 7046
f 7034 7063 7047
f 7050 7063 7034
f 7035 7064 7048
f 7051 7064 7035
f 7065 7066 6898
f 7053 7066 7065
f 7052 7066 7053
f 7036 7067 7049
f 7054 7067 7036
f 7037 7068 7050
f 7055 7068 7037
f 6354 7069 7051
f 6353 7069 6354
f 6352 7069 6353
f 7056 7070 7039
f 7039 7070 7052
f 7041 7071 7054
f 7057 7071 7041
f 7042 7072 7055
f 7058 7072 7042
f 7043 7073 7056
f 7059 7073 7043
f 7044 7074 7057
f 7060 7074 7044
f 7045 7075 7058
f 7061 7075 7045
f 7046 7076 7059
f 7062 7076 7046
f 7047 7077 7060
f 7063 7077 7047
f 7064 7078 7048
f 7048 7078 7061
f 6898 7079 6339
f 6339 7079 6338
f 7066 7079 6898
f 7049 7080 7062
f 7067 7080 7049
f 7068 7081 7050
f 7050 7081 7063
f 7069 7082 7051
f 7051 7082 7064
f 7052 7083 7066
f 7070 7083 7052
f 7071 7084 7054
f 7054 7084 7067
f 7072 7085 7055
f 7055 7085 7068
f 7056 7086 7070
f 7073 7086 7056
f 7057 7087 7071
f 7074 7087 7057
f 7075 7088 7058
f 7058 7088 7072
f 7076 7089 7059
f 7059 7089 7073
f 7077 7090 7060
f 7060 7090 7074
f 7061 7091 7075
f 7078 7091 7061
f 7080 7092 7062
f 7062 7092 7076
f 7081 7093 7063
f 7063 7093 7077
f 7082 7094 7064
f 7064 7094 7078
f 7083 7095 7066
f 7079 7095 6338
f 7066 7095 7079
f 6338 7095 6337
f 7067 7096 7080
f 7084 7096 7067
f 7068 7097 7081
f 7085 7097 7068
f 6352 7098 7069
f 7069 7098 7082
f 6351 7098 6352
f 7086 7099 7070
f 7070 7099 7083
f 7087 7100 7071
f 7071 7100 7084
f 7072 7101 7085
f 7088 7101 7072
f 7073 7102 7086
f 7089 7102 7073
f 7074 7103 7087
f 7090 7103 7074
f 7075 7104 7088
f 7091 7104 7075
f 7076 7105 7089
f 7092 7105 7076
f 7093 7106 7077
f 7077 7106 7090
f 7094 7107 7078
f 7078 7107 7091
f 7096 7108 7080
f 7080 7108 7092
f 7097 7109 7081
f 7081 7109 7093
f 7098 7110 7082
f 7082 7110 7094
f 7083 7111 7095
f 7099 7111 7083
f 7100 7112 7084
f 7084 7112 7096
f 7085 7113 7097
f 7101 7113 7085
f 6350 7114 6351
f 6349 7114 6350
f 6351 7114 7098
f 7086 7115 7099
f 7102 7115 7086
f 7103 7116 7087
f 7087 7116 7100
f 7104 7117 7088
f 7088 7117 7101
f 7089 7118 7102
f 7105 7118 7089
f 7090 7119 7103
f 7106 7119 7090
f 7091 7120 7104
f 7107 7120 7091
f 7092 7121 7105
f 7108 7121 7092
f 7093 7122 7106
f 7109 7122 7093
f 7094 7123 7107
f 7110 7123 7094
f 7111 7124 7095
f 6336 7124 6335
f 6337 7124 6336
f 7095 7124 6337
f 7112 7125 7096
f 7096 7125 7108
f 7113 7126 7097
f 7097 7126 7109
f 7098 7127 7110
f 7114 7127 7098
f 7099 7128 7111
f 7115 7128 7099
f 7116 7129 7100
f 7100 7129 7112
f 7117 7130 7101
f 7101 7130 7113
f 7118 7131 7102
f 7102 7131 7115
f 7103 7132 7116
f 7119 7132 7103
f 7104 7133 7117
f 7120 7133 7104
f 7121 7134 7105
f 7105 7134 7118
f 7122 7135 7106
f 7106 7135 7119
f 7107 7136 7120
f 7123 7136 7107
f 7108 7137 7121
f 7125 7137 7108
f 7109 7138 7122
f 7126 7138 7109
f 7127 7139 7110
f 7110 7139 7123
f 7124 7140 6335
f 6335 7140 6334
f 7128 7140 7111
f 7111 7140 7124
f 7129 7141 7112
f 7112 7141 7125
f 7130 7142 7113
f 7113 7142 7126
f 7114 7143 7127
f 6349 7143 7114
f 6348 7143 6349
f 7131 7144 7115
f 7115 7144 7128
f 7132 7145 7116
f 7116 7145 7129
f 7133 7146 7117
f 7117 7146 7130
f 7118 7147 7131
f 7134 7147 7118
f 7119 7148 7132
f 7135 7148 7119
f 7120 7149 7133
f 7136 7149 7120
f 7137 7150 7121
f 7121 7150 7134
f 7122 7151 7135
f 7138 7151 7122
f 7139 7152 7123
f 7123 7152 7136
f 7141 7153 7125
f 7125 7153 7137
f 7142 7154 7126
f 7126 7154 7138
f 7143 7155 7127
f 7127 7155 7139
f 7128 7156 7140
f 7144 7156 7128
f 7145 7157 7129
f 7129 7157 7141
f 7130 7158 7142
f 7146 7158 7130
f 6348 7159 7143
f 6347 7159 6348
f 7131 7160 7144
f 7147 7160 7131
f 7132 7161 7145
f 7148 7161 7132
f 7149 7162 7133
f 7133 7162 7146
f 7150 7163 7134
f 7134 7163 7147
f 7135 7164 7148
f 7151 7164 7135
f 7152 7165 7136
f 7136 7165 7149
f 7153 7166 7137
f 7137 7166 7150
f 7138 7167 7151
f 7154 7167 7138
f 7139 7168 7152
f 7155 7168 7139
f 7156 7169 7140
f 7140 7169 6334
f 6333 7169 6332
f 6334 7169 6333
f 7141 7170 7153
f 7157 7170 7141
f 7158 7171 7142
f 7142 7171 7154
f 7159 7172 7143
f 7143 7172 7155
f 7160 7173 7144
f 7144 7173 7156
f 7161 7174 7145
f 7145 7174 7157
f 7162 7175 7146
f 7146 7175 7158
f 7147 7176 7160
f 7163 7176 7147
f 7148 7177 7161
f 7164 7177 7148
f 7165 7178 7149
f 7149 7178 7162
f 7150 7179 7163
f 7166 7179 7150
f 7167 7180 7151
f 7151 7180 7164
f 7152 7181 7165
f 7168 7181 7152
f 7153 7182 7166
f 7170 7182 7153
f 7171 7183 7154
f 7154 7183 7167
f 7155 7184 7168
f 7172 7184 7155
f 7169 7185 6332
f 7173 7185 7156
f 6332 7185 6331
f 7156 7185 7169
f 7174 7186 7157
f 7157 7186 7170
f 7175 7187 7158
f 7158 7187 7171
f 7159 7188 7172
f 6347 7188 7159
f 6346 7188 6347
f 6345 7188 6346
f 7176 7189 7160
f 7160 7189 7173
f 7177 7190 7161
f 7161 7190 7174
f 7162 7191 7175
f 7178 7191 7162
f 7163 7192 7176
f 7179 7192 7163
f 7164 7193 7177
f 7180 7193 7164
f 7165 7194 7178
f 7181 7194 7165
f 7166 7195 7179
f 7182 7195 7166
f 7183 7196 7167
f 7167 7196 7180
f 7184 7197 7168
f 7168 7197 7181
f 7170 7198 7182
f 7186 7198 7170
f 7171 7199 7183
f 7187 7199 7171
f 7188 7200 7172
f 7172 7200 7184
f 7173 7201 7185
f 7189 7201 7173
f 7190 7202 7174
f 7174 7202 7186
f 7175 7203 7187
f 7191 7203 7175
f 6345 7204 7188
f 6344 7204 6345
f 7176 7205 7189
f 7192 7205 7176
f 7193 7206 7177
f 7177 7206 7190
f 7178 7207 7191
f 7194 7207 7178
f 7179 7208 7192
f 7195 7208 7179
f 7180 7209 7193
f 7196 7209 7180
f 7197 7210 7181
f 7181 7210 7194
f 7182 7211 7195
f 7198 7211 7182
f 7183 7212 7196
f 7199 7212 7183
f 7184 7213 7197
f 7200 7213 7184
f 7201 7214 7185
f 6331 7214 6330
f 7185 7214 6331
f 7202 7215 7186
f 7186 7215 7198
f 7187 7216 7199
f 7203 7216 7187
f 7188 7217 7200
f 7204 7217 7188
f 7205 7218 7189
f 7189 7218 7201
f 7206 7219 7190
f 7190 7219 7202
f 7207 7220 7191
f 7191 7220 7203
f 7192 7221 7205
f 7208 7221 7192
f 7209 7222 7193
f 7193 7222 7206
f 7194 7223 7207
f 7210 7223 7194
f 7195 7224 7208
f 7211 7224 7195
f 7196 7225 7209
f 7212 7225 7196
f 7197 7226 7210
f 7213 7226 7197
f 7215 7227 7198
f 7198 7227 7211
f 7199 7228 7212
f 7216 7228 7199
f 7217 7229 7200
f 7200 7229 7213
f 7201 7230 7214
f 7214 7230 6330
f 6329 7230 6328
f 6330 7230 6329
f 7218 7230 7201
f 7202 7231 7215
f 7219 7231 7202
f 7203 7232 7216
f 7220 7232 7203
f 6344 7233 7204
f 7204 7233 7217
f 6343 7233 6344
f 6342 7233 6343
f 7221 7234 7205
f 7205 7234 7218
f 7206 7235 7219
f 7222 7235 7206
f 7223 7236 7207
f 7207 7236 7220
f 7208 7237 7221
f 7224 7237 7208
f 7209 7238 7222
f 7225 7238 7209
f 7226 7239 7210
f 7210 7239 7223
f 7227 7240 7211
f 7211 7240 7224
f 7228 7241 7212
f 7212 7241 7225
f 7213 7242 7226
f 7229 7242 7213
f 7215 7243 7227
f 7231 7243 7215
f 7216 7244 7228
f 7232 7244 7216
f 7233 7245 7217
f 7217 7245 7229
f 7234 7246 7218
f 7218 7246 7230
f 7235 7247 7219
f 7219 7247 7231
f 7236 7248 7220
f 7220 7248 7232
f 6341 7249 6342
f 6342 7249 7233
f 7221 7250 7234
f 7237 7250 7221
f 7222 7251 7235
f 7238 7251 7222
f 7239 7252 7223
f 7223 7252 7236
f 7240 7253 7224
f 7224 7253 7237
f 7225 7254 7238
f 7241 7254 7225
f 7242 7255 7226
f 7226 7255 7239
f 7227 7256 7240
f 7243 7256 7227
f 7228 7257 7241
f 7244 7257 7228
f 7229 7258 7242
f 7245 7258 7229
f 7246 7259 7230
f 6328 7259 6327
f 7230 7259 6328
f 7247 7260 7231
f 7231 7260 7243
f 7232 7261 7244
f 7248 7261 7232
f 7233 7262 7245
f 7249 7262 7233
f 7234 7263 7246
f 7250 7263 7234
f 7251 7264 7235
f 7235 7264 7247
f 7236 7265 7248
f 7252 7265 7236
f 7253 7266 7237
f 7237 7266 7250
f 7254 7267 7238
f 7238 7267 7251
f 7255 7268 7239
f 7239 7268 7252
f 7256 7269 7240
f 7240 7269 7253
f 7257 7270 7241
f 7241 7270 7254
f 7242 7271 7255
f 7258 7271 7242
f 7243 7272 7256
f 7260 7272 7243
f 7244 7273 7257
f 7261 7273 7244
f 7245 7274 7258
f 7262 7274 7245
f 7259 7275 6327
f 7263 7275 7246
f 6326 7275 6325
f 6327 7275 6326
f 7246 7275 7259
f 7264 7276 7247
f 7247 7276 7260
f 7265 7277 7248
f 7248 7277 7261
f 7249 7278 7262
f 6341 7278 7249
f 6340 7278 6341
f 2703 7278 6340
f 7250 7279 7263
f 7266 7279 7250
f 7251 7280 7264
f 7267 7280 7251
f 7268 7281 7252
f 7252 7281 7265
f 7269 7282 7253
f 7253 7282 7266
f 7270 7283 7254
f 7254 7283 7267
f 7271 7284 7255
f 7255 7284 7268
f 7256 7285 7269
f 7272 7285 7256
f 7273 7286 7257
f 7257 7286 7270
f 7258 7287 7271
f 7274 7287 7258
f 7260 7288 7272
f 7276 7288 7260
f 7277 7289 7261
f 7261 7289 7273
f 7278 7290 7262
f 7262 7290 7274
f 2703 7290 7278
f 7263 7291 7275
f 7279 7291 7263
f 7264 7292 7276
f 7280 7292 7264
f 7281 7293 7265
f 7265 7293 7277
f 7282 7294 7266
f 7266 7294 7279
f 7283 7295 7267
f 7267 7295 7280
f 7284 7296 7268
f 7268 7296 7281
f 7285 7297 7269
f 7269 7297 7282
f 7270 7298 7283
f 7286 7298 7270
f 7287 7299 7271
f 7271 7299 7284
f 7288 7300 7272
f 7272 7300 7285
f 7289 7301 7273
f 7273 7301 7286
f 7274 7302 7287
f 7290 7302 7274
f 2703 7302 7290
f 7275 7303 6325
f 7291 7303 7275
f 6325 7303 6324
f 7292 7304 7276
f 7276 7304 7288
f 7277 7305 7289
f 7293 7305 7277
f 7279 7306 7291
f 7294 7306 7279
f 7280 7307 7292
f 7295 7307 7280
f 7281 7308 7293
f 7296 7308 7281
f 7282 7309 7294
f 7297 7309 7282
f 7298 7310 7283
f 7283 7310 7295
f 7284 7311 7296
f 7299 7311 7284
f 7285 7312 7297
f 7300 7312 7285
f 7286 7313 7298
f 7301 7313 7286
f 2703 7314 7302
f 7287 7314 7299
f 7302 7314 7287
f 7304 7315 7288
f 7288 7315 7300
f 7289 7316 7301
f 7305 7316 7289
f 7291 7317 7303
f 7303 7317 6324
f 7306 7317 7291
f 6324 7317 6323
f 7307 7318 7292
f 7292 7318 7304
f 7293 7319 7305
f 7308 7319 7293
f 7309 7320 7294
f 7294 7320 7306
f 7295 7321 7307
f 7310 7321 7295
f 7296 7322 7308
f 7311 7322 7296
f 7297 7323 7309
f 7312 7323 7297
f 7313 7324 7298
f 7298 7324 7310
f 2703 7325 7314
f 7314 7325 7299
f 7299 7325 7311
f 7315 7326 7300
f 7300 7326 7312
f 7301 7327 7313
f 7316 7327 7301
f 7318 7328 7304
f 7304 7328 7315
f 7305 7329 7316
f 7319 7329 7305
f 7320 7330 7306
f 7306 7330 7317
f 7321 7331 7307
f 7307 7331 7318
f 7322 7332 7308
f 7308 7332 7319
f 7309 7333 7320
f 7323 7333 7309
f 7310 7334 7321
f 7324 7334 7310
f 7311 7335 7322
f 7325 7335 7311
f 2703 7335 7325
f 7312 7336 7323
f 7326 7336 7312
f 7313 7337 7324
f 7327 7337 7313
f 7328 7338 7315
f 7315 7338 7326
f 7316 7339 7327
f 7329 7339 7316
f 6322 7340 6321
f 7317 7340 6323
f 6323 7340 6322
f 7330 7340 7317
f 7318 7341 7328
f 7331 7341 7318
f 7332 7342 7319
f 7319 7342 7329
f 7333 7343 7320
f 7320 7343 7330
f 7321 7344 7331
f 7334 7344 7321
f 7335 7345 7322
f 7322 7345 7332
f 2703 7345 7335
f 7336 7346 7323
f 7323 7346 7333
f 7337 7347 7324
f 7324 7347 7334
f 7326 7348 7336
f 7338 7348 7326
f 7327 7349 7337
f 7339 7349 7327
f 7341 7350 7328
f 7328 7350 7338
f 7329 7351 7339
f 7342 7351 7329
f 7330 7352 7340
f 7343 7352 7330
f 6321 7352 6320
f 7340 7352 6321
f 7331 7353 7341
f 7344 7353 7331
f 2703 7354 7345
f 7345 7354 7332
f 7332 7354 7342
f 7333 7355 7343
f 7346 7355 7333
f 7347 7356 7334
f 7334 7356 7344
f 7348 7357 7336
f 7336 7357 7346
f 7349 7358 7337
f 7337 7358 7347
f 7338 7359 7348
f 7350 7359 7338
f 7339 7360 7349
f 7351 7360 7339
f 7353 7361 7341
f 7341 7361 7350
f 2703 7362 7354
f 7342 7362 7351
f 7354 7362 7342
f 7355 7363 7343
f 7343 7363 7352
f 7356 7364 7344
f 7344 7364 7353
f 7357 7365 7346
f 7346 7365 7355
f 7358 7366 7347
f 7347 7366 7356
f 7348 7367 7357
f 7359 7367 7348
f 7349 7368 7358
f 7360 7368 7349
f 7361 7369 7350
f 7350 7369 7359
f 7351 7370 7360
f 2703 7370 7362
f 7362 7370 7351
f 6319 7371 6318
f 6320 7371 6319
f 7352 7371 6320
f 7363 7371 7352
f 7353 7372 7361
f 7364 7372 7353
f 7355 7373 7363
f 7365 7373 7355
f 7356 7374 7364
f 7366 7374 7356
f 7367 7375 7357
f 7357 7375 7365
f 7358 7376 7366
f 7368 7376 7358
f 7369 7377 7359
f 7359 7377 7367
f 2703 7378 7370
f 7360 7378 7368
f 7370 7378 7360
f 7372 7379 7361
f 7361 7379 7369
f 7363 7380 7371
f 6318 7380 6317
f 7371 7380 6318
f 7373 7380 7363
f 7364 7381 7372
f 7374 7381 7364
f 7365 7382 7373
f 7375 7382 7365
f 7366 7383 7374
f 7376 7383 7366
f 7377 7384 7367
f 7367 7384 7375
f 2703 7385 7378
f 7378 7385 7368
f 7368 7385 7376
f 7379 7386 7369
f 7369 7386 7377
f 7381 7387 7372
f 7372 7387 7379
f 7382 7388 7373
f 7373 7388 7380
f 7374 7389 7381
f 7383 7389 7374
f 7384 7390 7375
f 7375 7390 7382
f 7385 7391 7376
f 7376 7391 7383
f 2703 7391 7385
f 7386 7392 7377
f 7377 7392 7384
f 7379 7393 7386
f 7387 7393 7379
f 7380 7394 6317
f 7388 7394 7380
f 6317 7394 6316
f 7381 7395 7387
f 7389 7395 7381
f 7390 7396 7382
f 7382 7396 7388
f 7383 7397 7389
f 7391 7397 7383
f 2703 7397 7391
f 7384 7398 7390
f 7392 7398 7384
f 7393 7399 7386
f 7386 7399 7392
f 7387 7400 7393
f 7395 7400 7387
f 6315 7401 6314
f 6316 7401 6315
f 7388 7401 7394
f 7394 7401 6316
f 7396 7401 7388
f 7397 7402 7389
f 7389 7402 7395
f 2703 7402 7397
f 7390 7403 7396
f 7398 7403 7390
f 7392 7404 7398
f 7399 7404 7392
f 7393 7405 7399
f 7400 7405 7393
f 7402 7406 7395
f 2703 7406 7402
f 7395 7406 7400
f 7403 7407 7396
f 7396 7407 7401
f 7398 7408 7403
f 7404 7408 7398
f 7399 7409 7404
f 7405 7409 7399
f 7400 7410 7405
f 7406 7410 7400
f 2703 7410 7406
f 7407 7411 7401
f 6314 7411 6313
f 7401 7411 6314
f 7403 7412 7407
f 7408 7412 7403
f 7404 7413 7408
f 7409 7413 7404
f 7405 7414 7409
f 2703 7414 7410
f 7410 7414 7405
f 7412 7415 7407
f 7411 7415 6313
f 6312 7415 6311
f 6313 7415 6312
f 7407 7415 7411
f 7413 7416 7408
f 7408 7416 7412
f 7414 7417 7409
f 7409 7417 7413
f 2703 7417 7414
f 7416 7418 7412
f 7412 7418 7415
f 7417 7419 7413
f 7413 7419 7416
f 2703 7419 7417
f 6311 7420 6310
f 7415 7420 6311
f 7418 7420 7415
f 7416 7421 7418
f 7419 7421 7416
f 2703 7421 7419
f 6309 7422 2703
f 6310 7422 6309
f 7420 7422 6310
f 7421 7422 7418
f 7418 7422 7420
f 2703 7422 7421
f 2701 6371 2699
f 2699 6371 6898
f 6898 6371 7065
f 7065 6374 7053
f 6371 6374 7065
f 7053 6376 7040
f 6374 6376 7053
f 7040 6378 7038
f 6376 6378 7040
f 7038 6381 7027
f 6378 6381 7038
f 7027 6382 7015
f 6381 6382 7027
f 7015 6386 7004
f 6382 6386 7015
f 6386 6390 7004
f 7004 6390 7002
f 6390 6395 7002
f 7002 6395 6993
f 6993 6396 6983
f 6395 6396 6993
f 6983 6401 6981
f 6396 6401 6983
f 6981 6406 6973
f 6401 6406 6981
f 6973 6408 6964
f 6406 6408 6973
f 6964 6414 6956
f 6408 6414 6964
f 6956 6421 6954
f 6414 6421 6956
f 6954 6428 6947
f 6421 6428 6954
f 6947 6430 6940
f 6428 6430 6947
f 6430 6438 6940
f 6940 6447 6934
f 6934 6447 6932
f 6438 6447 6940
f 6932 6455 6927
f 6447 6455 6932
f 6927 6457 6922
f 6455 6457 6927
f 6922 6467 6921
f 6457 6467 6922
f 6467 6476 6921
f 6921 6478 6916
f 6916 6478 6912
f 6476 6478 6921
f 6912 6489 6908
f 6478 6489 6912
f 6489 6501 6908
f 6908 6512 6907
f 6501 6512 6908
f 6907 6514 6904
f 6904 6514 6902
f 6512 6514 6907
f 6514 6527 6902
f 6902 6539 6900
f 6900 6539 6897
f 6527 6539 6902
f 6539 6372 6897
f 6897 2717 2718
f 6372 2717 6897
# Vertices: 7422, normals: 0, texture coordinates: 0, faces: 14836

