# File generated by FabConvert.com - Free Image and 3D model conversion tools

mtllib nebulite.mtl

o obj1
v 16.74042892 -0.71364421 9.19145298
v 11.05979824 -15.58572769 0
v 16.74042892 -0.71364421 -9.19145298
v 16.0267849 -1.15470052 -10.34615326
v 10.34615326 -16.0267849 -1.15470052
v 1.15470052 -10.34615326 -16.0267849
v 0.71364421 9.19145298 -16.74042892
v 15.58572769 0 -11.05979824
v 0.71364421 -9.19145298 -16.74042892
v 9.19145298 -16.74042892 -0.71364421
v -9.19145298 -16.74042892 -0.71364421
v 0 -11.05979824 -15.58572769
v -1.15470052 -10.34615326 -16.0267849
v -10.34615326 -16.0267849 -1.15470052
v -16.0267849 -1.15470052 -10.34615326
v -0.71364421 9.19145298 -16.74042892
v -0.71364421 -9.19145298 -16.74042892
v -15.58572769 0 -11.05979824
v -11.05979824 -15.58572769 0
v -16.74042892 -0.71364421 9.19145298
v -16.74042892 -0.71364421 -9.19145298
v -16.74042892 0.71364421 -9.19145298
v -16.74042892 0.71364421 9.19145298
v -11.05979824 15.58572769 0
v -1.15470052 10.34615326 -16.0267849
v -16.0267849 1.15470052 -10.34615326
v -10.34615326 16.0267849 -1.15470052
v -16.0267849 1.15470052 10.34615326
v -1.15470052 10.34615326 16.0267849
v -10.34615326 16.0267849 1.15470052
v -9.19145298 16.74042892 0.71364421
v 0 11.05979824 15.58572769
v 9.19145298 16.74042892 0.71364421
v 0 11.05979824 -15.58572769
v -9.19145298 16.74042892 -0.71364421
v 9.19145298 16.74042892 -0.71364421
v 1.15470052 10.34615326 16.0267849
v 16.0267849 1.15470052 10.34615326
v 10.34615326 16.0267849 1.15470052
v 11.05979824 15.58572769 0
v 16.74042892 0.71364421 9.19145298
v 16.74042892 0.71364421 -9.19145298
v 1.15470052 10.34615326 -16.0267849
v 10.34615326 16.0267849 -1.15470052
v 16.0267849 1.15470052 -10.34615326
v 16.0267849 -1.15470052 10.34615326
v 1.15470052 -10.34615326 16.0267849
v 10.34615326 -16.0267849 1.15470052
v -15.58572769 0 11.05979824
v -0.71364421 -9.19145298 16.74042892
v -0.71364421 9.19145298 16.74042892
v 0.71364421 9.19145298 16.74042892
v 0.71364421 -9.19145298 16.74042892
v 15.58572769 0 11.05979824
v -10.34615326 -16.0267849 1.15470052
v -1.15470052 -10.34615326 16.0267849
v -16.0267849 -1.15470052 10.34615326
v 9.19145298 -16.74042892 0.71364421
v 0 -11.05979824 15.58572769
v -9.19145298 -16.74042892 0.71364421
v 10.2325182 16.60808182 0.08335961
v 10.25670052 16.59568977 0
v 10.1809988 16.63992119 0
v 9.19145298 16.87087059 0.0693086
v 9.39267826 16.86365318 0
v 9.31233215 16.86905289 0
v 9.25231647 16.87131691 0
v 9.19145298 16.87208366 0
v 9.7290678 16.5373745 0.96834821
v 9.83968163 16.5083046 0.9503774
v 9.86898994 16.52501869 0.90069133
v 9.80948734 16.49011803 1
v 9.25147629 16.72693062 0.74558479
v 9.31142521 16.71119308 0.77662396
v 9.19145298 16.77327919 0.62078333
v 10.11787128 16.66892624 0.11377493
v 10.11086082 16.67651939 0
v 10.20875835 16.61601639 0.15840171
v 10.00787163 16.71970177 0.10548898
v 10.04609776 16.70677567 0
v 9.97976875 16.73441315 0
v 9.91186237 16.75936317 0
v 10.08526611 16.67187119 0.23071475
v 10.18572617 16.62047958 0.22592394
v 10.16110229 16.62234306 0.29340434
v 10.13485909 16.62154388 0.36081687
v 9.98291588 16.71879578 0.21622993
v 9.7614584 16.80082703 0.09590895
v 9.84236622 16.78155518 0
v 9.7712698 16.80091476 0
v 9.69860554 16.81780052 0
v 9.62442398 16.83264351 0
v 9.99487782 16.65656471 0.47359052
v 10.10696888 16.61802101 0.42813554
v 10.07740307 16.61171341 0.49533433
v 10.04628944 16.60292053 0.56256312
v 10.01378536 16.59200668 0.62999946
v 9.74579811 16.7963295 0.19829875
v 9.90282345 16.6992836 0.45237103
v 9.87588215 16.61091805 0.7226181
v 9.97984791 16.57886505 0.69758725
v 9.94443226 16.56339264 0.76526976
v 9.90749454 16.54547882 0.83299005
v 9.68668747 16.77149582 0.41943935
v 9.79101467 16.65157318 0.69740993
v 9.64734077 16.58057594 0.93434006
v 9.56451035 16.61964035 0.89806956
v 9.60159874 16.72079468 0.64871001
v 9.48077869 16.65448761 0.8596307
v 9.39634991 16.68503189 0.81911755
v 9.47969723 16.84753418 0.16560274
v 9.54871464 16.84531975 0
v 9.47146988 16.85569954 0
v 9.19145298 16.86724472 0.1385317
v 9.47300053 16.84301949 0.21892169
v 9.19145298 16.85796928 0.23659413
v 9.45683956 16.83074951 0.31997418
v 9.19145298 16.84389114 0.33408478
v 9.44632244 16.82180595 0.37551919
v 9.43479443 16.81114578 0.43143404
v 9.19145298 16.82505417 0.43076935
v 9.4118681 16.78722572 0.53452134
v 9.19145298 16.80150414 0.52641362
v 9.3989563 16.77211571 0.58966601
v 10.31587791 16.55656242 0.05151906
v 10.3671608 16.5181179 0.09789763
v 9.86518478 16.45448303 1.02081144
v 10.75827312 15.90128994 0.69694239
v 10.79005909 15.9209404 0.58736557
v 10.76968098 15.9683609 0.55665791
v 10.80948734 15.87208366 0.61803401
v 9.92006683 16.41693687 1.04038942
v 10.39783478 16.01844215 1.10926223
v 10.44805717 16.00871658 1.06248522
v 10.28117943 16.09979248 1.14243078
v 10.38117599 16.48898697 0.24807854
v 10.4116497 16.48085022 0.13962866
v 10.45450687 16.44100952 0.18133384
v 10.49567604 16.39854622 0.2229971
v 10.3327837 16.50256538 0.34986737
v 10.52774334 16.32723618 0.38860399
v 10.53510475 16.35341835 0.26460236
v 10.57273769 16.30558014 0.30613351
v 10.60885239 16.25523758 0.34768316
v 10.64378452 16.20264435 0.38936111
v 10.47774982 16.34395981 0.47787943
v 10.22367764 16.50098419 0.57492638
v 10.65560722 16.1290226 0.53900403
v 10.67743492 16.14773178 0.43113267
v 10.70970154 16.09042931 0.47296277
v 10.74048424 16.03066254 0.51481622
v 10.60534286 16.14829063 0.62020028
v 10.70324707 15.92798996 0.7741524
v 10.64455986 15.95213318 0.84948784
v 10.36535454 16.3520565 0.67866713
v 10.09710979 16.46239471 0.8143279
v 9.99653435 16.36040115 1.06605422
v 10.49262714 16.1701088 0.79300326
v 10.58236504 15.97366905 0.92277259
v 10.51681328 15.99254704 0.99383044
v 10.23599529 16.32871628 0.89102781
v 10.07105541 16.30026627 1.08914149
v 10.14345455 16.2366848 1.10960054
v 10.36427402 16.17195511 0.96724886
v 10.21355438 16.16980934 1.12738061
v 10.31587791 16.55656242 -0.05151906
v 10.3671608 16.5181179 -0.09789763
v 10.84316063 15.85006046 0.56158763
v 10.85674381 15.84043217 -0.53761411
v 10.76968098 15.9683609 -0.55665791
v 10.74048424 16.03066254 -0.51481622
v 10.79005909 15.9209404 -0.58736557
v 10.80948734 15.87208366 -0.61803401
v 11.04629993 15.61766815 -0.06002299
v 11.0305624 15.64870739 -0.11997194
v 11.03994465 15.63084888 0.08527776
v 10.48666573 16.42379189 0.07739378
v 10.54901314 16.368927 0
v 10.4116497 16.48085022 -0.13962866
v 10.45450687 16.44100952 -0.18133384
v 10.49567604 16.39854622 -0.2229971
v 10.62365246 16.2679615 0.23342003
v 10.67604828 16.22140312 -0.15702531
v 10.53510475 16.35341835 -0.26460236
v 10.57273769 16.30558014 -0.30613351
v 10.60885239 16.25523758 -0.34768316
v 10.64378452 16.20264435 -0.38936111
v 10.67604828 16.22140312 0.15702531
v 10.74800873 16.07191467 0.38949528
v 10.87483883 15.82685566 0.50446439
v 10.79452038 16.03137207 -0.31410509
v 10.89994526 15.80642414 -0.45588756
v 10.93901062 15.77015305 -0.37305719
v 10.67743492 16.14773178 -0.43113267
v 10.70970154 16.09042931 -0.47296277
v 10.78479385 16.09282875 -0
v 10.79452038 16.03137207 0.31410509
v 10.91636467 15.79191494 0.42226359
v 10.88470554 15.9277916 -0.15860701
v 10.97385693 15.73171425 -0.28932586
v 11.00440121 15.69120121 -0.20489648
v 10.88470554 15.9277916 0.15860701
v 10.95372105 15.7547493 0.33904168
v 10.98682499 15.7154541 0.25500149
v 10.96206665 15.80249977 0
v 11.01559353 15.67412281 0.17034587
v 10.2325182 16.60808182 -0.08335961
v 10.20875835 16.61601639 -0.15840171
v 10.77385235 15.89289474 -0.67373127
v 9.88839531 16.43890381 -1.02920616
v 9.86898994 16.52501869 -0.90069133
v 9.90749454 16.54547882 -0.83299005
v 9.83968163 16.5083046 -0.9503774
v 9.80948734 16.49011803 -1
v 10.30071545 16.07846451 -1.14635849
v 10.25393867 16.1286869 -1.13663197
v 10.4191618 16.01451492 -1.08972621
v 10.38117599 16.48898697 -0.24807854
v 10.3327837 16.50256538 -0.34986737
v 10.18572617 16.62047958 -0.22592394
v 10.16110229 16.62234306 -0.29340434
v 10.13485909 16.62154388 -0.36081687
v 10.52774334 16.32723618 -0.38860399
v 10.47774982 16.34395981 -0.47787943
v 10.22367764 16.50098419 -0.57492638
v 10.10696888 16.61802101 -0.42813554
v 10.07740307 16.61171341 -0.49533433
v 10.04628944 16.60292053 -0.56256312
v 10.01378536 16.59200668 -0.62999946
v 10.65560722 16.1290226 -0.53900403
v 10.73630714 15.91247272 -0.72861332
v 10.60534286 16.14829063 -0.62020028
v 10.67977142 15.93813801 -0.80508089
v 10.36535454 16.3520565 -0.67866713
v 10.49262714 16.1701088 -0.79300326
v 10.61963654 15.96122551 -0.87960213
v 10.55605507 15.98168373 -0.95200092
v 10.10279751 16.45759201 -0.8172406
v 9.96560574 16.3838768 -1.05590641
v 9.97984791 16.57886505 -0.69758725
v 9.94443226 16.56339264 -0.76526976
v 10.14094257 16.42397308 -0.83734214
v 10.04094124 16.3251915 -1.08004987
v 10.21022511 16.35627174 -0.87604225
v 10.11422539 16.26299477 -1.10158587
v 10.24673271 16.31683922 -0.89734143
v 10.28237152 16.27582359 -0.91845745
v 10.18528366 16.19744301 -1.12046349
v 10.34587097 16.19649696 -0.95632529
v 10.48917961 15.99946404 -1.02210104
v 0.08335961 10.2325182 -16.60808182
v 0 10.1809988 -16.63992119
v 0 10.25670052 -16.59568977
v 0.97797644 9.75304127 -16.52379036
v 0.90069133 9.86898994 -16.52501869
v 0.9503774 9.83968163 -16.5083046
v 1 9.80948734 -16.49011803
v 0.0984703 9.19145298 -16.86963844
v 0 9.25231647 -16.87131691
v 0 9.31233215 -16.86905289
v 0 9.19145298 -16.87208366
v 0.64846551 9.19145298 -16.76402664
v 0.58250529 9.19145298 -16.78533936
v 0.75876564 9.27673054 -16.72057533
v 0.11377493 10.11787128 -16.66892624
v 0.15840171 10.20875835 -16.61601639
v 0 10.11086082 -16.67651939
v 0.10548898 10.00787163 -16.71970177
v 0 10.04609776 -16.70677567
v 0 9.97976875 -16.73441315
v 0 9.91186237 -16.75936317
v 0.23071475 10.08526611 -16.67187119
v 0.22592394 10.18572617 -16.62047958
v 0.29340434 10.16110229 -16.62234306
v 0.36081687 10.13485909 -16.62154388
v 0.21622993 9.98291588 -16.71879578
v 0.09590895 9.7614584 -16.80082703
v 0 9.84236622 -16.78155518
v 0 9.7712698 -16.80091476
v 0 9.69860554 -16.81780052
v 0 9.62442398 -16.83264351
v 0.47359052 9.99487782 -16.65656471
v 0.42813554 10.10696888 -16.61802101
v 0.49533433 10.07740307 -16.61171341
v 0.56256312 10.04628944 -16.60292053
v 0.62999946 10.01378536 -16.59200668
v 0.19829875 9.74579811 -16.7963295
v 0.45237103 9.90282345 -16.6992836
v 0.0924015 9.48638725 -16.8516407
v 0 9.54871464 -16.84531975
v 0 9.47146988 -16.85569954
v 0 9.39267826 -16.86365318
v 0.7226181 9.87588215 -16.61091805
v 0.69758725 9.97984791 -16.57886505
v 0.76526976 9.94443226 -16.56339264
v 0.83299005 9.90749454 -16.54547882
v 0.95477217 9.69591713 -16.55546951
v 0.1891772 9.47690964 -16.84569931
v 0.19669852 9.19145298 -16.86232948
v 0.2944504 9.19145298 -16.85020256
v 0.41943935 9.68668747 -16.77149582
v 0.69740993 9.79101467 -16.65157318
v 0.91983098 9.61371708 -16.59699631
v 0.39207846 9.44299221 -16.81881905
v 0.39149165 9.19145298 -16.83329964
v 0.48758805 9.19145298 -16.81166458
v 0.64871001 9.60159874 -16.72079468
v 0.88266575 9.53049469 -16.63435173
v 0.84337044 9.446455 -16.66745567
v 0.59779263 9.39702511 -16.76974869
v 0.80203909 9.36179924 -16.69622421
v -0.08335961 10.2325182 -16.60808182
v -0.0693086 9.19145298 -16.87087059
v -0.96834821 9.7290678 -16.5373745
v -0.9503774 9.83968163 -16.5083046
v -0.90069133 9.86898994 -16.52501869
v -1 9.80948734 -16.49011803
v -0.74558479 9.25147629 -16.72693062
v -0.77662396 9.31142521 -16.71119308
v -0.62078333 9.19145298 -16.77327919
v -0.11377493 10.11787128 -16.66892624
v -0.15840171 10.20875835 -16.61601639
v -0.10548898 10.00787163 -16.71970177
v -0.23071475 10.08526611 -16.67187119
v -0.22592394 10.18572617 -16.62047958
v -0.29340434 10.16110229 -16.62234306
v -0.36081687 10.13485909 -16.62154388
v -0.21622993 9.98291588 -16.71879578
v -0.09590895 9.7614584 -16.80082703
v -0.47359052 9.99487782 -16.65656471
v -0.42813554 10.10696888 -16.61802101
v -0.49533433 10.07740307 -16.61171341
v -0.56256312 10.04628944 -16.60292053
v -0.62999946 10.01378536 -16.59200668
v -0.19829875 9.74579811 -16.7963295
v -0.45237103 9.90282345 -16.6992836
v -0.7226181 9.87588215 -16.61091805
v -0.69758725 9.97984791 -16.57886505
v -0.76526976 9.94443226 -16.56339264
v -0.83299005 9.90749454 -16.54547882
v -0.41943935 9.68668747 -16.77149582
v -0.69740993 9.79101467 -16.65157318
v -0.93434006 9.64734077 -16.58057594
v -0.89806956 9.56451035 -16.61964035
v -0.64871001 9.60159874 -16.72079468
v -0.8596307 9.48077869 -16.65448761
v -0.81911755 9.39634991 -16.68503189
v -0.16560274 9.47969723 -16.84753418
v -0.1385317 9.19145298 -16.86724472
v -0.21892169 9.47300053 -16.84301949
v -0.23659413 9.19145298 -16.85796928
v -0.31997418 9.45683956 -16.83074951
v -0.33408478 9.19145298 -16.84389114
v -0.37551919 9.44632244 -16.82180595
v -0.43143404 9.43479443 -16.81114578
v -0.43076935 9.19145298 -16.82505417
v -0.53452134 9.4118681 -16.78722572
v -0.52641362 9.19145298 -16.80150414
v -0.58966601 9.3989563 -16.77211571
v -0.05151906 10.31587791 -16.55656242
v -0.09789763 10.3671608 -16.5181179
v -1.02081144 9.86518478 -16.45448303
v -0.69694239 10.75827312 -15.90128994
v -0.58736557 10.79005909 -15.9209404
v -0.55665791 10.76968098 -15.9683609
v -0.61803401 10.80948734 -15.87208366
v -1.04038942 9.92006683 -16.41693687
v -1.10926223 10.39783478 -16.01844215
v -1.06248522 10.44805717 -16.00871658
v -1.14243078 10.28117943 -16.09979248
v -0.24807854 10.38117599 -16.48898697
v -0.13962866 10.4116497 -16.48085022
v -0.18133384 10.45450687 -16.44100952
v -0.2229971 10.49567604 -16.39854622
v -0.34986737 10.3327837 -16.50256538
v -0.38860399 10.52774334 -16.32723618
v -0.26460236 10.53510475 -16.35341835
v -0.30613351 10.57273769 -16.30558014
v -0.34768316 10.60885239 -16.25523758
v -0.38936111 10.64378452 -16.20264435
v -0.47787943 10.47774982 -16.34395981
v -0.57492638 10.22367764 -16.50098419
v -0.53900403 10.65560722 -16.1290226
v -0.43113267 10.67743492 -16.14773178
v -0.47296277 10.70970154 -16.09042931
v -0.51481622 10.74048424 -16.03066254
v -0.62020028 10.60534286 -16.14829063
v -0.7741524 10.70324707 -15.92798996
v -0.84948784 10.64455986 -15.95213318
v -0.67866713 10.36535454 -16.3520565
v -0.8143279 10.09710979 -16.46239471
v -1.06605422 9.99653435 -16.36040115
v -0.79300326 10.49262714 -16.1701088
v -0.92277259 10.58236504 -15.97366905
v -0.99383044 10.51681328 -15.99254704
v -0.89102781 10.23599529 -16.32871628
v -1.08914149 10.07105541 -16.30026627
v -1.10960054 10.14345455 -16.2366848
v -0.96724886 10.36427402 -16.17195511
v -1.12738061 10.21355438 -16.16980934
v 0.05151906 10.31587791 -16.55656242
v 0.09789763 10.3671608 -16.5181179
v -0.56158763 10.84316063 -15.85006046
v 0.53761411 10.85674381 -15.84043217
v 0.55665791 10.76968098 -15.9683609
v 0.51481622 10.74048424 -16.03066254
v 0.58736557 10.79005909 -15.9209404
v 0.61803401 10.80948734 -15.87208366
v 0.06002299 11.04629993 -15.61766815
v 0.11997194 11.0305624 -15.64870739
v -0.08527776 11.03994465 -15.63084888
v -0.07739378 10.48666573 -16.42379189
v 0 10.54901314 -16.368927
v 0.13962866 10.4116497 -16.48085022
v 0.18133384 10.45450687 -16.44100952
v 0.2229971 10.49567604 -16.39854622
v -0.23342003 10.62365246 -16.2679615
v 0.15702531 10.67604828 -16.22140312
v 0.26460236 10.53510475 -16.35341835
v 0.30613351 10.57273769 -16.30558014
v 0.34768316 10.60885239 -16.25523758
v 0.38936111 10.64378452 -16.20264435
v -0.15702531 10.67604828 -16.22140312
v -0.38949528 10.74800873 -16.07191467
v -0.50446439 10.87483883 -15.82685566
v 0.31410509 10.79452038 -16.03137207
v 0.45588756 10.89994526 -15.80642414
v 0.37305719 10.93901062 -15.77015305
v 0.43113267 10.67743492 -16.14773178
v 0.47296277 10.70970154 -16.09042931
v 0 10.78479385 -16.09282875
v -0.31410509 10.79452038 -16.03137207
v -0.42226359 10.91636467 -15.79191494
v 0.15860701 10.88470554 -15.9277916
v 0.28932586 10.97385693 -15.73171425
v 0.20489648 11.00440121 -15.69120121
v -0.15860701 10.88470554 -15.9277916
v -0.33904168 10.95372105 -15.7547493
v -0.25500149 10.98682499 -15.7154541
v -0 10.96206665 -15.80249977
v -0.17034587 11.01559353 -15.67412281
v -10.2325182 16.60808182 -0.08335961
v -10.31587791 16.55656242 -0.05151906
v -10.25670052 16.59568977 0
v -10.3671608 16.5181179 -0.09789763
v -10.20875835 16.61601639 -0.15840171
v -9.86518478 16.45448303 -1.02081144
v -9.90749454 16.54547882 -0.83299005
v -9.86898994 16.52501869 -0.90069133
v -9.83968163 16.5083046 -0.9503774
v -9.80948734 16.49011803 -1
v -10.75827312 15.90128994 -0.69694239
v -10.79005909 15.9209404 -0.58736557
v -10.76968098 15.9683609 -0.55665791
v -10.80948734 15.87208366 -0.61803401
v -9.92006683 16.41693687 -1.04038942
v -10.39783478 16.01844215 -1.10926223
v -10.44805717 16.00871658 -1.06248522
v -10.28117943 16.09979248 -1.14243078
v -10.38117599 16.48898697 -0.24807854
v -10.4116497 16.48085022 -0.13962866
v -10.45450687 16.44100952 -0.18133384
v -10.49567604 16.39854622 -0.2229971
v -10.3327837 16.50256538 -0.34986737
v -10.18572617 16.62047958 -0.22592394
v -10.16110229 16.62234306 -0.29340434
v -10.13485909 16.62154388 -0.36081687
v -10.52774334 16.32723618 -0.38860399
v -10.53510475 16.35341835 -0.26460236
v -10.57273769 16.30558014 -0.30613351
v -10.60885239 16.25523758 -0.34768316
v -10.64378452 16.20264435 -0.38936111
v -10.47774982 16.34395981 -0.47787943
v -10.22367764 16.50098419 -0.57492638
v -10.10696888 16.61802101 -0.42813554
v -10.07740307 16.61171341 -0.49533433
v -10.04628944 16.60292053 -0.56256312
v -10.01378536 16.59200668 -0.62999946
v -10.65560722 16.1290226 -0.53900403
v -10.67743492 16.14773178 -0.43113267
v -10.70970154 16.09042931 -0.47296277
v -10.74048424 16.03066254 -0.51481622
v -10.60534286 16.14829063 -0.62020028
v -10.70324707 15.92798996 -0.7741524
v -10.64455986 15.95213318 -0.84948784
v -10.36535454 16.3520565 -0.67866713
v -10.09710979 16.46239471 -0.8143279
v -9.97984791 16.57886505 -0.69758725
v -9.94443226 16.56339264 -0.76526976
v -9.99653435 16.36040115 -1.06605422
v -10.49262714 16.1701088 -0.79300326
v -10.58236504 15.97366905 -0.92277259
v -10.51681328 15.99254704 -0.99383044
v -10.23599529 16.32871628 -0.89102781
v -10.07105541 16.30026627 -1.08914149
v -10.14345455 16.2366848 -1.10960054
v -10.36427402 16.17195511 -0.96724886
v -10.21355438 16.16980934 -1.12738061
v -10.31587791 16.55656242 0.05151906
v -10.3671608 16.5181179 0.09789763
v -10.84316063 15.85006046 -0.56158763
v -10.85674381 15.84043217 0.53761411
v -10.76968098 15.9683609 0.55665791
v -10.74048424 16.03066254 0.51481622
v -10.79005909 15.9209404 0.58736557
v -10.80948734 15.87208366 0.61803401
v -11.04629993 15.61766815 0.06002299
v -11.0305624 15.64870739 0.11997194
v -11.03994465 15.63084888 -0.08527776
v -10.48666573 16.42379189 -0.07739378
v -10.54901314 16.368927 0
v -10.4116497 16.48085022 0.13962866
v -10.45450687 16.44100952 0.18133384
v -10.49567604 16.39854622 0.2229971
v -10.62365246 16.2679615 -0.23342003
v -10.67604828 16.22140312 0.15702531
v -10.53510475 16.35341835 0.26460236
v -10.57273769 16.30558014 0.30613351
v -10.60885239 16.25523758 0.34768316
v -10.64378452 16.20264435 0.38936111
v -10.67604828 16.22140312 -0.15702531
v -10.74800873 16.07191467 -0.38949528
v -10.87483883 15.82685566 -0.50446439
v -10.79452038 16.03137207 0.31410509
v -10.89994526 15.80642414 0.45588756
v -10.93901062 15.77015305 0.37305719
v -10.67743492 16.14773178 0.43113267
v -10.70970154 16.09042931 0.47296277
v -10.78479385 16.09282875 0
v -10.79452038 16.03137207 -0.31410509
v -10.91636467 15.79191494 -0.42226359
v -10.88470554 15.9277916 0.15860701
v -10.97385693 15.73171425 0.28932586
v -11.00440121 15.69120121 0.20489648
v -10.88470554 15.9277916 -0.15860701
v -10.95372105 15.7547493 -0.33904168
v -10.98682499 15.7154541 -0.25500149
v -10.96206665 15.80249977 -0
v -11.01559353 15.67412281 -0.17034587
v -10.2325182 16.60808182 0.08335961
v -10.20875835 16.61601639 0.15840171
v -10.77385235 15.89289474 0.67373127
v -9.88839531 16.43890381 1.02920616
v -9.86898994 16.52501869 0.90069133
v -9.90749454 16.54547882 0.83299005
v -9.83968163 16.5083046 0.9503774
v -9.80948734 16.49011803 1
v -10.30071545 16.07846451 1.14635849
v -10.25393867 16.1286869 1.13663197
v -10.4191618 16.01451492 1.08972621
v -10.38117599 16.48898697 0.24807854
v -10.3327837 16.50256538 0.34986737
v -10.18572617 16.62047958 0.22592394
v -10.16110229 16.62234306 0.29340434
v -10.13485909 16.62154388 0.36081687
v -10.52774334 16.32723618 0.38860399
v -10.47774982 16.34395981 0.47787943
v -10.22367764 16.50098419 0.57492638
v -10.10696888 16.61802101 0.42813554
v -10.07740307 16.61171341 0.49533433
v -10.04628944 16.60292053 0.56256312
v -10.01378536 16.59200668 0.62999946
v -10.65560722 16.1290226 0.53900403
v -10.73630714 15.91247272 0.72861332
v -10.60534286 16.14829063 0.62020028
v -10.67977142 15.93813801 0.80508089
v -10.36535454 16.3520565 0.67866713
v -10.49262714 16.1701088 0.79300326
v -10.61963654 15.96122551 0.87960213
v -10.55605507 15.98168373 0.95200092
v -10.10279751 16.45759201 0.8172406
v -9.96560574 16.3838768 1.05590641
v -9.97984791 16.57886505 0.69758725
v -9.94443226 16.56339264 0.76526976
v -10.14094257 16.42397308 0.83734214
v -10.04094124 16.3251915 1.08004987
v -10.21022511 16.35627174 0.87604225
v -10.11422539 16.26299477 1.10158587
v -10.24673271 16.31683922 0.89734143
v -10.28237152 16.27582359 0.91845745
v -10.18528366 16.19744301 1.12046349
v -10.34587097 16.19649696 0.95632529
v -10.48917961 15.99946404 1.02210104
v -10.1809988 16.63992119 0
v -9.75304127 16.52379036 0.97797644
v -9.19145298 16.86963844 0.0984703
v -9.25231647 16.87131691 0
v -9.31233215 16.86905289 0
v -9.19145298 16.87208366 0
v -9.19145298 16.76402664 0.64846551
v -9.19145298 16.78533936 0.58250529
v -9.27673054 16.72057533 0.75876564
v -10.11787128 16.66892624 0.11377493
v -10.11086082 16.67651939 0
v -10.00787163 16.71970177 0.10548898
v -10.04609776 16.70677567 0
v -9.97976875 16.73441315 0
v -9.91186237 16.75936317 0
v -10.08526611 16.67187119 0.23071475
v -9.98291588 16.71879578 0.21622993
v -9.7614584 16.80082703 0.09590895
v -9.84236622 16.78155518 0
v -9.7712698 16.80091476 0
v -9.69860554 16.81780052 0
v -9.62442398 16.83264351 0
v -9.99487782 16.65656471 0.47359052
v -9.74579811 16.7963295 0.19829875
v -9.90282345 16.6992836 0.45237103
v -9.48638725 16.8516407 0.0924015
v -9.54871464 16.84531975 0
v -9.47146988 16.85569954 0
v -9.39267826 16.86365318 0
v -9.87588215 16.61091805 0.7226181
v -9.69591713 16.55546951 0.95477217
v -9.47690964 16.84569931 0.1891772
v -9.19145298 16.86232948 0.19669852
v -9.19145298 16.85020256 0.2944504
v -9.68668747 16.77149582 0.41943935
v -9.79101467 16.65157318 0.69740993
v -9.61371708 16.59699631 0.91983098
v -9.44299221 16.81881905 0.39207846
v -9.19145298 16.83329964 0.39149165
v -9.19145298 16.81166458 0.48758805
v -9.60159874 16.72079468 0.64871001
v -9.53049469 16.63435173 0.88266575
v -9.446455 16.66745567 0.84337044
v -9.39702511 16.76974869 0.59779263
v -9.36179924 16.69622421 0.80203909
v -0.08335961 10.2325182 16.60808182
v 0 10.25670052 16.59568977
v -0.05151906 10.31587791 16.55656242
v -0.09789763 10.3671608 16.5181179
v -0.15840171 10.20875835 16.61601639
v -0.67373127 10.77385235 15.89289474
v -0.55665791 10.76968098 15.9683609
v -0.58736557 10.79005909 15.9209404
v -0.61803401 10.80948734 15.87208366
v -1.02920616 9.88839531 16.43890381
v -0.90069133 9.86898994 16.52501869
v -0.83299005 9.90749454 16.54547882
v -0.9503774 9.83968163 16.5083046
v -1 9.80948734 16.49011803
v -1.14635849 10.30071545 16.07846451
v -1.13663197 10.25393867 16.1286869
v -1.08972621 10.4191618 16.01451492
v -0.24807854 10.38117599 16.48898697
v -0.13962866 10.4116497 16.48085022
v -0.18133384 10.45450687 16.44100952
v -0.2229971 10.49567604 16.39854622
v -0.34986737 10.3327837 16.50256538
v -0.22592394 10.18572617 16.62047958
v -0.29340434 10.16110229 16.62234306
v -0.36081687 10.13485909 16.62154388
v -0.38860399 10.52774334 16.32723618
v -0.26460236 10.53510475 16.35341835
v -0.30613351 10.57273769 16.30558014
v -0.34768316 10.60885239 16.25523758
v -0.38936111 10.64378452 16.20264435
v -0.47787943 10.47774982 16.34395981
v -0.57492638 10.22367764 16.50098419
v -0.42813554 10.10696888 16.61802101
v -0.49533433 10.07740307 16.61171341
v -0.56256312 10.04628944 16.60292053
v -0.62999946 10.01378536 16.59200668
v -0.53900403 10.65560722 16.1290226
v -0.43113267 10.67743492 16.14773178
v -0.47296277 10.70970154 16.09042931
v -0.51481622 10.74048424 16.03066254
v -0.72861332 10.73630714 15.91247272
v -0.62020028 10.60534286 16.14829063
v -0.80508089 10.67977142 15.93813801
v -0.67866713 10.36535454 16.3520565
v -0.79300326 10.49262714 16.1701088
v -0.87960213 10.61963654 15.96122551
v -0.95200092 10.55605507 15.98168373
v -0.8172406 10.10279751 16.45759201
v -1.05590641 9.96560574 16.3838768
v -0.69758725 9.97984791 16.57886505
v -0.76526976 9.94443226 16.56339264
v -0.83734214 10.14094257 16.42397308
v -1.08004987 10.04094124 16.3251915
v -0.87604225 10.21022511 16.35627174
v -1.10158587 10.11422539 16.26299477
v -0.89734143 10.24673271 16.31683922
v -0.91845745 10.28237152 16.27582359
v -1.12046349 10.18528366 16.19744301
v -0.95632529 10.34587097 16.19649696
v -1.02210104 10.48917961 15.99946404
v 0 10.1809988 16.63992119
v -0.97797644 9.75304127 16.52379036
v -0.0984703 9.19145298 16.86963844
v 0 9.25231647 16.87131691
v 0 9.31233215 16.86905289
v 0 9.19145298 16.87208366
v -0.64846551 9.19145298 16.76402664
v -0.58250529 9.19145298 16.78533936
v -0.75876564 9.27673054 16.72057533
v -0.11377493 10.11787128 16.66892624
v 0 10.11086082 16.67651939
v -0.10548898 10.00787163 16.71970177
v 0 10.04609776 16.70677567
v 0 9.97976875 16.73441315
v 0 9.91186237 16.75936317
v -0.23071475 10.08526611 16.67187119
v -0.21622993 9.98291588 16.71879578
v -0.09590895 9.7614584 16.80082703
v 0 9.84236622 16.78155518
v 0 9.7712698 16.80091476
v 0 9.69860554 16.81780052
v 0 9.62442398 16.83264351
v -0.47359052 9.99487782 16.65656471
v -0.19829875 9.74579811 16.7963295
v -0.45237103 9.90282345 16.6992836
v -0.0924015 9.48638725 16.8516407
v 0 9.54871464 16.84531975
v 0 9.47146988 16.85569954
v 0 9.39267826 16.86365318
v -0.7226181 9.87588215 16.61091805
v -0.95477217 9.69591713 16.55546951
v -0.1891772 9.47690964 16.84569931
v -0.19669852 9.19145298 16.86232948
v -0.2944504 9.19145298 16.85020256
v -0.41943935 9.68668747 16.77149582
v -0.69740993 9.79101467 16.65157318
v -0.91983098 9.61371708 16.59699631
v -0.39207846 9.44299221 16.81881905
v -0.39149165 9.19145298 16.83329964
v -0.48758805 9.19145298 16.81166458
v -0.64871001 9.60159874 16.72079468
v -0.88266575 9.53049469 16.63435173
v -0.84337044 9.446455 16.66745567
v -0.59779263 9.39702511 16.76974869
v -0.80203909 9.36179924 16.69622421
v 0.08335961 10.2325182 16.60808182
v 0.0693086 9.19145298 16.87087059
v 0.96834821 9.7290678 16.5373745
v 0.9503774 9.83968163 16.5083046
v 0.90069133 9.86898994 16.52501869
v 1 9.80948734 16.49011803
v 0.74558479 9.25147629 16.72693062
v 0.77662396 9.31142521 16.71119308
v 0.62078333 9.19145298 16.77327919
v 0.11377493 10.11787128 16.66892624
v 0.15840171 10.20875835 16.61601639
v 0.10548898 10.00787163 16.71970177
v 0.23071475 10.08526611 16.67187119
v 0.22592394 10.18572617 16.62047958
v 0.29340434 10.16110229 16.62234306
v 0.36081687 10.13485909 16.62154388
v 0.21622993 9.98291588 16.71879578
v 0.09590895 9.7614584 16.80082703
v 0.47359052 9.99487782 16.65656471
v 0.42813554 10.10696888 16.61802101
v 0.49533433 10.07740307 16.61171341
v 0.56256312 10.04628944 16.60292053
v 0.62999946 10.01378536 16.59200668
v 0.19829875 9.74579811 16.7963295
v 0.45237103 9.90282345 16.6992836
v 0.7226181 9.87588215 16.61091805
v 0.69758725 9.97984791 16.57886505
v 0.76526976 9.94443226 16.56339264
v 0.83299005 9.90749454 16.54547882
v 0.41943935 9.68668747 16.77149582
v 0.69740993 9.79101467 16.65157318
v 0.93434006 9.64734077 16.58057594
v 0.89806956 9.56451035 16.61964035
v 0.64871001 9.60159874 16.72079468
v 0.8596307 9.48077869 16.65448761
v 0.81911755 9.39634991 16.68503189
v 0.16560274 9.47969723 16.84753418
v 0.1385317 9.19145298 16.86724472
v 0.21892169 9.47300053 16.84301949
v 0.23659413 9.19145298 16.85796928
v 0.31997418 9.45683956 16.83074951
v 0.33408478 9.19145298 16.84389114
v 0.37551919 9.44632244 16.82180595
v 0.43143404 9.43479443 16.81114578
v 0.43076935 9.19145298 16.82505417
v 0.53452134 9.4118681 16.78722572
v 0.52641362 9.19145298 16.80150414
v 0.58966601 9.3989563 16.77211571
v 0.05151906 10.31587791 16.55656242
v 0.09789763 10.3671608 16.5181179
v 1.02081144 9.86518478 16.45448303
v 0.69694239 10.75827312 15.90128994
v 0.58736557 10.79005909 15.9209404
v 0.55665791 10.76968098 15.9683609
v 0.61803401 10.80948734 15.87208366
v 1.04038942 9.92006683 16.41693687
v 1.10926223 10.39783478 16.01844215
v 1.06248522 10.44805717 16.00871658
v 1.14243078 10.28117943 16.09979248
v 0.24807854 10.38117599 16.48898697
v 0.13962866 10.4116497 16.48085022
v 0.18133384 10.45450687 16.44100952
v 0.2229971 10.49567604 16.39854622
v 0.34986737 10.3327837 16.50256538
v 0.38860399 10.52774334 16.32723618
v 0.26460236 10.53510475 16.35341835
v 0.30613351 10.57273769 16.30558014
v 0.34768316 10.60885239 16.25523758
v 0.38936111 10.64378452 16.20264435
v 0.47787943 10.47774982 16.34395981
v 0.57492638 10.22367764 16.50098419
v 0.53900403 10.65560722 16.1290226
v 0.43113267 10.67743492 16.14773178
v 0.47296277 10.70970154 16.09042931
v 0.51481622 10.74048424 16.03066254
v 0.62020028 10.60534286 16.14829063
v 0.7741524 10.70324707 15.92798996
v 0.84948784 10.64455986 15.95213318
v 0.67866713 10.36535454 16.3520565
v 0.8143279 10.09710979 16.46239471
v 1.06605422 9.99653435 16.36040115
v 0.79300326 10.49262714 16.1701088
v 0.92277259 10.58236504 15.97366905
v 0.99383044 10.51681328 15.99254704
v 0.89102781 10.23599529 16.32871628
v 1.08914149 10.07105541 16.30026627
v 1.10960054 10.14345455 16.2366848
v 0.96724886 10.36427402 16.17195511
v 1.12738061 10.21355438 16.16980934
v 16.55656242 0.05151906 10.31587791
v 16.55656242 -0.05151906 10.31587791
v 16.59568977 0 10.25670052
v 16.5181179 0.09789763 10.3671608
v 16.5181179 -0.09789763 10.3671608
v 15.85006046 0.56158763 10.84316063
v 15.9683609 0.55665791 10.76968098
v 15.9209404 0.58736557 10.79005909
v 15.87208366 0.61803401 10.80948734
v 15.84043217 -0.53761411 10.85674381
v 15.9683609 -0.55665791 10.76968098
v 16.03066254 -0.51481622 10.74048424
v 15.9209404 -0.58736557 10.79005909
v 15.87208366 -0.61803401 10.80948734
v 15.61766815 -0.06002299 11.04629993
v 15.64870739 -0.11997194 11.0305624
v 15.63084888 0.08527776 11.03994465
v 16.42379189 0.07739378 10.48666573
v 16.48085022 0.13962866 10.4116497
v 16.44100952 0.18133384 10.45450687
v 16.39854622 0.2229971 10.49567604
v 16.368927 0 10.54901314
v 16.48085022 -0.13962866 10.4116497
v 16.44100952 -0.18133384 10.45450687
v 16.39854622 -0.2229971 10.49567604
v 16.2679615 0.23342003 10.62365246
v 16.35341835 0.26460236 10.53510475
v 16.30558014 0.30613351 10.57273769
v 16.25523758 0.34768316 10.60885239
v 16.20264435 0.38936111 10.64378452
v 16.22140312 -0.15702531 10.67604828
v 16.35341835 -0.26460236 10.53510475
v 16.30558014 -0.30613351 10.57273769
v 16.25523758 -0.34768316 10.60885239
v 16.20264435 -0.38936111 10.64378452
v 16.22140312 0.15702531 10.67604828
v 16.07191467 0.38949528 10.74800873
v 16.14773178 0.43113267 10.67743492
v 16.09042931 0.47296277 10.70970154
v 16.03066254 0.51481622 10.74048424
v 15.82685566 0.50446439 10.87483883
v 16.03137207 -0.31410509 10.79452038
v 15.80642414 -0.45588756 10.89994526
v 15.77015305 -0.37305719 10.93901062
v 16.14773178 -0.43113267 10.67743492
v 16.09042931 -0.47296277 10.70970154
v 16.09282875 -0 10.78479385
v 16.03137207 0.31410509 10.79452038
v 15.79191494 0.42226359 10.91636467
v 15.9277916 -0.15860701 10.88470554
v 15.73171425 -0.28932586 10.97385693
v 15.69120121 -0.20489648 11.00440121
v 15.9277916 0.15860701 10.88470554
v 15.7547493 0.33904168 10.95372105
v 15.7154541 0.25500149 10.98682499
v 15.80249977 0 10.96206665
v 15.67412281 0.17034587 11.01559353
v 16.60808182 -0.08335961 10.2325182
v 16.61601639 -0.15840171 10.20875835
v 15.89289474 -0.67373127 10.77385235
v 16.43890381 -1.02920616 9.88839531
v 16.52501869 -0.90069133 9.86898994
v 16.54547882 -0.83299005 9.90749454
v 16.5083046 -0.9503774 9.83968163
v 16.49011803 -1 9.80948734
v 16.07846451 -1.14635849 10.30071545
v 16.1286869 -1.13663197 10.25393867
v 16.01451492 -1.08972621 10.4191618
v 16.48898697 -0.24807854 10.38117599
v 16.50256538 -0.34986737 10.3327837
v 16.62047958 -0.22592394 10.18572617
v 16.62234306 -0.29340434 10.16110229
v 16.62154388 -0.36081687 10.13485909
v 16.32723618 -0.38860399 10.52774334
v 16.34395981 -0.47787943 10.47774982
v 16.50098419 -0.57492638 10.22367764
v 16.61802101 -0.42813554 10.10696888
v 16.61171341 -0.49533433 10.07740307
v 16.60292053 -0.56256312 10.04628944
v 16.59200668 -0.62999946 10.01378536
v 16.1290226 -0.53900403 10.65560722
v 15.91247272 -0.72861332 10.73630714
v 16.14829063 -0.62020028 10.60534286
v 15.93813801 -0.80508089 10.67977142
v 16.3520565 -0.67866713 10.36535454
v 16.1701088 -0.79300326 10.49262714
v 15.96122551 -0.87960213 10.61963654
v 15.98168373 -0.95200092 10.55605507
v 16.45759201 -0.8172406 10.10279751
v 16.3838768 -1.05590641 9.96560574
v 16.57886505 -0.69758725 9.97984791
v 16.56339264 -0.76526976 9.94443226
v 16.42397308 -0.83734214 10.14094257
v 16.3251915 -1.08004987 10.04094124
v 16.35627174 -0.87604225 10.21022511
v 16.26299477 -1.10158587 10.11422539
v 16.31683922 -0.89734143 10.24673271
v 16.27582359 -0.91845745 10.28237152
v 16.19744301 -1.12046349 10.18528366
v 16.19649696 -0.95632529 10.34587097
v 15.99946404 -1.02210104 10.48917961
v 16.63992119 0 10.1809988
v 16.52379036 -0.97797644 9.75304127
v 16.86963844 -0.0984703 9.19145298
v 16.87131691 0 9.25231647
v 16.86905289 0 9.31233215
v 16.87208366 0 9.19145298
v 16.76402664 -0.64846551 9.19145298
v 16.78533936 -0.58250529 9.19145298
v 16.72057533 -0.75876564 9.27673054
v 16.66892624 -0.11377493 10.11787128
v 16.67651939 0 10.11086082
v 16.71970177 -0.10548898 10.00787163
v 16.70677567 0 10.04609776
v 16.73441315 0 9.97976875
v 16.75936317 0 9.91186237
v 16.67187119 -0.23071475 10.08526611
v 16.71879578 -0.21622993 9.98291588
v 16.80082703 -0.09590895 9.7614584
v 16.78155518 0 9.84236622
v 16.80091476 0 9.7712698
v 16.81780052 0 9.69860554
v 16.83264351 0 9.62442398
v 16.65656471 -0.47359052 9.99487782
v 16.7963295 -0.19829875 9.74579811
v 16.6992836 -0.45237103 9.90282345
v 16.8516407 -0.0924015 9.48638725
v 16.84531975 0 9.54871464
v 16.85569954 0 9.47146988
v 16.86365318 0 9.39267826
v 16.61091805 -0.7226181 9.87588215
v 16.55546951 -0.95477217 9.69591713
v 16.84569931 -0.1891772 9.47690964
v 16.86232948 -0.19669852 9.19145298
v 16.85020256 -0.2944504 9.19145298
v 16.77149582 -0.41943935 9.68668747
v 16.65157318 -0.69740993 9.79101467
v 16.59699631 -0.91983098 9.61371708
v 16.81881905 -0.39207846 9.44299221
v 16.83329964 -0.39149165 9.19145298
v 16.81166458 -0.48758805 9.19145298
v 16.72079468 -0.64871001 9.60159874
v 16.63435173 -0.88266575 9.53049469
v 16.66745567 -0.84337044 9.446455
v 16.76974869 -0.59779263 9.39702511
v 16.69622421 -0.80203909 9.36179924
v 16.60808182 0.08335961 10.2325182
v 16.87087059 0.0693086 9.19145298
v 16.5373745 0.96834821 9.7290678
v 16.5083046 0.9503774 9.83968163
v 16.52501869 0.90069133 9.86898994
v 16.49011803 1 9.80948734
v 16.72693062 0.74558479 9.25147629
v 16.71119308 0.77662396 9.31142521
v 16.77327919 0.62078333 9.19145298
v 16.66892624 0.11377493 10.11787128
v 16.61601639 0.15840171 10.20875835
v 16.71970177 0.10548898 10.00787163
v 16.67187119 0.23071475 10.08526611
v 16.62047958 0.22592394 10.18572617
v 16.62234306 0.29340434 10.16110229
v 16.62154388 0.36081687 10.13485909
v 16.71879578 0.21622993 9.98291588
v 16.80082703 0.09590895 9.7614584
v 16.65656471 0.47359052 9.99487782
v 16.61802101 0.42813554 10.10696888
v 16.61171341 0.49533433 10.07740307
v 16.60292053 0.56256312 10.04628944
v 16.59200668 0.62999946 10.01378536
v 16.7963295 0.19829875 9.74579811
v 16.6992836 0.45237103 9.90282345
v 16.61091805 0.7226181 9.87588215
v 16.57886505 0.69758725 9.97984791
v 16.56339264 0.76526976 9.94443226
v 16.54547882 0.83299005 9.90749454
v 16.77149582 0.41943935 9.68668747
v 16.65157318 0.69740993 9.79101467
v 16.58057594 0.93434006 9.64734077
v 16.61964035 0.89806956 9.56451035
v 16.72079468 0.64871001 9.60159874
v 16.65448761 0.8596307 9.48077869
v 16.68503189 0.81911755 9.39634991
v 16.84753418 0.16560274 9.47969723
v 16.86724472 0.1385317 9.19145298
v 16.84301949 0.21892169 9.47300053
v 16.85796928 0.23659413 9.19145298
v 16.83074951 0.31997418 9.45683956
v 16.84389114 0.33408478 9.19145298
v 16.82180595 0.37551919 9.44632244
v 16.81114578 0.43143404 9.43479443
v 16.82505417 0.43076935 9.19145298
v 16.78722572 0.53452134 9.4118681
v 16.80150414 0.52641362 9.19145298
v 16.77211571 0.58966601 9.3989563
v 16.60808182 -0.08335961 -10.2325182
v 16.59568977 0 -10.25670052
v 16.63992119 0 -10.1809988
v 16.87087059 -0.0693086 -9.19145298
v 16.86365318 0 -9.39267826
v 16.86905289 0 -9.31233215
v 16.87131691 0 -9.25231647
v 16.87208366 0 -9.19145298
v 16.5373745 -0.96834821 -9.7290678
v 16.5083046 -0.9503774 -9.83968163
v 16.52501869 -0.90069133 -9.86898994
v 16.49011803 -1 -9.80948734
v 16.72693062 -0.74558479 -9.25147629
v 16.71119308 -0.77662396 -9.31142521
v 16.77327919 -0.62078333 -9.19145298
v 16.66892624 -0.11377493 -10.11787128
v 16.67651939 0 -10.11086082
v 16.61601639 -0.15840171 -10.20875835
v 16.71970177 -0.10548898 -10.00787163
v 16.70677567 0 -10.04609776
v 16.73441315 0 -9.97976875
v 16.75936317 0 -9.91186237
v 16.67187119 -0.23071475 -10.08526611
v 16.62047958 -0.22592394 -10.18572617
v 16.62234306 -0.29340434 -10.16110229
v 16.62154388 -0.36081687 -10.13485909
v 16.71879578 -0.21622993 -9.98291588
v 16.80082703 -0.09590895 -9.7614584
v 16.78155518 0 -9.84236622
v 16.80091476 0 -9.7712698
v 16.81780052 0 -9.69860554
v 16.83264351 0 -9.62442398
v 16.65656471 -0.47359052 -9.99487782
v 16.61802101 -0.42813554 -10.10696888
v 16.61171341 -0.49533433 -10.07740307
v 16.60292053 -0.56256312 -10.04628944
v 16.59200668 -0.62999946 -10.01378536
v 16.7963295 -0.19829875 -9.74579811
v 16.6992836 -0.45237103 -9.90282345
v 16.61091805 -0.7226181 -9.87588215
v 16.57886505 -0.69758725 -9.97984791
v 16.56339264 -0.76526976 -9.94443226
v 16.54547882 -0.83299005 -9.90749454
v 16.77149582 -0.41943935 -9.68668747
v 16.65157318 -0.69740993 -9.79101467
v 16.58057594 -0.93434006 -9.64734077
v 16.61964035 -0.89806956 -9.56451035
v 16.72079468 -0.64871001 -9.60159874
v 16.65448761 -0.8596307 -9.48077869
v 16.68503189 -0.81911755 -9.39634991
v 16.84753418 -0.16560274 -9.47969723
v 16.84531975 0 -9.54871464
v 16.85569954 0 -9.47146988
v 16.86724472 -0.1385317 -9.19145298
v 16.84301949 -0.21892169 -9.47300053
v 16.85796928 -0.23659413 -9.19145298
v 16.83074951 -0.31997418 -9.45683956
v 16.84389114 -0.33408478 -9.19145298
v 16.82180595 -0.37551919 -9.44632244
v 16.81114578 -0.43143404 -9.43479443
v 16.82505417 -0.43076935 -9.19145298
v 16.78722572 -0.53452134 -9.4118681
v 16.80150414 -0.52641362 -9.19145298
v 16.77211571 -0.58966601 -9.3989563
v 16.55656242 -0.05151906 -10.31587791
v 16.5181179 -0.09789763 -10.3671608
v 16.45448303 -1.02081144 -9.86518478
v 15.90128994 -0.69694239 -10.75827312
v 15.9209404 -0.58736557 -10.79005909
v 15.9683609 -0.55665791 -10.76968098
v 15.87208366 -0.61803401 -10.80948734
v 16.41693687 -1.04038942 -9.92006683
v 16.01844215 -1.10926223 -10.39783478
v 16.00871658 -1.06248522 -10.44805717
v 16.09979248 -1.14243078 -10.28117943
v 16.48898697 -0.24807854 -10.38117599
v 16.48085022 -0.13962866 -10.4116497
v 16.44100952 -0.18133384 -10.45450687
v 16.39854622 -0.2229971 -10.49567604
v 16.50256538 -0.34986737 -10.3327837
v 16.32723618 -0.38860399 -10.52774334
v 16.35341835 -0.26460236 -10.53510475
v 16.30558014 -0.30613351 -10.57273769
v 16.25523758 -0.34768316 -10.60885239
v 16.20264435 -0.38936111 -10.64378452
v 16.34395981 -0.47787943 -10.47774982
v 16.50098419 -0.57492638 -10.22367764
v 16.1290226 -0.53900403 -10.65560722
v 16.14773178 -0.43113267 -10.67743492
v 16.09042931 -0.47296277 -10.70970154
v 16.03066254 -0.51481622 -10.74048424
v 16.14829063 -0.62020028 -10.60534286
v 15.92798996 -0.7741524 -10.70324707
v 15.95213318 -0.84948784 -10.64455986
v 16.3520565 -0.67866713 -10.36535454
v 16.46239471 -0.8143279 -10.09710979
v 16.36040115 -1.06605422 -9.99653435
v 16.1701088 -0.79300326 -10.49262714
v 15.97366905 -0.92277259 -10.58236504
v 15.99254704 -0.99383044 -10.51681328
v 16.32871628 -0.89102781 -10.23599529
v 16.30026627 -1.08914149 -10.07105541
v 16.2366848 -1.10960054 -10.14345455
v 16.17195511 -0.96724886 -10.36427402
v 16.16980934 -1.12738061 -10.21355438
v 16.55656242 0.05151906 -10.31587791
v 16.5181179 0.09789763 -10.3671608
v 15.85006046 -0.56158763 -10.84316063
v 15.84043217 0.53761411 -10.85674381
v 15.9683609 0.55665791 -10.76968098
v 16.03066254 0.51481622 -10.74048424
v 15.9209404 0.58736557 -10.79005909
v 15.87208366 0.61803401 -10.80948734
v 15.61766815 0.06002299 -11.04629993
v 15.64870739 0.11997194 -11.0305624
v 15.63084888 -0.08527776 -11.03994465
v 16.42379189 -0.07739378 -10.48666573
v 16.368927 0 -10.54901314
v 16.48085022 0.13962866 -10.4116497
v 16.44100952 0.18133384 -10.45450687
v 16.39854622 0.2229971 -10.49567604
v 16.2679615 -0.23342003 -10.62365246
v 16.22140312 0.15702531 -10.67604828
v 16.35341835 0.26460236 -10.53510475
v 16.30558014 0.30613351 -10.57273769
v 16.25523758 0.34768316 -10.60885239
v 16.20264435 0.38936111 -10.64378452
v 16.22140312 -0.15702531 -10.67604828
v 16.07191467 -0.38949528 -10.74800873
v 15.82685566 -0.50446439 -10.87483883
v 16.03137207 0.31410509 -10.79452038
v 15.80642414 0.45588756 -10.89994526
v 15.77015305 0.37305719 -10.93901062
v 16.14773178 0.43113267 -10.67743492
v 16.09042931 0.47296277 -10.70970154
v 16.09282875 0 -10.78479385
v 16.03137207 -0.31410509 -10.79452038
v 15.79191494 -0.42226359 -10.91636467
v 15.9277916 0.15860701 -10.88470554
v 15.73171425 0.28932586 -10.97385693
v 15.69120121 0.20489648 -11.00440121
v 15.9277916 -0.15860701 -10.88470554
v 15.7547493 -0.33904168 -10.95372105
v 15.7154541 -0.25500149 -10.98682499
v 15.80249977 -0 -10.96206665
v 15.67412281 -0.17034587 -11.01559353
v 16.60808182 0.08335961 -10.2325182
v 16.61601639 0.15840171 -10.20875835
v 15.89289474 0.67373127 -10.77385235
v 16.43890381 1.02920616 -9.88839531
v 16.52501869 0.90069133 -9.86898994
v 16.54547882 0.83299005 -9.90749454
v 16.5083046 0.9503774 -9.83968163
v 16.49011803 1 -9.80948734
v 16.07846451 1.14635849 -10.30071545
v 16.1286869 1.13663197 -10.25393867
v 16.01451492 1.08972621 -10.4191618
v 16.48898697 0.24807854 -10.38117599
v 16.50256538 0.34986737 -10.3327837
v 16.62047958 0.22592394 -10.18572617
v 16.62234306 0.29340434 -10.16110229
v 16.62154388 0.36081687 -10.13485909
v 16.32723618 0.38860399 -10.52774334
v 16.34395981 0.47787943 -10.47774982
v 16.50098419 0.57492638 -10.22367764
v 16.61802101 0.42813554 -10.10696888
v 16.61171341 0.49533433 -10.07740307
v 16.60292053 0.56256312 -10.04628944
v 16.59200668 0.62999946 -10.01378536
v 16.1290226 0.53900403 -10.65560722
v 15.91247272 0.72861332 -10.73630714
v 16.14829063 0.62020028 -10.60534286
v 15.93813801 0.80508089 -10.67977142
v 16.3520565 0.67866713 -10.36535454
v 16.1701088 0.79300326 -10.49262714
v 15.96122551 0.87960213 -10.61963654
v 15.98168373 0.95200092 -10.55605507
v 16.45759201 0.8172406 -10.10279751
v 16.3838768 1.05590641 -9.96560574
v 16.57886505 0.69758725 -9.97984791
v 16.56339264 0.76526976 -9.94443226
v 16.42397308 0.83734214 -10.14094257
v 16.3251915 1.08004987 -10.04094124
v 16.35627174 0.87604225 -10.21022511
v 16.26299477 1.10158587 -10.11422539
v 16.31683922 0.89734143 -10.24673271
v 16.27582359 0.91845745 -10.28237152
v 16.19744301 1.12046349 -10.18528366
v 16.19649696 0.95632529 -10.34587097
v 15.99946404 1.02210104 -10.48917961
v 0.08335961 -10.2325182 -16.60808182
v 0.05151906 -10.31587791 -16.55656242
v 0 -10.25670052 -16.59568977
v 0.09789763 -10.3671608 -16.5181179
v 0.15840171 -10.20875835 -16.61601639
v 1.02081144 -9.86518478 -16.45448303
v 0.83299005 -9.90749454 -16.54547882
v 0.90069133 -9.86898994 -16.52501869
v 0.9503774 -9.83968163 -16.5083046
v 1 -9.80948734 -16.49011803
v 0.69694239 -10.75827312 -15.90128994
v 0.58736557 -10.79005909 -15.9209404
v 0.55665791 -10.76968098 -15.9683609
v 0.61803401 -10.80948734 -15.87208366
v 1.04038942 -9.92006683 -16.41693687
v 1.10926223 -10.39783478 -16.01844215
v 1.06248522 -10.44805717 -16.00871658
v 1.14243078 -10.28117943 -16.09979248
v 0.24807854 -10.38117599 -16.48898697
v 0.13962866 -10.4116497 -16.48085022
v 0.18133384 -10.45450687 -16.44100952
v 0.2229971 -10.49567604 -16.39854622
v 0.34986737 -10.3327837 -16.50256538
v 0.22592394 -10.18572617 -16.62047958
v 0.29340434 -10.16110229 -16.62234306
v 0.36081687 -10.13485909 -16.62154388
v 0.38860399 -10.52774334 -16.32723618
v 0.26460236 -10.53510475 -16.35341835
v 0.30613351 -10.57273769 -16.30558014
v 0.34768316 -10.60885239 -16.25523758
v 0.38936111 -10.64378452 -16.20264435
v 0.47787943 -10.47774982 -16.34395981
v 0.57492638 -10.22367764 -16.50098419
v 0.42813554 -10.10696888 -16.61802101
v 0.49533433 -10.07740307 -16.61171341
v 0.56256312 -10.04628944 -16.60292053
v 0.62999946 -10.01378536 -16.59200668
v 0.53900403 -10.65560722 -16.1290226
v 0.43113267 -10.67743492 -16.14773178
v 0.47296277 -10.70970154 -16.09042931
v 0.51481622 -10.74048424 -16.03066254
v 0.62020028 -10.60534286 -16.14829063
v 0.7741524 -10.70324707 -15.92798996
v 0.84948784 -10.64455986 -15.95213318
v 0.67866713 -10.36535454 -16.3520565
v 0.8143279 -10.09710979 -16.46239471
v 0.69758725 -9.97984791 -16.57886505
v 0.76526976 -9.94443226 -16.56339264
v 1.06605422 -9.99653435 -16.36040115
v 0.79300326 -10.49262714 -16.1701088
v 0.92277259 -10.58236504 -15.97366905
v 0.99383044 -10.51681328 -15.99254704
v 0.89102781 -10.23599529 -16.32871628
v 1.08914149 -10.07105541 -16.30026627
v 1.10960054 -10.14345455 -16.2366848
v 0.96724886 -10.36427402 -16.17195511
v 1.12738061 -10.21355438 -16.16980934
v -0.05151906 -10.31587791 -16.55656242
v -0.09789763 -10.3671608 -16.5181179
v 0.56158763 -10.84316063 -15.85006046
v -0.53761411 -10.85674381 -15.84043217
v -0.55665791 -10.76968098 -15.9683609
v -0.51481622 -10.74048424 -16.03066254
v -0.58736557 -10.79005909 -15.9209404
v -0.61803401 -10.80948734 -15.87208366
v -0.06002299 -11.04629993 -15.61766815
v -0.11997194 -11.0305624 -15.64870739
v 0.08527776 -11.03994465 -15.63084888
v 0.07739378 -10.48666573 -16.42379189
v 0 -10.54901314 -16.368927
v -0.13962866 -10.4116497 -16.48085022
v -0.18133384 -10.45450687 -16.44100952
v -0.2229971 -10.49567604 -16.39854622
v 0.23342003 -10.62365246 -16.2679615
v -0.15702531 -10.67604828 -16.22140312
v -0.26460236 -10.53510475 -16.35341835
v -0.30613351 -10.57273769 -16.30558014
v -0.34768316 -10.60885239 -16.25523758
v -0.38936111 -10.64378452 -16.20264435
v 0.15702531 -10.67604828 -16.22140312
v 0.38949528 -10.74800873 -16.07191467
v 0.50446439 -10.87483883 -15.82685566
v -0.31410509 -10.79452038 -16.03137207
v -0.45588756 -10.89994526 -15.80642414
v -0.37305719 -10.93901062 -15.77015305
v -0.43113267 -10.67743492 -16.14773178
v -0.47296277 -10.70970154 -16.09042931
v -0 -10.78479385 -16.09282875
v 0.31410509 -10.79452038 -16.03137207
v 0.42226359 -10.91636467 -15.79191494
v -0.15860701 -10.88470554 -15.9277916
v -0.28932586 -10.97385693 -15.73171425
v -0.20489648 -11.00440121 -15.69120121
v 0.15860701 -10.88470554 -15.9277916
v 0.33904168 -10.95372105 -15.7547493
v 0.25500149 -10.98682499 -15.7154541
v 0 -10.96206665 -15.80249977
v 0.17034587 -11.01559353 -15.67412281
v -0.08335961 -10.2325182 -16.60808182
v -0.15840171 -10.20875835 -16.61601639
v -0.67373127 -10.77385235 -15.89289474
v -1.02920616 -9.88839531 -16.43890381
v -0.90069133 -9.86898994 -16.52501869
v -0.83299005 -9.90749454 -16.54547882
v -0.9503774 -9.83968163 -16.5083046
v -1 -9.80948734 -16.49011803
v -1.14635849 -10.30071545 -16.07846451
v -1.13663197 -10.25393867 -16.1286869
v -1.08972621 -10.4191618 -16.01451492
v -0.24807854 -10.38117599 -16.48898697
v -0.34986737 -10.3327837 -16.50256538
v -0.22592394 -10.18572617 -16.62047958
v -0.29340434 -10.16110229 -16.62234306
v -0.36081687 -10.13485909 -16.62154388
v -0.38860399 -10.52774334 -16.32723618
v -0.47787943 -10.47774982 -16.34395981
v -0.57492638 -10.22367764 -16.50098419
v -0.42813554 -10.10696888 -16.61802101
v -0.49533433 -10.07740307 -16.61171341
v -0.56256312 -10.04628944 -16.60292053
v -0.62999946 -10.01378536 -16.59200668
v -0.53900403 -10.65560722 -16.1290226
v -0.72861332 -10.73630714 -15.91247272
v -0.62020028 -10.60534286 -16.14829063
v -0.80508089 -10.67977142 -15.93813801
v -0.67866713 -10.36535454 -16.3520565
v -0.79300326 -10.49262714 -16.1701088
v -0.87960213 -10.61963654 -15.96122551
v -0.95200092 -10.55605507 -15.98168373
v -0.8172406 -10.10279751 -16.45759201
v -1.05590641 -9.96560574 -16.3838768
v -0.69758725 -9.97984791 -16.57886505
v -0.76526976 -9.94443226 -16.56339264
v -0.83734214 -10.14094257 -16.42397308
v -1.08004987 -10.04094124 -16.3251915
v -0.87604225 -10.21022511 -16.35627174
v -1.10158587 -10.11422539 -16.26299477
v -0.89734143 -10.24673271 -16.31683922
v -0.91845745 -10.28237152 -16.27582359
v -1.12046349 -10.18528366 -16.19744301
v -0.95632529 -10.34587097 -16.19649696
v -1.02210104 -10.48917961 -15.99946404
v 0 -10.1809988 -16.63992119
v -0.97797644 -9.75304127 -16.52379036
v -0.0984703 -9.19145298 -16.86963844
v 0 -9.25231647 -16.87131691
v 0 -9.31233215 -16.86905289
v 0 -9.19145298 -16.87208366
v -0.64846551 -9.19145298 -16.76402664
v -0.58250529 -9.19145298 -16.78533936
v -0.75876564 -9.27673054 -16.72057533
v -0.11377493 -10.11787128 -16.66892624
v 0 -10.11086082 -16.67651939
v -0.10548898 -10.00787163 -16.71970177
v 0 -10.04609776 -16.70677567
v 0 -9.97976875 -16.73441315
v 0 -9.91186237 -16.75936317
v -0.23071475 -10.08526611 -16.67187119
v -0.21622993 -9.98291588 -16.71879578
v -0.09590895 -9.7614584 -16.80082703
v 0 -9.84236622 -16.78155518
v 0 -9.7712698 -16.80091476
v 0 -9.69860554 -16.81780052
v 0 -9.62442398 -16.83264351
v -0.47359052 -9.99487782 -16.65656471
v -0.19829875 -9.74579811 -16.7963295
v -0.45237103 -9.90282345 -16.6992836
v -0.0924015 -9.48638725 -16.8516407
v 0 -9.54871464 -16.84531975
v 0 -9.47146988 -16.85569954
v 0 -9.39267826 -16.86365318
v -0.7226181 -9.87588215 -16.61091805
v -0.95477217 -9.69591713 -16.55546951
v -0.1891772 -9.47690964 -16.84569931
v -0.19669852 -9.19145298 -16.86232948
v -0.2944504 -9.19145298 -16.85020256
v -0.41943935 -9.68668747 -16.77149582
v -0.69740993 -9.79101467 -16.65157318
v -0.91983098 -9.61371708 -16.59699631
v -0.39207846 -9.44299221 -16.81881905
v -0.39149165 -9.19145298 -16.83329964
v -0.48758805 -9.19145298 -16.81166458
v -0.64871001 -9.60159874 -16.72079468
v -0.88266575 -9.53049469 -16.63435173
v -0.84337044 -9.446455 -16.66745567
v -0.59779263 -9.39702511 -16.76974869
v -0.80203909 -9.36179924 -16.69622421
v -16.60808182 -0.08335961 -10.2325182
v -16.59568977 0 -10.25670052
v -16.55656242 -0.05151906 -10.31587791
v -16.5181179 -0.09789763 -10.3671608
v -16.61601639 -0.15840171 -10.20875835
v -15.89289474 -0.67373127 -10.77385235
v -15.9683609 -0.55665791 -10.76968098
v -15.9209404 -0.58736557 -10.79005909
v -15.87208366 -0.61803401 -10.80948734
v -16.43890381 -1.02920616 -9.88839531
v -16.52501869 -0.90069133 -9.86898994
v -16.54547882 -0.83299005 -9.90749454
v -16.5083046 -0.9503774 -9.83968163
v -16.49011803 -1 -9.80948734
v -16.07846451 -1.14635849 -10.30071545
v -16.1286869 -1.13663197 -10.25393867
v -16.01451492 -1.08972621 -10.4191618
v -16.48898697 -0.24807854 -10.38117599
v -16.48085022 -0.13962866 -10.4116497
v -16.44100952 -0.18133384 -10.45450687
v -16.39854622 -0.2229971 -10.49567604
v -16.50256538 -0.34986737 -10.3327837
v -16.62047958 -0.22592394 -10.18572617
v -16.62234306 -0.29340434 -10.16110229
v -16.62154388 -0.36081687 -10.13485909
v -16.32723618 -0.38860399 -10.52774334
v -16.35341835 -0.26460236 -10.53510475
v -16.30558014 -0.30613351 -10.57273769
v -16.25523758 -0.34768316 -10.60885239
v -16.20264435 -0.38936111 -10.64378452
v -16.34395981 -0.47787943 -10.47774982
v -16.50098419 -0.57492638 -10.22367764
v -16.61802101 -0.42813554 -10.10696888
v -16.61171341 -0.49533433 -10.07740307
v -16.60292053 -0.56256312 -10.04628944
v -16.59200668 -0.62999946 -10.01378536
v -16.1290226 -0.53900403 -10.65560722
v -16.14773178 -0.43113267 -10.67743492
v -16.09042931 -0.47296277 -10.70970154
v -16.03066254 -0.51481622 -10.74048424
v -15.91247272 -0.72861332 -10.73630714
v -16.14829063 -0.62020028 -10.60534286
v -15.93813801 -0.80508089 -10.67977142
v -16.3520565 -0.67866713 -10.36535454
v -16.1701088 -0.79300326 -10.49262714
v -15.96122551 -0.87960213 -10.61963654
v -15.98168373 -0.95200092 -10.55605507
v -16.45759201 -0.8172406 -10.10279751
v -16.3838768 -1.05590641 -9.96560574
v -16.57886505 -0.69758725 -9.97984791
v -16.56339264 -0.76526976 -9.94443226
v -16.42397308 -0.83734214 -10.14094257
v -16.3251915 -1.08004987 -10.04094124
v -16.35627174 -0.87604225 -10.21022511
v -16.26299477 -1.10158587 -10.11422539
v -16.31683922 -0.89734143 -10.24673271
v -16.27582359 -0.91845745 -10.28237152
v -16.19744301 -1.12046349 -10.18528366
v -16.19649696 -0.95632529 -10.34587097
v -15.99946404 -1.02210104 -10.48917961
v -16.63992119 0 -10.1809988
v -16.52379036 -0.97797644 -9.75304127
v -16.86963844 -0.0984703 -9.19145298
v -16.87131691 0 -9.25231647
v -16.86905289 0 -9.31233215
v -16.87208366 0 -9.19145298
v -16.76402664 -0.64846551 -9.19145298
v -16.78533936 -0.58250529 -9.19145298
v -16.72057533 -0.75876564 -9.27673054
v -16.66892624 -0.11377493 -10.11787128
v -16.67651939 0 -10.11086082
v -16.71970177 -0.10548898 -10.00787163
v -16.70677567 0 -10.04609776
v -16.73441315 0 -9.97976875
v -16.75936317 0 -9.91186237
v -16.67187119 -0.23071475 -10.08526611
v -16.71879578 -0.21622993 -9.98291588
v -16.80082703 -0.09590895 -9.7614584
v -16.78155518 0 -9.84236622
v -16.80091476 0 -9.7712698
v -16.81780052 0 -9.69860554
v -16.83264351 0 -9.62442398
v -16.65656471 -0.47359052 -9.99487782
v -16.7963295 -0.19829875 -9.74579811
v -16.6992836 -0.45237103 -9.90282345
v -16.8516407 -0.0924015 -9.48638725
v -16.84531975 0 -9.54871464
v -16.85569954 0 -9.47146988
v -16.86365318 0 -9.39267826
v -16.61091805 -0.7226181 -9.87588215
v -16.55546951 -0.95477217 -9.69591713
v -16.84569931 -0.1891772 -9.47690964
v -16.86232948 -0.19669852 -9.19145298
v -16.85020256 -0.2944504 -9.19145298
v -16.77149582 -0.41943935 -9.68668747
v -16.65157318 -0.69740993 -9.79101467
v -16.59699631 -0.91983098 -9.61371708
v -16.81881905 -0.39207846 -9.44299221
v -16.83329964 -0.39149165 -9.19145298
v -16.81166458 -0.48758805 -9.19145298
v -16.72079468 -0.64871001 -9.60159874
v -16.63435173 -0.88266575 -9.53049469
v -16.66745567 -0.84337044 -9.446455
v -16.76974869 -0.59779263 -9.39702511
v -16.69622421 -0.80203909 -9.36179924
v -16.60808182 0.08335961 -10.2325182
v -16.87087059 0.0693086 -9.19145298
v -16.5373745 0.96834821 -9.7290678
v -16.5083046 0.9503774 -9.83968163
v -16.52501869 0.90069133 -9.86898994
v -16.49011803 1 -9.80948734
v -16.72693062 0.74558479 -9.25147629
v -16.71119308 0.77662396 -9.31142521
v -16.77327919 0.62078333 -9.19145298
v -16.66892624 0.11377493 -10.11787128
v -16.61601639 0.15840171 -10.20875835
v -16.71970177 0.10548898 -10.00787163
v -16.67187119 0.23071475 -10.08526611
v -16.62047958 0.22592394 -10.18572617
v -16.62234306 0.29340434 -10.16110229
v -16.62154388 0.36081687 -10.13485909
v -16.71879578 0.21622993 -9.98291588
v -16.80082703 0.09590895 -9.7614584
v -16.65656471 0.47359052 -9.99487782
v -16.61802101 0.42813554 -10.10696888
v -16.61171341 0.49533433 -10.07740307
v -16.60292053 0.56256312 -10.04628944
v -16.59200668 0.62999946 -10.01378536
v -16.7963295 0.19829875 -9.74579811
v -16.6992836 0.45237103 -9.90282345
v -16.61091805 0.7226181 -9.87588215
v -16.57886505 0.69758725 -9.97984791
v -16.56339264 0.76526976 -9.94443226
v -16.54547882 0.83299005 -9.90749454
v -16.77149582 0.41943935 -9.68668747
v -16.65157318 0.69740993 -9.79101467
v -16.58057594 0.93434006 -9.64734077
v -16.61964035 0.89806956 -9.56451035
v -16.72079468 0.64871001 -9.60159874
v -16.65448761 0.8596307 -9.48077869
v -16.68503189 0.81911755 -9.39634991
v -16.84753418 0.16560274 -9.47969723
v -16.86724472 0.1385317 -9.19145298
v -16.84301949 0.21892169 -9.47300053
v -16.85796928 0.23659413 -9.19145298
v -16.83074951 0.31997418 -9.45683956
v -16.84389114 0.33408478 -9.19145298
v -16.82180595 0.37551919 -9.44632244
v -16.81114578 0.43143404 -9.43479443
v -16.82505417 0.43076935 -9.19145298
v -16.78722572 0.53452134 -9.4118681
v -16.80150414 0.52641362 -9.19145298
v -16.77211571 0.58966601 -9.3989563
v -16.55656242 0.05151906 -10.31587791
v -16.5181179 0.09789763 -10.3671608
v -16.45448303 1.02081144 -9.86518478
v -15.90128994 0.69694239 -10.75827312
v -15.9209404 0.58736557 -10.79005909
v -15.9683609 0.55665791 -10.76968098
v -15.87208366 0.61803401 -10.80948734
v -16.41693687 1.04038942 -9.92006683
v -16.01844215 1.10926223 -10.39783478
v -16.00871658 1.06248522 -10.44805717
v -16.09979248 1.14243078 -10.28117943
v -16.48898697 0.24807854 -10.38117599
v -16.48085022 0.13962866 -10.4116497
v -16.44100952 0.18133384 -10.45450687
v -16.39854622 0.2229971 -10.49567604
v -16.50256538 0.34986737 -10.3327837
v -16.32723618 0.38860399 -10.52774334
v -16.35341835 0.26460236 -10.53510475
v -16.30558014 0.30613351 -10.57273769
v -16.25523758 0.34768316 -10.60885239
v -16.20264435 0.38936111 -10.64378452
v -16.34395981 0.47787943 -10.47774982
v -16.50098419 0.57492638 -10.22367764
v -16.1290226 0.53900403 -10.65560722
v -16.14773178 0.43113267 -10.67743492
v -16.09042931 0.47296277 -10.70970154
v -16.03066254 0.51481622 -10.74048424
v -16.14829063 0.62020028 -10.60534286
v -15.92798996 0.7741524 -10.70324707
v -15.95213318 0.84948784 -10.64455986
v -16.3520565 0.67866713 -10.36535454
v -16.46239471 0.8143279 -10.09710979
v -16.36040115 1.06605422 -9.99653435
v -16.1701088 0.79300326 -10.49262714
v -15.97366905 0.92277259 -10.58236504
v -15.99254704 0.99383044 -10.51681328
v -16.32871628 0.89102781 -10.23599529
v -16.30026627 1.08914149 -10.07105541
v -16.2366848 1.10960054 -10.14345455
v -16.17195511 0.96724886 -10.36427402
v -16.16980934 1.12738061 -10.21355438
v -16.60808182 -0.08335961 10.2325182
v -16.59568977 0 10.25670052
v -16.63992119 0 10.1809988
v -16.87087059 -0.0693086 9.19145298
v -16.86365318 0 9.39267826
v -16.86905289 0 9.31233215
v -16.87131691 0 9.25231647
v -16.87208366 0 9.19145298
v -16.5373745 -0.96834821 9.7290678
v -16.5083046 -0.9503774 9.83968163
v -16.52501869 -0.90069133 9.86898994
v -16.49011803 -1 9.80948734
v -16.72693062 -0.74558479 9.25147629
v -16.71119308 -0.77662396 9.31142521
v -16.77327919 -0.62078333 9.19145298
v -16.66892624 -0.11377493 10.11787128
v -16.67651939 0 10.11086082
v -16.61601639 -0.15840171 10.20875835
v -16.71970177 -0.10548898 10.00787163
v -16.70677567 0 10.04609776
v -16.73441315 0 9.97976875
v -16.75936317 0 9.91186237
v -16.67187119 -0.23071475 10.08526611
v -16.62047958 -0.22592394 10.18572617
v -16.62234306 -0.29340434 10.16110229
v -16.62154388 -0.36081687 10.13485909
v -16.71879578 -0.21622993 9.98291588
v -16.80082703 -0.09590895 9.7614584
v -16.78155518 0 9.84236622
v -16.80091476 0 9.7712698
v -16.81780052 0 9.69860554
v -16.83264351 0 9.62442398
v -16.65656471 -0.47359052 9.99487782
v -16.61802101 -0.42813554 10.10696888
v -16.61171341 -0.49533433 10.07740307
v -16.60292053 -0.56256312 10.04628944
v -16.59200668 -0.62999946 10.01378536
v -16.7963295 -0.19829875 9.74579811
v -16.6992836 -0.45237103 9.90282345
v -16.61091805 -0.7226181 9.87588215
v -16.57886505 -0.69758725 9.97984791
v -16.56339264 -0.76526976 9.94443226
v -16.54547882 -0.83299005 9.90749454
v -16.77149582 -0.41943935 9.68668747
v -16.65157318 -0.69740993 9.79101467
v -16.58057594 -0.93434006 9.64734077
v -16.61964035 -0.89806956 9.56451035
v -16.72079468 -0.64871001 9.60159874
v -16.65448761 -0.8596307 9.48077869
v -16.68503189 -0.81911755 9.39634991
v -16.84753418 -0.16560274 9.47969723
v -16.84531975 0 9.54871464
v -16.85569954 0 9.47146988
v -16.86724472 -0.1385317 9.19145298
v -16.84301949 -0.21892169 9.47300053
v -16.85796928 -0.23659413 9.19145298
v -16.83074951 -0.31997418 9.45683956
v -16.84389114 -0.33408478 9.19145298
v -16.82180595 -0.37551919 9.44632244
v -16.81114578 -0.43143404 9.43479443
v -16.82505417 -0.43076935 9.19145298
v -16.78722572 -0.53452134 9.4118681
v -16.80150414 -0.52641362 9.19145298
v -16.77211571 -0.58966601 9.3989563
v -16.55656242 -0.05151906 10.31587791
v -16.5181179 -0.09789763 10.3671608
v -16.45448303 -1.02081144 9.86518478
v -15.90128994 -0.69694239 10.75827312
v -15.9209404 -0.58736557 10.79005909
v -15.9683609 -0.55665791 10.76968098
v -15.87208366 -0.61803401 10.80948734
v -16.41693687 -1.04038942 9.92006683
v -16.01844215 -1.10926223 10.39783478
v -16.00871658 -1.06248522 10.44805717
v -16.09979248 -1.14243078 10.28117943
v -16.48898697 -0.24807854 10.38117599
v -16.48085022 -0.13962866 10.4116497
v -16.44100952 -0.18133384 10.45450687
v -16.39854622 -0.2229971 10.49567604
v -16.50256538 -0.34986737 10.3327837
v -16.32723618 -0.38860399 10.52774334
v -16.35341835 -0.26460236 10.53510475
v -16.30558014 -0.30613351 10.57273769
v -16.25523758 -0.34768316 10.60885239
v -16.20264435 -0.38936111 10.64378452
v -16.34395981 -0.47787943 10.47774982
v -16.50098419 -0.57492638 10.22367764
v -16.1290226 -0.53900403 10.65560722
v -16.14773178 -0.43113267 10.67743492
v -16.09042931 -0.47296277 10.70970154
v -16.03066254 -0.51481622 10.74048424
v -16.14829063 -0.62020028 10.60534286
v -15.92798996 -0.7741524 10.70324707
v -15.95213318 -0.84948784 10.64455986
v -16.3520565 -0.67866713 10.36535454
v -16.46239471 -0.8143279 10.09710979
v -16.36040115 -1.06605422 9.99653435
v -16.1701088 -0.79300326 10.49262714
v -15.97366905 -0.92277259 10.58236504
v -15.99254704 -0.99383044 10.51681328
v -16.32871628 -0.89102781 10.23599529
v -16.30026627 -1.08914149 10.07105541
v -16.2366848 -1.10960054 10.14345455
v -16.17195511 -0.96724886 10.36427402
v -16.16980934 -1.12738061 10.21355438
v -16.55656242 0.05151906 10.31587791
v -16.5181179 0.09789763 10.3671608
v -15.85006046 -0.56158763 10.84316063
v -15.84043217 0.53761411 10.85674381
v -15.9683609 0.55665791 10.76968098
v -16.03066254 0.51481622 10.74048424
v -15.9209404 0.58736557 10.79005909
v -15.87208366 0.61803401 10.80948734
v -15.61766815 0.06002299 11.04629993
v -15.64870739 0.11997194 11.0305624
v -15.63084888 -0.08527776 11.03994465
v -16.42379189 -0.07739378 10.48666573
v -16.368927 0 10.54901314
v -16.48085022 0.13962866 10.4116497
v -16.44100952 0.18133384 10.45450687
v -16.39854622 0.2229971 10.49567604
v -16.2679615 -0.23342003 10.62365246
v -16.22140312 0.15702531 10.67604828
v -16.35341835 0.26460236 10.53510475
v -16.30558014 0.30613351 10.57273769
v -16.25523758 0.34768316 10.60885239
v -16.20264435 0.38936111 10.64378452
v -16.22140312 -0.15702531 10.67604828
v -16.07191467 -0.38949528 10.74800873
v -15.82685566 -0.50446439 10.87483883
v -16.03137207 0.31410509 10.79452038
v -15.80642414 0.45588756 10.89994526
v -15.77015305 0.37305719 10.93901062
v -16.14773178 0.43113267 10.67743492
v -16.09042931 0.47296277 10.70970154
v -16.09282875 0 10.78479385
v -16.03137207 -0.31410509 10.79452038
v -15.79191494 -0.42226359 10.91636467
v -15.9277916 0.15860701 10.88470554
v -15.73171425 0.28932586 10.97385693
v -15.69120121 0.20489648 11.00440121
v -15.9277916 -0.15860701 10.88470554
v -15.7547493 -0.33904168 10.95372105
v -15.7154541 -0.25500149 10.98682499
v -15.80249977 -0 10.96206665
v -15.67412281 -0.17034587 11.01559353
v -16.60808182 0.08335961 10.2325182
v -16.61601639 0.15840171 10.20875835
v -15.89289474 0.67373127 10.77385235
v -16.43890381 1.02920616 9.88839531
v -16.52501869 0.90069133 9.86898994
v -16.54547882 0.83299005 9.90749454
v -16.5083046 0.9503774 9.83968163
v -16.49011803 1 9.80948734
v -16.07846451 1.14635849 10.30071545
v -16.1286869 1.13663197 10.25393867
v -16.01451492 1.08972621 10.4191618
v -16.48898697 0.24807854 10.38117599
v -16.50256538 0.34986737 10.3327837
v -16.62047958 0.22592394 10.18572617
v -16.62234306 0.29340434 10.16110229
v -16.62154388 0.36081687 10.13485909
v -16.32723618 0.38860399 10.52774334
v -16.34395981 0.47787943 10.47774982
v -16.50098419 0.57492638 10.22367764
v -16.61802101 0.42813554 10.10696888
v -16.61171341 0.49533433 10.07740307
v -16.60292053 0.56256312 10.04628944
v -16.59200668 0.62999946 10.01378536
v -16.1290226 0.53900403 10.65560722
v -15.91247272 0.72861332 10.73630714
v -16.14829063 0.62020028 10.60534286
v -15.93813801 0.80508089 10.67977142
v -16.3520565 0.67866713 10.36535454
v -16.1701088 0.79300326 10.49262714
v -15.96122551 0.87960213 10.61963654
v -15.98168373 0.95200092 10.55605507
v -16.45759201 0.8172406 10.10279751
v -16.3838768 1.05590641 9.96560574
v -16.57886505 0.69758725 9.97984791
v -16.56339264 0.76526976 9.94443226
v -16.42397308 0.83734214 10.14094257
v -16.3251915 1.08004987 10.04094124
v -16.35627174 0.87604225 10.21022511
v -16.26299477 1.10158587 10.11422539
v -16.31683922 0.89734143 10.24673271
v -16.27582359 0.91845745 10.28237152
v -16.19744301 1.12046349 10.18528366
v -16.19649696 0.95632529 10.34587097
v -15.99946404 1.02210104 10.48917961
v -0.08335961 -10.2325182 16.60808182
v -0.05151906 -10.31587791 16.55656242
v 0 -10.25670052 16.59568977
v -0.09789763 -10.3671608 16.5181179
v -0.15840171 -10.20875835 16.61601639
v -1.02081144 -9.86518478 16.45448303
v -0.83299005 -9.90749454 16.54547882
v -0.90069133 -9.86898994 16.52501869
v -0.9503774 -9.83968163 16.5083046
v -1 -9.80948734 16.49011803
v -0.69694239 -10.75827312 15.90128994
v -0.58736557 -10.79005909 15.9209404
v -0.55665791 -10.76968098 15.9683609
v -0.61803401 -10.80948734 15.87208366
v -1.04038942 -9.92006683 16.41693687
v -1.10926223 -10.39783478 16.01844215
v -1.06248522 -10.44805717 16.00871658
v -1.14243078 -10.28117943 16.09979248
v -0.24807854 -10.38117599 16.48898697
v -0.13962866 -10.4116497 16.48085022
v -0.18133384 -10.45450687 16.44100952
v -0.2229971 -10.49567604 16.39854622
v -0.34986737 -10.3327837 16.50256538
v -0.22592394 -10.18572617 16.62047958
v -0.29340434 -10.16110229 16.62234306
v -0.36081687 -10.13485909 16.62154388
v -0.38860399 -10.52774334 16.32723618
v -0.26460236 -10.53510475 16.35341835
v -0.30613351 -10.57273769 16.30558014
v -0.34768316 -10.60885239 16.25523758
v -0.38936111 -10.64378452 16.20264435
v -0.47787943 -10.47774982 16.34395981
v -0.57492638 -10.22367764 16.50098419
v -0.42813554 -10.10696888 16.61802101
v -0.49533433 -10.07740307 16.61171341
v -0.56256312 -10.04628944 16.60292053
v -0.62999946 -10.01378536 16.59200668
v -0.53900403 -10.65560722 16.1290226
v -0.43113267 -10.67743492 16.14773178
v -0.47296277 -10.70970154 16.09042931
v -0.51481622 -10.74048424 16.03066254
v -0.62020028 -10.60534286 16.14829063
v -0.7741524 -10.70324707 15.92798996
v -0.84948784 -10.64455986 15.95213318
v -0.67866713 -10.36535454 16.3520565
v -0.8143279 -10.09710979 16.46239471
v -0.69758725 -9.97984791 16.57886505
v -0.76526976 -9.94443226 16.56339264
v -1.06605422 -9.99653435 16.36040115
v -0.79300326 -10.49262714 16.1701088
v -0.92277259 -10.58236504 15.97366905
v -0.99383044 -10.51681328 15.99254704
v -0.89102781 -10.23599529 16.32871628
v -1.08914149 -10.07105541 16.30026627
v -1.10960054 -10.14345455 16.2366848
v -0.96724886 -10.36427402 16.17195511
v -1.12738061 -10.21355438 16.16980934
v 0.05151906 -10.31587791 16.55656242
v 0.09789763 -10.3671608 16.5181179
v -0.56158763 -10.84316063 15.85006046
v 0.53761411 -10.85674381 15.84043217
v 0.55665791 -10.76968098 15.9683609
v 0.51481622 -10.74048424 16.03066254
v 0.58736557 -10.79005909 15.9209404
v 0.61803401 -10.80948734 15.87208366
v 0.06002299 -11.04629993 15.61766815
v 0.11997194 -11.0305624 15.64870739
v -0.08527776 -11.03994465 15.63084888
v -0.07739378 -10.48666573 16.42379189
v 0 -10.54901314 16.368927
v 0.13962866 -10.4116497 16.48085022
v 0.18133384 -10.45450687 16.44100952
v 0.2229971 -10.49567604 16.39854622
v -0.23342003 -10.62365246 16.2679615
v 0.15702531 -10.67604828 16.22140312
v 0.26460236 -10.53510475 16.35341835
v 0.30613351 -10.57273769 16.30558014
v 0.34768316 -10.60885239 16.25523758
v 0.38936111 -10.64378452 16.20264435
v -0.15702531 -10.67604828 16.22140312
v -0.38949528 -10.74800873 16.07191467
v -0.50446439 -10.87483883 15.82685566
v 0.31410509 -10.79452038 16.03137207
v 0.45588756 -10.89994526 15.80642414
v 0.37305719 -10.93901062 15.77015305
v 0.43113267 -10.67743492 16.14773178
v 0.47296277 -10.70970154 16.09042931
v 0 -10.78479385 16.09282875
v -0.31410509 -10.79452038 16.03137207
v -0.42226359 -10.91636467 15.79191494
v 0.15860701 -10.88470554 15.9277916
v 0.28932586 -10.97385693 15.73171425
v 0.20489648 -11.00440121 15.69120121
v -0.15860701 -10.88470554 15.9277916
v -0.33904168 -10.95372105 15.7547493
v -0.25500149 -10.98682499 15.7154541
v -0 -10.96206665 15.80249977
v -0.17034587 -11.01559353 15.67412281
v 0.08335961 -10.2325182 16.60808182
v 0.15840171 -10.20875835 16.61601639
v 0.67373127 -10.77385235 15.89289474
v 1.02920616 -9.88839531 16.43890381
v 0.90069133 -9.86898994 16.52501869
v 0.83299005 -9.90749454 16.54547882
v 0.9503774 -9.83968163 16.5083046
v 1 -9.80948734 16.49011803
v 1.14635849 -10.30071545 16.07846451
v 1.13663197 -10.25393867 16.1286869
v 1.08972621 -10.4191618 16.01451492
v 0.24807854 -10.38117599 16.48898697
v 0.34986737 -10.3327837 16.50256538
v 0.22592394 -10.18572617 16.62047958
v 0.29340434 -10.16110229 16.62234306
v 0.36081687 -10.13485909 16.62154388
v 0.38860399 -10.52774334 16.32723618
v 0.47787943 -10.47774982 16.34395981
v 0.57492638 -10.22367764 16.50098419
v 0.42813554 -10.10696888 16.61802101
v 0.49533433 -10.07740307 16.61171341
v 0.56256312 -10.04628944 16.60292053
v 0.62999946 -10.01378536 16.59200668
v 0.53900403 -10.65560722 16.1290226
v 0.72861332 -10.73630714 15.91247272
v 0.62020028 -10.60534286 16.14829063
v 0.80508089 -10.67977142 15.93813801
v 0.67866713 -10.36535454 16.3520565
v 0.79300326 -10.49262714 16.1701088
v 0.87960213 -10.61963654 15.96122551
v 0.95200092 -10.55605507 15.98168373
v 0.8172406 -10.10279751 16.45759201
v 1.05590641 -9.96560574 16.3838768
v 0.69758725 -9.97984791 16.57886505
v 0.76526976 -9.94443226 16.56339264
v 0.83734214 -10.14094257 16.42397308
v 1.08004987 -10.04094124 16.3251915
v 0.87604225 -10.21022511 16.35627174
v 1.10158587 -10.11422539 16.26299477
v 0.89734143 -10.24673271 16.31683922
v 0.91845745 -10.28237152 16.27582359
v 1.12046349 -10.18528366 16.19744301
v 0.95632529 -10.34587097 16.19649696
v 1.02210104 -10.48917961 15.99946404
v 0 -10.1809988 16.63992119
v 0.97797644 -9.75304127 16.52379036
v 0.0984703 -9.19145298 16.86963844
v 0 -9.25231647 16.87131691
v 0 -9.31233215 16.86905289
v 0 -9.19145298 16.87208366
v 0.64846551 -9.19145298 16.76402664
v 0.58250529 -9.19145298 16.78533936
v 0.75876564 -9.27673054 16.72057533
v 0.11377493 -10.11787128 16.66892624
v 0 -10.11086082 16.67651939
v 0.10548898 -10.00787163 16.71970177
v 0 -10.04609776 16.70677567
v 0 -9.97976875 16.73441315
v 0 -9.91186237 16.75936317
v 0.23071475 -10.08526611 16.67187119
v 0.21622993 -9.98291588 16.71879578
v 0.09590895 -9.7614584 16.80082703
v 0 -9.84236622 16.78155518
v 0 -9.7712698 16.80091476
v 0 -9.69860554 16.81780052
v 0 -9.62442398 16.83264351
v 0.47359052 -9.99487782 16.65656471
v 0.19829875 -9.74579811 16.7963295
v 0.45237103 -9.90282345 16.6992836
v 0.0924015 -9.48638725 16.8516407
v 0 -9.54871464 16.84531975
v 0 -9.47146988 16.85569954
v 0 -9.39267826 16.86365318
v 0.7226181 -9.87588215 16.61091805
v 0.95477217 -9.69591713 16.55546951
v 0.1891772 -9.47690964 16.84569931
v 0.19669852 -9.19145298 16.86232948
v 0.2944504 -9.19145298 16.85020256
v 0.41943935 -9.68668747 16.77149582
v 0.69740993 -9.79101467 16.65157318
v 0.91983098 -9.61371708 16.59699631
v 0.39207846 -9.44299221 16.81881905
v 0.39149165 -9.19145298 16.83329964
v 0.48758805 -9.19145298 16.81166458
v 0.64871001 -9.60159874 16.72079468
v 0.88266575 -9.53049469 16.63435173
v 0.84337044 -9.446455 16.66745567
v 0.59779263 -9.39702511 16.76974869
v 0.80203909 -9.36179924 16.69622421
v 10.2325182 -16.60808182 0.08335961
v 10.1809988 -16.63992119 0
v 10.25670052 -16.59568977 0
v 9.75304127 -16.52379036 0.97797644
v 9.86898994 -16.52501869 0.90069133
v 9.83968163 -16.5083046 0.9503774
v 9.80948734 -16.49011803 1
v 9.19145298 -16.86963844 0.0984703
v 9.25231647 -16.87131691 0
v 9.31233215 -16.86905289 0
v 9.19145298 -16.87208366 0
v 9.19145298 -16.76402664 0.64846551
v 9.19145298 -16.78533936 0.58250529
v 9.27673054 -16.72057533 0.75876564
v 10.11787128 -16.66892624 0.11377493
v 10.20875835 -16.61601639 0.15840171
v 10.11086082 -16.67651939 0
v 10.00787163 -16.71970177 0.10548898
v 10.04609776 -16.70677567 0
v 9.97976875 -16.73441315 0
v 9.91186237 -16.75936317 0
v 10.08526611 -16.67187119 0.23071475
v 10.18572617 -16.62047958 0.22592394
v 10.16110229 -16.62234306 0.29340434
v 10.13485909 -16.62154388 0.36081687
v 9.98291588 -16.71879578 0.21622993
v 9.7614584 -16.80082703 0.09590895
v 9.84236622 -16.78155518 0
v 9.7712698 -16.80091476 0
v 9.69860554 -16.81780052 0
v 9.62442398 -16.83264351 0
v 9.99487782 -16.65656471 0.47359052
v 10.10696888 -16.61802101 0.42813554
v 10.07740307 -16.61171341 0.49533433
v 10.04628944 -16.60292053 0.56256312
v 10.01378536 -16.59200668 0.62999946
v 9.74579811 -16.7963295 0.19829875
v 9.90282345 -16.6992836 0.45237103
v 9.48638725 -16.8516407 0.0924015
v 9.54871464 -16.84531975 0
v 9.47146988 -16.85569954 0
v 9.39267826 -16.86365318 0
v 9.87588215 -16.61091805 0.7226181
v 9.97984791 -16.57886505 0.69758725
v 9.94443226 -16.56339264 0.76526976
v 9.90749454 -16.54547882 0.83299005
v 9.69591713 -16.55546951 0.95477217
v 9.47690964 -16.84569931 0.1891772
v 9.19145298 -16.86232948 0.19669852
v 9.19145298 -16.85020256 0.2944504
v 9.68668747 -16.77149582 0.41943935
v 9.79101467 -16.65157318 0.69740993
v 9.61371708 -16.59699631 0.91983098
v 9.44299221 -16.81881905 0.39207846
v 9.19145298 -16.83329964 0.39149165
v 9.19145298 -16.81166458 0.48758805
v 9.60159874 -16.72079468 0.64871001
v 9.53049469 -16.63435173 0.88266575
v 9.446455 -16.66745567 0.84337044
v 9.39702511 -16.76974869 0.59779263
v 9.36179924 -16.69622421 0.80203909
v 10.2325182 -16.60808182 -0.08335961
v 9.19145298 -16.87087059 -0.0693086
v 9.7290678 -16.5373745 -0.96834821
v 9.83968163 -16.5083046 -0.9503774
v 9.86898994 -16.52501869 -0.90069133
v 9.80948734 -16.49011803 -1
v 9.25147629 -16.72693062 -0.74558479
v 9.31142521 -16.71119308 -0.77662396
v 9.19145298 -16.77327919 -0.62078333
v 10.11787128 -16.66892624 -0.11377493
v 10.20875835 -16.61601639 -0.15840171
v 10.00787163 -16.71970177 -0.10548898
v 10.08526611 -16.67187119 -0.23071475
v 10.18572617 -16.62047958 -0.22592394
v 10.16110229 -16.62234306 -0.29340434
v 10.13485909 -16.62154388 -0.36081687
v 9.98291588 -16.71879578 -0.21622993
v 9.7614584 -16.80082703 -0.09590895
v 9.99487782 -16.65656471 -0.47359052
v 10.10696888 -16.61802101 -0.42813554
v 10.07740307 -16.61171341 -0.49533433
v 10.04628944 -16.60292053 -0.56256312
v 10.01378536 -16.59200668 -0.62999946
v 9.74579811 -16.7963295 -0.19829875
v 9.90282345 -16.6992836 -0.45237103
v 9.87588215 -16.61091805 -0.7226181
v 9.97984791 -16.57886505 -0.69758725
v 9.94443226 -16.56339264 -0.76526976
v 9.90749454 -16.54547882 -0.83299005
v 9.68668747 -16.77149582 -0.41943935
v 9.79101467 -16.65157318 -0.69740993
v 9.64734077 -16.58057594 -0.93434006
v 9.56451035 -16.61964035 -0.89806956
v 9.60159874 -16.72079468 -0.64871001
v 9.48077869 -16.65448761 -0.8596307
v 9.39634991 -16.68503189 -0.81911755
v 9.47969723 -16.84753418 -0.16560274
v 9.19145298 -16.86724472 -0.1385317
v 9.47300053 -16.84301949 -0.21892169
v 9.19145298 -16.85796928 -0.23659413
v 9.45683956 -16.83074951 -0.31997418
v 9.19145298 -16.84389114 -0.33408478
v 9.44632244 -16.82180595 -0.37551919
v 9.43479443 -16.81114578 -0.43143404
v 9.19145298 -16.82505417 -0.43076935
v 9.4118681 -16.78722572 -0.53452134
v 9.19145298 -16.80150414 -0.52641362
v 9.3989563 -16.77211571 -0.58966601
v 10.31587791 -16.55656242 -0.05151906
v 10.3671608 -16.5181179 -0.09789763
v 9.86518478 -16.45448303 -1.02081144
v 10.75827312 -15.90128994 -0.69694239
v 10.79005909 -15.9209404 -0.58736557
v 10.76968098 -15.9683609 -0.55665791
v 10.80948734 -15.87208366 -0.61803401
v 9.92006683 -16.41693687 -1.04038942
v 10.39783478 -16.01844215 -1.10926223
v 10.44805717 -16.00871658 -1.06248522
v 10.28117943 -16.09979248 -1.14243078
v 10.38117599 -16.48898697 -0.24807854
v 10.4116497 -16.48085022 -0.13962866
v 10.45450687 -16.44100952 -0.18133384
v 10.49567604 -16.39854622 -0.2229971
v 10.3327837 -16.50256538 -0.34986737
v 10.52774334 -16.32723618 -0.38860399
v 10.53510475 -16.35341835 -0.26460236
v 10.57273769 -16.30558014 -0.30613351
v 10.60885239 -16.25523758 -0.34768316
v 10.64378452 -16.20264435 -0.38936111
v 10.47774982 -16.34395981 -0.47787943
v 10.22367764 -16.50098419 -0.57492638
v 10.65560722 -16.1290226 -0.53900403
v 10.67743492 -16.14773178 -0.43113267
v 10.70970154 -16.09042931 -0.47296277
v 10.74048424 -16.03066254 -0.51481622
v 10.60534286 -16.14829063 -0.62020028
v 10.70324707 -15.92798996 -0.7741524
v 10.64455986 -15.95213318 -0.84948784
v 10.36535454 -16.3520565 -0.67866713
v 10.09710979 -16.46239471 -0.8143279
v 9.99653435 -16.36040115 -1.06605422
v 10.49262714 -16.1701088 -0.79300326
v 10.58236504 -15.97366905 -0.92277259
v 10.51681328 -15.99254704 -0.99383044
v 10.23599529 -16.32871628 -0.89102781
v 10.07105541 -16.30026627 -1.08914149
v 10.14345455 -16.2366848 -1.10960054
v 10.36427402 -16.17195511 -0.96724886
v 10.21355438 -16.16980934 -1.12738061
v 10.31587791 -16.55656242 0.05151906
v 10.3671608 -16.5181179 0.09789763
v 10.84316063 -15.85006046 -0.56158763
v 10.85674381 -15.84043217 0.53761411
v 10.76968098 -15.9683609 0.55665791
v 10.74048424 -16.03066254 0.51481622
v 10.79005909 -15.9209404 0.58736557
v 10.80948734 -15.87208366 0.61803401
v 11.04629993 -15.61766815 0.06002299
v 11.0305624 -15.64870739 0.11997194
v 11.03994465 -15.63084888 -0.08527776
v 10.48666573 -16.42379189 -0.07739378
v 10.54901314 -16.368927 0
v 10.4116497 -16.48085022 0.13962866
v 10.45450687 -16.44100952 0.18133384
v 10.49567604 -16.39854622 0.2229971
v 10.62365246 -16.2679615 -0.23342003
v 10.67604828 -16.22140312 0.15702531
v 10.53510475 -16.35341835 0.26460236
v 10.57273769 -16.30558014 0.30613351
v 10.60885239 -16.25523758 0.34768316
v 10.64378452 -16.20264435 0.38936111
v 10.67604828 -16.22140312 -0.15702531
v 10.74800873 -16.07191467 -0.38949528
v 10.87483883 -15.82685566 -0.50446439
v 10.79452038 -16.03137207 0.31410509
v 10.89994526 -15.80642414 0.45588756
v 10.93901062 -15.77015305 0.37305719
v 10.67743492 -16.14773178 0.43113267
v 10.70970154 -16.09042931 0.47296277
v 10.78479385 -16.09282875 0
v 10.79452038 -16.03137207 -0.31410509
v 10.91636467 -15.79191494 -0.42226359
v 10.88470554 -15.9277916 0.15860701
v 10.97385693 -15.73171425 0.28932586
v 11.00440121 -15.69120121 0.20489648
v 10.88470554 -15.9277916 -0.15860701
v 10.95372105 -15.7547493 -0.33904168
v 10.98682499 -15.7154541 -0.25500149
v 10.96206665 -15.80249977 -0
v 11.01559353 -15.67412281 -0.17034587
v -10.2325182 -16.60808182 0.08335961
v -10.25670052 -16.59568977 0
v -10.1809988 -16.63992119 0
v -9.19145298 -16.87087059 0.0693086
v -9.39267826 -16.86365318 0
v -9.31233215 -16.86905289 0
v -9.25231647 -16.87131691 0
v -9.19145298 -16.87208366 0
v -9.7290678 -16.5373745 0.96834821
v -9.83968163 -16.5083046 0.9503774
v -9.86898994 -16.52501869 0.90069133
v -9.80948734 -16.49011803 1
v -9.25147629 -16.72693062 0.74558479
v -9.31142521 -16.71119308 0.77662396
v -9.19145298 -16.77327919 0.62078333
v -10.11787128 -16.66892624 0.11377493
v -10.11086082 -16.67651939 0
v -10.20875835 -16.61601639 0.15840171
v -10.00787163 -16.71970177 0.10548898
v -10.04609776 -16.70677567 0
v -9.97976875 -16.73441315 0
v -9.91186237 -16.75936317 0
v -10.08526611 -16.67187119 0.23071475
v -10.18572617 -16.62047958 0.22592394
v -10.16110229 -16.62234306 0.29340434
v -10.13485909 -16.62154388 0.36081687
v -9.98291588 -16.71879578 0.21622993
v -9.7614584 -16.80082703 0.09590895
v -9.84236622 -16.78155518 0
v -9.7712698 -16.80091476 0
v -9.69860554 -16.81780052 0
v -9.62442398 -16.83264351 0
v -9.99487782 -16.65656471 0.47359052
v -10.10696888 -16.61802101 0.42813554
v -10.07740307 -16.61171341 0.49533433
v -10.04628944 -16.60292053 0.56256312
v -10.01378536 -16.59200668 0.62999946
v -9.74579811 -16.7963295 0.19829875
v -9.90282345 -16.6992836 0.45237103
v -9.87588215 -16.61091805 0.7226181
v -9.97984791 -16.57886505 0.69758725
v -9.94443226 -16.56339264 0.76526976
v -9.90749454 -16.54547882 0.83299005
v -9.68668747 -16.77149582 0.41943935
v -9.79101467 -16.65157318 0.69740993
v -9.64734077 -16.58057594 0.93434006
v -9.56451035 -16.61964035 0.89806956
v -9.60159874 -16.72079468 0.64871001
v -9.48077869 -16.65448761 0.8596307
v -9.39634991 -16.68503189 0.81911755
v -9.47969723 -16.84753418 0.16560274
v -9.54871464 -16.84531975 0
v -9.47146988 -16.85569954 0
v -9.19145298 -16.86724472 0.1385317
v -9.47300053 -16.84301949 0.21892169
v -9.19145298 -16.85796928 0.23659413
v -9.45683956 -16.83074951 0.31997418
v -9.19145298 -16.84389114 0.33408478
v -9.44632244 -16.82180595 0.37551919
v -9.43479443 -16.81114578 0.43143404
v -9.19145298 -16.82505417 0.43076935
v -9.4118681 -16.78722572 0.53452134
v -9.19145298 -16.80150414 0.52641362
v -9.3989563 -16.77211571 0.58966601
v -10.31587791 -16.55656242 0.05151906
v -10.3671608 -16.5181179 0.09789763
v -9.86518478 -16.45448303 1.02081144
v -10.75827312 -15.90128994 0.69694239
v -10.79005909 -15.9209404 0.58736557
v -10.76968098 -15.9683609 0.55665791
v -10.80948734 -15.87208366 0.61803401
v -9.92006683 -16.41693687 1.04038942
v -10.39783478 -16.01844215 1.10926223
v -10.44805717 -16.00871658 1.06248522
v -10.28117943 -16.09979248 1.14243078
v -10.38117599 -16.48898697 0.24807854
v -10.4116497 -16.48085022 0.13962866
v -10.45450687 -16.44100952 0.18133384
v -10.49567604 -16.39854622 0.2229971
v -10.3327837 -16.50256538 0.34986737
v -10.52774334 -16.32723618 0.38860399
v -10.53510475 -16.35341835 0.26460236
v -10.57273769 -16.30558014 0.30613351
v -10.60885239 -16.25523758 0.34768316
v -10.64378452 -16.20264435 0.38936111
v -10.47774982 -16.34395981 0.47787943
v -10.22367764 -16.50098419 0.57492638
v -10.65560722 -16.1290226 0.53900403
v -10.67743492 -16.14773178 0.43113267
v -10.70970154 -16.09042931 0.47296277
v -10.74048424 -16.03066254 0.51481622
v -10.60534286 -16.14829063 0.62020028
v -10.70324707 -15.92798996 0.7741524
v -10.64455986 -15.95213318 0.84948784
v -10.36535454 -16.3520565 0.67866713
v -10.09710979 -16.46239471 0.8143279
v -9.99653435 -16.36040115 1.06605422
v -10.49262714 -16.1701088 0.79300326
v -10.58236504 -15.97366905 0.92277259
v -10.51681328 -15.99254704 0.99383044
v -10.23599529 -16.32871628 0.89102781
v -10.07105541 -16.30026627 1.08914149
v -10.14345455 -16.2366848 1.10960054
v -10.36427402 -16.17195511 0.96724886
v -10.21355438 -16.16980934 1.12738061
v -10.31587791 -16.55656242 -0.05151906
v -10.3671608 -16.5181179 -0.09789763
v -10.84316063 -15.85006046 0.56158763
v -10.85674381 -15.84043217 -0.53761411
v -10.76968098 -15.9683609 -0.55665791
v -10.74048424 -16.03066254 -0.51481622
v -10.79005909 -15.9209404 -0.58736557
v -10.80948734 -15.87208366 -0.61803401
v -11.04629993 -15.61766815 -0.06002299
v -11.0305624 -15.64870739 -0.11997194
v -11.03994465 -15.63084888 0.08527776
v -10.48666573 -16.42379189 0.07739378
v -10.54901314 -16.368927 0
v -10.4116497 -16.48085022 -0.13962866
v -10.45450687 -16.44100952 -0.18133384
v -10.49567604 -16.39854622 -0.2229971
v -10.62365246 -16.2679615 0.23342003
v -10.67604828 -16.22140312 -0.15702531
v -10.53510475 -16.35341835 -0.26460236
v -10.57273769 -16.30558014 -0.30613351
v -10.60885239 -16.25523758 -0.34768316
v -10.64378452 -16.20264435 -0.38936111
v -10.67604828 -16.22140312 0.15702531
v -10.74800873 -16.07191467 0.38949528
v -10.87483883 -15.82685566 0.50446439
v -10.79452038 -16.03137207 -0.31410509
v -10.89994526 -15.80642414 -0.45588756
v -10.93901062 -15.77015305 -0.37305719
v -10.67743492 -16.14773178 -0.43113267
v -10.70970154 -16.09042931 -0.47296277
v -10.78479385 -16.09282875 -0
v -10.79452038 -16.03137207 0.31410509
v -10.91636467 -15.79191494 0.42226359
v -10.88470554 -15.9277916 -0.15860701
v -10.97385693 -15.73171425 -0.28932586
v -11.00440121 -15.69120121 -0.20489648
v -10.88470554 -15.9277916 0.15860701
v -10.95372105 -15.7547493 0.33904168
v -10.98682499 -15.7154541 0.25500149
v -10.96206665 -15.80249977 0
v -11.01559353 -15.67412281 0.17034587
v -10.2325182 -16.60808182 -0.08335961
v -10.20875835 -16.61601639 -0.15840171
v -10.77385235 -15.89289474 -0.67373127
v -9.88839531 -16.43890381 -1.02920616
v -9.86898994 -16.52501869 -0.90069133
v -9.90749454 -16.54547882 -0.83299005
v -9.83968163 -16.5083046 -0.9503774
v -9.80948734 -16.49011803 -1
v -10.30071545 -16.07846451 -1.14635849
v -10.25393867 -16.1286869 -1.13663197
v -10.4191618 -16.01451492 -1.08972621
v -10.38117599 -16.48898697 -0.24807854
v -10.3327837 -16.50256538 -0.34986737
v -10.18572617 -16.62047958 -0.22592394
v -10.16110229 -16.62234306 -0.29340434
v -10.13485909 -16.62154388 -0.36081687
v -10.52774334 -16.32723618 -0.38860399
v -10.47774982 -16.34395981 -0.47787943
v -10.22367764 -16.50098419 -0.57492638
v -10.10696888 -16.61802101 -0.42813554
v -10.07740307 -16.61171341 -0.49533433
v -10.04628944 -16.60292053 -0.56256312
v -10.01378536 -16.59200668 -0.62999946
v -10.65560722 -16.1290226 -0.53900403
v -10.73630714 -15.91247272 -0.72861332
v -10.60534286 -16.14829063 -0.62020028
v -10.67977142 -15.93813801 -0.80508089
v -10.36535454 -16.3520565 -0.67866713
v -10.49262714 -16.1701088 -0.79300326
v -10.61963654 -15.96122551 -0.87960213
v -10.55605507 -15.98168373 -0.95200092
v -10.10279751 -16.45759201 -0.8172406
v -9.96560574 -16.3838768 -1.05590641
v -9.97984791 -16.57886505 -0.69758725
v -9.94443226 -16.56339264 -0.76526976
v -10.14094257 -16.42397308 -0.83734214
v -10.04094124 -16.3251915 -1.08004987
v -10.21022511 -16.35627174 -0.87604225
v -10.11422539 -16.26299477 -1.10158587
v -10.24673271 -16.31683922 -0.89734143
v -10.28237152 -16.27582359 -0.91845745
v -10.18528366 -16.19744301 -1.12046349
v -10.34587097 -16.19649696 -0.95632529
v -10.48917961 -15.99946404 -1.02210104
v -9.19145298 -16.76402664 -0.64846551
v -9.19145298 -16.78533936 -0.58250529
v -9.19145298 -16.81166458 -0.48758805
v -9.19145298 -16.83329964 -0.39149165
v -9.19145298 -16.85020256 -0.2944504
v -9.19145298 -16.86232948 -0.19669852
v -9.19145298 -16.86963844 -0.0984703
v 10.30071545 -16.07846451 1.14635849
v 10.25393867 -16.1286869 1.13663197
v 10.18528366 -16.19744301 1.12046349
v 10.11422539 -16.26299477 1.10158587
v 10.04094124 -16.3251915 1.08004987
v 9.96560574 -16.3838768 1.05590641
v 9.88839531 -16.43890381 1.02920616
v -0.96834821 -9.7290678 16.5373745
v -0.93434006 -9.64734077 16.58057594
v -0.89806956 -9.56451035 16.61964035
v -0.8596307 -9.48077869 16.65448761
v -0.81911755 -9.39634991 16.68503189
v -0.77662396 -9.31142521 16.71119308
v -0.74558479 -9.25147629 16.72693062
v -9.75304127 -16.52379036 -0.97797644
v -9.27673054 -16.72057533 -0.75876564
v -10.08526611 -16.67187119 -0.23071475
v -9.98291588 -16.71879578 -0.21622993
v -9.99487782 -16.65656471 -0.47359052
v -9.74579811 -16.7963295 -0.19829875
v -9.90282345 -16.6992836 -0.45237103
v -9.87588215 -16.61091805 -0.7226181
v -9.69591713 -16.55546951 -0.95477217
v -9.68668747 -16.77149582 -0.41943935
v -9.79101467 -16.65157318 -0.69740993
v -9.61371708 -16.59699631 -0.91983098
v -9.60159874 -16.72079468 -0.64871001
v -9.53049469 -16.63435173 -0.88266575
v -9.446455 -16.66745567 -0.84337044
v -9.47591305 -16.84502792 -0.1970799
v -9.4683342 -16.83966827 -0.25096104
v -9.45074558 -16.82565689 -0.35282174
v -9.43958282 -16.81568527 -0.4086552
v -9.42764473 -16.80407524 -0.46451989
v -9.40424538 -16.77845383 -0.56725746
v -9.36179924 -16.69622421 -0.80203909
v 10.77385235 -15.89289474 0.67373127
v 10.4191618 -16.01451492 1.08972621
v 10.38117599 -16.48898697 0.24807854
v 10.3327837 -16.50256538 0.34986737
v 10.52774334 -16.32723618 0.38860399
v 10.47774982 -16.34395981 0.47787943
v 10.22367764 -16.50098419 0.57492638
v 10.65560722 -16.1290226 0.53900403
v 10.73630714 -15.91247272 0.72861332
v 10.60534286 -16.14829063 0.62020028
v 10.67977142 -15.93813801 0.80508089
v 10.36535454 -16.3520565 0.67866713
v 10.49262714 -16.1701088 0.79300326
v 10.61963654 -15.96122551 0.87960213
v 10.55605507 -15.98168373 0.95200092
v 10.10279751 -16.45759201 0.8172406
v 10.14094257 -16.42397308 0.83734214
v 10.21022511 -16.35627174 0.87604225
v 10.24673271 -16.31683922 0.89734143
v 10.28237152 -16.27582359 0.91845745
v 10.34587097 -16.19649696 0.95632529
v 10.48917961 -15.99946404 1.02210104
v -0.0693086 -9.19145298 16.87087059
v -0.62078333 -9.19145298 16.77327919
v -0.11377493 -10.11787128 16.66892624
v -0.10548898 -10.00787163 16.71970177
v -0.23071475 -10.08526611 16.67187119
v -0.21622993 -9.98291588 16.71879578
v -0.09590895 -9.7614584 16.80082703
v -0.47359052 -9.99487782 16.65656471
v -0.19829875 -9.74579811 16.7963295
v -0.45237103 -9.90282345 16.6992836
v -0.7226181 -9.87588215 16.61091805
v -0.41943935 -9.68668747 16.77149582
v -0.69740993 -9.79101467 16.65157318
v -0.64871001 -9.60159874 16.72079468
v -0.16560274 -9.47969723 16.84753418
v -0.1385317 -9.19145298 16.86724472
v -0.21892169 -9.47300053 16.84301949
v -0.23659413 -9.19145298 16.85796928
v -0.31997418 -9.45683956 16.83074951
v -0.33408478 -9.19145298 16.84389114
v -0.37551919 -9.44632244 16.82180595
v -0.43143404 -9.43479443 16.81114578
v -0.43076935 -9.19145298 16.82505417
v -0.53452134 -9.4118681 16.78722572
v -0.52641362 -9.19145298 16.80150414
v -0.58966601 -9.3989563 16.77211571
v -16.52379036 0.97797644 9.75304127
v -16.86963844 0.0984703 9.19145298
v -16.76402664 0.64846551 9.19145298
v -16.78533936 0.58250529 9.19145298
v -16.72057533 0.75876564 9.27673054
v -16.66892624 0.11377493 10.11787128
v -16.71970177 0.10548898 10.00787163
v -16.67187119 0.23071475 10.08526611
v -16.71879578 0.21622993 9.98291588
v -16.80082703 0.09590895 9.7614584
v -16.65656471 0.47359052 9.99487782
v -16.7963295 0.19829875 9.74579811
v -16.6992836 0.45237103 9.90282345
v -16.8516407 0.0924015 9.48638725
v -16.61091805 0.7226181 9.87588215
v -16.55546951 0.95477217 9.69591713
v -16.84569931 0.1891772 9.47690964
v -16.86232948 0.19669852 9.19145298
v -16.85020256 0.2944504 9.19145298
v -16.77149582 0.41943935 9.68668747
v -16.65157318 0.69740993 9.79101467
v -16.59699631 0.91983098 9.61371708
v -16.81881905 0.39207846 9.44299221
v -16.83329964 0.39149165 9.19145298
v -16.81166458 0.48758805 9.19145298
v -16.72079468 0.64871001 9.60159874
v -16.63435173 0.88266575 9.53049469
v -16.66745567 0.84337044 9.446455
v -16.76974869 0.59779263 9.39702511
v -16.69622421 0.80203909 9.36179924
v -15.61766815 -0.06002299 -11.04629993
v -15.64870739 -0.11997194 -11.0305624
v -15.69120121 -0.20489648 -11.00440121
v -15.73171425 -0.28932586 -10.97385693
v -15.77015305 -0.37305719 -10.93901062
v -15.80642414 -0.45588756 -10.89994526
v -15.84043217 -0.53761411 -10.85674381
v 0.74558479 -9.25147629 -16.72693062
v 0.77662396 -9.31142521 -16.71119308
v 0.81911755 -9.39634991 -16.68503189
v 0.8596307 -9.48077869 -16.65448761
v 0.89806956 -9.56451035 -16.61964035
v 0.93434006 -9.64734077 -16.58057594
v 0.96834821 -9.7290678 -16.5373745
v 16.76402664 0.64846551 -9.19145298
v 16.78533936 0.58250529 -9.19145298
v 16.81166458 0.48758805 -9.19145298
v 16.83329964 0.39149165 -9.19145298
v 16.85020256 0.2944504 -9.19145298
v 16.86232948 0.19669852 -9.19145298
v 16.86963844 0.0984703 -9.19145298
v 16.01844215 1.10926223 10.39783478
v 16.00871658 1.06248522 10.44805717
v 15.99254704 0.99383044 10.51681328
v 15.97366905 0.92277259 10.58236504
v 15.95213318 0.84948784 10.64455986
v 15.92798996 0.7741524 10.70324707
v 15.90128994 0.69694239 10.75827312
v -0.06002299 11.04629993 15.61766815
v -0.11997194 11.0305624 15.64870739
v -0.20489648 11.00440121 15.69120121
v -0.28932586 10.97385693 15.73171425
v -0.37305719 10.93901062 15.77015305
v -0.45588756 10.89994526 15.80642414
v -0.53761411 10.85674381 15.84043217
v -15.85006046 0.56158763 -10.84316063
v -15.63084888 0.08527776 -11.03994465
v -16.42379189 0.07739378 -10.48666573
v -16.368927 0 -10.54901314
v -16.2679615 0.23342003 -10.62365246
v -16.22140312 -0.15702531 -10.67604828
v -16.22140312 0.15702531 -10.67604828
v -16.07191467 0.38949528 -10.74800873
v -15.82685566 0.50446439 -10.87483883
v -16.03137207 -0.31410509 -10.79452038
v -16.09282875 -0 -10.78479385
v -16.03137207 0.31410509 -10.79452038
v -15.79191494 0.42226359 -10.91636467
v -15.9277916 -0.15860701 -10.88470554
v -15.9277916 0.15860701 -10.88470554
v -15.7547493 0.33904168 -10.95372105
v -15.7154541 0.25500149 -10.98682499
v -15.80249977 0 -10.96206665
v -15.67412281 0.17034587 -11.01559353
v 0.0693086 -9.19145298 -16.87087059
v 0.62078333 -9.19145298 -16.77327919
v 0.11377493 -10.11787128 -16.66892624
v 0.10548898 -10.00787163 -16.71970177
v 0.23071475 -10.08526611 -16.67187119
v 0.21622993 -9.98291588 -16.71879578
v 0.09590895 -9.7614584 -16.80082703
v 0.47359052 -9.99487782 -16.65656471
v 0.19829875 -9.74579811 -16.7963295
v 0.45237103 -9.90282345 -16.6992836
v 0.7226181 -9.87588215 -16.61091805
v 0.41943935 -9.68668747 -16.77149582
v 0.69740993 -9.79101467 -16.65157318
v 0.64871001 -9.60159874 -16.72079468
v 0.16560274 -9.47969723 -16.84753418
v 0.1385317 -9.19145298 -16.86724472
v 0.21892169 -9.47300053 -16.84301949
v 0.23659413 -9.19145298 -16.85796928
v 0.31997418 -9.45683956 -16.83074951
v 0.33408478 -9.19145298 -16.84389114
v 0.37551919 -9.44632244 -16.82180595
v 0.43143404 -9.43479443 -16.81114578
v 0.43076935 -9.19145298 -16.82505417
v 0.53452134 -9.4118681 -16.78722572
v 0.52641362 -9.19145298 -16.80150414
v 0.58966601 -9.3989563 -16.77211571
v 16.52379036 0.97797644 -9.75304127
v 16.72057533 0.75876564 -9.27673054
v 16.67187119 0.23071475 -10.08526611
v 16.71879578 0.21622993 -9.98291588
v 16.65656471 0.47359052 -9.99487782
v 16.7963295 0.19829875 -9.74579811
v 16.6992836 0.45237103 -9.90282345
v 16.61091805 0.7226181 -9.87588215
v 16.55546951 0.95477217 -9.69591713
v 16.77149582 0.41943935 -9.68668747
v 16.65157318 0.69740993 -9.79101467
v 16.59699631 0.91983098 -9.61371708
v 16.72079468 0.64871001 -9.60159874
v 16.63435173 0.88266575 -9.53049469
v 16.66745567 0.84337044 -9.446455
v 16.84502792 0.1970799 -9.47591305
v 16.83966827 0.25096104 -9.4683342
v 16.82565689 0.35282174 -9.45074558
v 16.81568527 0.4086552 -9.43958282
v 16.80407524 0.46451989 -9.42764473
v 16.77845383 0.56725746 -9.40424538
v 16.69622421 0.80203909 -9.36179924
v 16.45448303 1.02081144 9.86518478
v 16.41693687 1.04038942 9.92006683
v 16.09979248 1.14243078 10.28117943
v 16.48898697 0.24807854 10.38117599
v 16.50256538 0.34986737 10.3327837
v 16.32723618 0.38860399 10.52774334
v 16.34395981 0.47787943 10.47774982
v 16.50098419 0.57492638 10.22367764
v 16.1290226 0.53900403 10.65560722
v 16.14829063 0.62020028 10.60534286
v 16.3520565 0.67866713 10.36535454
v 16.46239471 0.8143279 10.09710979
v 16.36040115 1.06605422 9.99653435
v 16.1701088 0.79300326 10.49262714
v 16.32871628 0.89102781 10.23599529
v 16.30026627 1.08914149 10.07105541
v 16.2366848 1.10960054 10.14345455
v 16.17195511 0.96724886 10.36427402
v 16.16980934 1.12738061 10.21355438
v 0.56158763 10.84316063 15.85006046
v 0.08527776 11.03994465 15.63084888
v 0.07739378 10.48666573 16.42379189
v 0 10.54901314 16.368927
v 0.23342003 10.62365246 16.2679615
v -0.15702531 10.67604828 16.22140312
v 0.15702531 10.67604828 16.22140312
v 0.38949528 10.74800873 16.07191467
v 0.50446439 10.87483883 15.82685566
v -0.31410509 10.79452038 16.03137207
v -0 10.78479385 16.09282875
v 0.31410509 10.79452038 16.03137207
v 0.42226359 10.91636467 15.79191494
v -0.15860701 10.88470554 15.9277916
v 0.15860701 10.88470554 15.9277916
v 0.33904168 10.95372105 15.7547493
v 0.25500149 10.98682499 15.7154541
v 0 10.96206665 15.80249977
v 0.17034587 11.01559353 15.67412281
v -9.19145298 16.87087059 -0.0693086
v -9.7290678 16.5373745 -0.96834821
v -9.25147629 16.72693062 -0.74558479
v -9.31142521 16.71119308 -0.77662396
v -9.19145298 16.77327919 -0.62078333
v -10.08526611 16.67187119 -0.23071475
v -9.98291588 16.71879578 -0.21622993
v -9.99487782 16.65656471 -0.47359052
v -9.74579811 16.7963295 -0.19829875
v -9.90282345 16.6992836 -0.45237103
v -9.87588215 16.61091805 -0.7226181
v -9.68668747 16.77149582 -0.41943935
v -9.79101467 16.65157318 -0.69740993
v -9.64734077 16.58057594 -0.93434006
v -9.56451035 16.61964035 -0.89806956
v -9.60159874 16.72079468 -0.64871001
v -9.48077869 16.65448761 -0.8596307
v -9.39634991 16.68503189 -0.81911755
v -9.47969723 16.84753418 -0.16560274
v -9.19145298 16.86724472 -0.1385317
v -9.47300053 16.84301949 -0.21892169
v -9.19145298 16.85796928 -0.23659413
v -9.45683956 16.83074951 -0.31997418
v -9.19145298 16.84389114 -0.33408478
v -9.44632244 16.82180595 -0.37551919
v -9.43479443 16.81114578 -0.43143404
v -9.19145298 16.82505417 -0.43076935
v -9.4118681 16.78722572 -0.53452134
v -9.19145298 16.80150414 -0.52641362
v -9.3989563 16.77211571 -0.58966601
v 1.14635849 10.30071545 -16.07846451
v 1.13663197 10.25393867 -16.1286869
v 1.12046349 10.18528366 -16.19744301
v 1.10158587 10.11422539 -16.26299477
v 1.08004987 10.04094124 -16.3251915
v 1.05590641 9.96560574 -16.3838768
v 1.02920616 9.88839531 -16.43890381
v 9.19145298 16.76402664 -0.64846551
v 9.19145298 16.78533936 -0.58250529
v 9.19145298 16.81166458 -0.48758805
v 9.19145298 16.83329964 -0.39149165
v 9.19145298 16.85020256 -0.2944504
v 9.19145298 16.86232948 -0.19669852
v 9.19145298 16.86963844 -0.0984703
v 0.67373127 10.77385235 -15.89289474
v 1.08972621 10.4191618 -16.01451492
v 0.24807854 10.38117599 -16.48898697
v 0.34986737 10.3327837 -16.50256538
v 0.38860399 10.52774334 -16.32723618
v 0.47787943 10.47774982 -16.34395981
v 0.57492638 10.22367764 -16.50098419
v 0.53900403 10.65560722 -16.1290226
v 0.72861332 10.73630714 -15.91247272
v 0.62020028 10.60534286 -16.14829063
v 0.80508089 10.67977142 -15.93813801
v 0.67866713 10.36535454 -16.3520565
v 0.79300326 10.49262714 -16.1701088
v 0.87960213 10.61963654 -15.96122551
v 0.95200092 10.55605507 -15.98168373
v 0.8172406 10.10279751 -16.45759201
v 0.83734214 10.14094257 -16.42397308
v 0.87604225 10.21022511 -16.35627174
v 0.89734143 10.24673271 -16.31683922
v 0.91845745 10.28237152 -16.27582359
v 0.95632529 10.34587097 -16.19649696
v 1.02210104 10.48917961 -15.99946404
v 9.75304127 16.52379036 -0.97797644
v 9.27673054 16.72057533 -0.75876564
v 10.08526611 16.67187119 -0.23071475
v 9.98291588 16.71879578 -0.21622993
v 9.99487782 16.65656471 -0.47359052
v 9.74579811 16.7963295 -0.19829875
v 9.90282345 16.6992836 -0.45237103
v 9.87588215 16.61091805 -0.7226181
v 9.69591713 16.55546951 -0.95477217
v 9.68668747 16.77149582 -0.41943935
v 9.79101467 16.65157318 -0.69740993
v 9.61371708 16.59699631 -0.91983098
v 9.60159874 16.72079468 -0.64871001
v 9.53049469 16.63435173 -0.88266575
v 9.446455 16.66745567 -0.84337044
v 9.47591305 16.84502792 -0.1970799
v 9.4683342 16.83966827 -0.25096104
v 9.45074558 16.82565689 -0.35282174
v 9.43958282 16.81568527 -0.4086552
v 9.42764473 16.80407524 -0.46451989
v 9.40424538 16.77845383 -0.56725746
v 9.36179924 16.69622421 -0.80203909
usemtl mat0
f 1 2 3
f 4 5 6
f 7 8 9
f 10 11 12
f 13 14 15
f 16 17 18
f 19 20 21
f 22 23 24
f 25 26 27
f 28 29 30
f 31 32 33
f 34 35 36
f 37 38 39
f 40 41 42
f 43 44 45
f 46 47 48
f 49 50 51
f 52 53 54
f 55 56 57
f 58 59 60
f 61 62 63
f 64 65 66
f 64 66 67
f 64 67 68
f 69 70 71
f 69 72 70
f 73 74 75
f 33 73 75
f 76 63 77
f 76 78 61
f 76 61 63
f 79 77 80
f 79 80 81
f 79 81 82
f 79 76 77
f 83 84 78
f 83 85 84
f 83 86 85
f 83 78 76
f 87 76 79
f 87 83 76
f 88 82 89
f 88 89 90
f 88 90 91
f 88 91 92
f 88 79 82
f 93 94 86
f 93 95 94
f 93 96 95
f 93 97 96
f 93 86 83
f 98 87 79
f 98 79 88
f 99 93 83
f 99 83 87
f 100 69 71
f 100 97 93
f 100 101 97
f 100 102 101
f 100 103 102
f 100 71 103
f 104 99 87
f 104 87 98
f 105 93 99
f 105 69 100
f 105 106 69
f 105 107 106
f 105 100 93
f 108 99 104
f 108 109 107
f 108 110 109
f 108 105 99
f 108 107 105
f 111 65 64
f 111 92 112
f 111 112 113
f 111 113 65
f 111 98 88
f 111 64 114
f 111 88 92
f 115 98 111
f 115 114 116
f 115 111 114
f 117 116 118
f 117 115 116
f 117 104 98
f 117 98 115
f 119 104 117
f 119 117 118
f 120 118 121
f 120 119 118
f 120 104 119
f 122 120 121
f 122 121 123
f 122 108 104
f 122 104 120
f 124 123 75
f 124 74 110
f 124 75 74
f 124 108 122
f 124 122 123
f 124 110 108
f 61 125 62
f 126 125 61
f 78 126 61
f 127 103 71
f 127 71 70
f 127 70 72
f 128 129 130
f 128 131 129
f 132 103 127
f 133 134 135
f 39 133 135
f 136 137 126
f 136 138 137
f 136 139 138
f 136 126 78
f 140 78 84
f 140 84 85
f 140 85 86
f 140 136 78
f 141 139 136
f 141 142 139
f 141 143 142
f 141 144 143
f 141 145 144
f 146 136 140
f 146 141 136
f 147 86 94
f 147 94 95
f 147 95 96
f 147 96 97
f 147 140 86
f 148 145 141
f 148 128 130
f 148 149 145
f 148 150 149
f 148 151 150
f 148 130 151
f 152 153 128
f 152 154 153
f 152 141 146
f 152 128 148
f 152 148 141
f 155 146 140
f 155 140 147
f 156 103 132
f 156 97 101
f 156 101 102
f 156 102 103
f 156 132 157
f 156 147 97
f 158 159 154
f 158 154 152
f 158 160 159
f 158 152 146
f 158 146 155
f 161 156 157
f 161 162 163
f 161 157 162
f 161 155 147
f 161 147 156
f 164 165 135
f 164 163 165
f 164 160 158
f 164 158 155
f 164 161 163
f 164 134 160
f 164 135 134
f 164 155 161
f 125 166 62
f 126 167 166
f 126 166 125
f 168 130 129
f 168 129 131
f 169 170 171
f 169 172 170
f 169 173 172
f 174 175 176
f 40 174 176
f 177 126 137
f 177 137 138
f 177 138 139
f 177 167 126
f 178 167 177
f 178 179 167
f 178 180 179
f 178 181 180
f 182 139 142
f 182 142 143
f 182 143 144
f 182 144 145
f 182 177 139
f 183 184 181
f 183 185 184
f 183 186 185
f 183 187 186
f 183 181 178
f 188 178 177
f 188 177 182
f 189 145 149
f 189 182 145
f 189 149 150
f 189 150 151
f 189 151 130
f 189 168 190
f 189 130 168
f 191 192 169
f 191 193 192
f 191 194 187
f 191 195 194
f 191 171 195
f 191 187 183
f 191 169 171
f 196 178 188
f 196 183 178
f 197 190 198
f 197 188 182
f 197 189 190
f 197 182 189
f 199 193 191
f 199 200 193
f 199 201 200
f 199 183 196
f 199 191 183
f 202 188 197
f 202 197 198
f 202 203 204
f 202 198 203
f 202 196 188
f 205 201 199
f 205 206 176
f 205 204 206
f 205 202 204
f 205 196 202
f 205 175 201
f 205 176 175
f 205 199 196
f 207 62 166
f 167 207 166
f 208 207 167
f 209 170 172
f 209 172 173
f 210 211 212
f 210 213 211
f 210 214 213
f 215 216 217
f 44 215 217
f 218 167 179
f 218 179 180
f 218 180 181
f 218 208 167
f 219 208 218
f 219 220 208
f 219 221 220
f 219 222 221
f 223 181 184
f 223 184 185
f 223 185 186
f 223 186 187
f 223 218 181
f 224 219 218
f 224 218 223
f 225 226 222
f 225 227 226
f 225 228 227
f 225 229 228
f 225 222 219
f 230 187 194
f 230 223 187
f 230 194 195
f 230 195 171
f 230 171 170
f 230 209 231
f 230 170 209
f 232 224 223
f 232 231 233
f 232 230 231
f 232 223 230
f 234 219 224
f 234 225 219
f 235 232 233
f 235 224 232
f 235 236 237
f 235 233 236
f 235 234 224
f 238 239 210
f 238 229 225
f 238 240 229
f 238 241 240
f 238 212 241
f 238 210 212
f 242 225 234
f 242 243 239
f 242 239 238
f 242 238 225
f 244 245 243
f 244 242 234
f 244 243 242
f 246 245 244
f 246 244 234
f 247 245 246
f 247 246 234
f 247 248 245
f 247 234 235
f 249 248 247
f 249 250 217
f 249 237 250
f 249 216 248
f 249 217 216
f 249 235 237
f 249 247 235
f 251 252 253
f 254 255 256
f 254 256 257
f 258 259 260
f 258 261 259
f 262 263 264
f 7 262 264
f 265 251 266
f 265 267 252
f 265 252 251
f 268 269 267
f 268 270 269
f 268 271 270
f 268 267 265
f 272 266 273
f 272 273 274
f 272 274 275
f 272 265 266
f 276 268 265
f 276 265 272
f 277 278 271
f 277 279 278
f 277 280 279
f 277 281 280
f 277 271 268
f 282 275 283
f 282 283 284
f 282 284 285
f 282 285 286
f 282 272 275
f 287 268 276
f 287 277 268
f 288 272 282
f 288 276 272
f 289 258 260
f 289 290 281
f 289 291 290
f 289 292 291
f 289 260 292
f 289 281 277
f 293 286 294
f 293 294 295
f 293 295 296
f 293 296 255
f 293 254 297
f 293 282 286
f 293 255 254
f 298 277 287
f 298 258 289
f 298 299 258
f 298 300 299
f 298 289 277
f 301 276 288
f 301 287 276
f 302 293 297
f 302 297 303
f 302 288 282
f 302 282 293
f 304 298 287
f 304 300 298
f 304 287 301
f 304 305 300
f 304 306 305
f 307 302 303
f 307 308 309
f 307 303 308
f 307 288 302
f 307 301 288
f 310 304 301
f 310 311 264
f 310 309 311
f 310 307 309
f 310 263 306
f 310 306 304
f 310 301 307
f 310 264 263
f 312 253 252
f 313 292 260
f 313 260 259
f 313 259 261
f 314 315 316
f 314 317 315
f 318 319 320
f 16 318 320
f 321 252 267
f 321 322 312
f 321 312 252
f 323 267 269
f 323 269 270
f 323 270 271
f 323 321 267
f 324 325 322
f 324 326 325
f 324 327 326
f 324 322 321
f 328 321 323
f 328 324 321
f 329 271 278
f 329 278 279
f 329 279 280
f 329 280 281
f 329 323 271
f 330 331 327
f 330 332 331
f 330 333 332
f 330 334 333
f 330 327 324
f 335 328 323
f 335 323 329
f 336 330 324
f 336 324 328
f 337 314 316
f 337 334 330
f 337 338 334
f 337 339 338
f 337 340 339
f 337 316 340
f 341 336 328
f 341 328 335
f 342 330 336
f 342 314 337
f 342 343 314
f 342 344 343
f 342 337 330
f 345 336 341
f 345 346 344
f 345 347 346
f 345 342 336
f 345 344 342
f 348 292 313
f 348 281 290
f 348 290 291
f 348 291 292
f 348 335 329
f 348 313 349
f 348 329 281
f 350 335 348
f 350 349 351
f 350 348 349
f 352 351 353
f 352 350 351
f 352 341 335
f 352 335 350
f 354 341 352
f 354 352 353
f 355 353 356
f 355 354 353
f 355 341 354
f 357 355 356
f 357 356 358
f 357 345 341
f 357 341 355
f 359 358 320
f 359 319 347
f 359 320 319
f 359 345 357
f 359 357 358
f 359 347 345
f 312 360 253
f 361 360 312
f 322 361 312
f 362 340 316
f 362 316 315
f 362 315 317
f 363 364 365
f 363 366 364
f 367 340 362
f 368 369 370
f 25 368 370
f 371 372 361
f 371 373 372
f 371 374 373
f 371 361 322
f 375 322 325
f 375 325 326
f 375 326 327
f 375 371 322
f 376 374 371
f 376 377 374
f 376 378 377
f 376 379 378
f 376 380 379
f 381 371 375
f 381 376 371
f 382 327 331
f 382 331 332
f 382 332 333
f 382 333 334
f 382 375 327
f 383 380 376
f 383 363 365
f 383 384 380
f 383 385 384
f 383 386 385
f 383 365 386
f 387 388 363
f 387 389 388
f 387 376 381
f 387 363 383
f 387 383 376
f 390 381 375
f 390 375 382
f 391 340 367
f 391 334 338
f 391 338 339
f 391 339 340
f 391 367 392
f 391 382 334
f 393 394 389
f 393 389 387
f 393 395 394
f 393 387 381
f 393 381 390
f 396 391 392
f 396 397 398
f 396 392 397
f 396 390 382
f 396 382 391
f 399 400 370
f 399 398 400
f 399 395 393
f 399 393 390
f 399 396 398
f 399 369 395
f 399 370 369
f 399 390 396
f 360 401 253
f 361 402 401
f 361 401 360
f 403 365 364
f 403 364 366
f 404 405 406
f 404 407 405
f 404 408 407
f 409 410 411
f 34 409 411
f 412 361 372
f 412 372 373
f 412 373 374
f 412 402 361
f 413 402 412
f 413 414 402
f 413 415 414
f 413 416 415
f 417 374 377
f 417 377 378
f 417 378 379
f 417 379 380
f 417 412 374
f 418 419 416
f 418 420 419
f 418 421 420
f 418 422 421
f 418 416 413
f 423 413 412
f 423 412 417
f 424 380 384
f 424 417 380
f 424 384 385
f 424 385 386
f 424 386 365
f 424 403 425
f 424 365 403
f 426 427 404
f 426 428 427
f 426 429 422
f 426 430 429
f 426 406 430
f 426 422 418
f 426 404 406
f 431 413 423
f 431 418 413
f 432 425 433
f 432 423 417
f 432 424 425
f 432 417 424
f 434 428 426
f 434 435 428
f 434 436 435
f 434 418 431
f 434 426 418
f 437 423 432
f 437 432 433
f 437 438 439
f 437 433 438
f 437 431 423
f 440 436 434
f 440 441 411
f 440 439 441
f 440 437 439
f 440 431 437
f 440 410 436
f 440 411 410
f 440 434 431
f 442 443 444
f 445 443 442
f 446 445 442
f 447 448 449
f 447 449 450
f 447 450 451
f 452 453 454
f 452 455 453
f 456 448 447
f 457 458 459
f 27 457 459
f 460 461 445
f 460 462 461
f 460 463 462
f 460 445 446
f 464 446 465
f 464 465 466
f 464 466 467
f 464 460 446
f 468 463 460
f 468 469 463
f 468 470 469
f 468 471 470
f 468 472 471
f 473 460 464
f 473 468 460
f 474 467 475
f 474 475 476
f 474 476 477
f 474 477 478
f 474 464 467
f 479 472 468
f 479 452 454
f 479 480 472
f 479 481 480
f 479 482 481
f 479 454 482
f 483 484 452
f 483 485 484
f 483 468 473
f 483 452 479
f 483 479 468
f 486 473 464
f 486 464 474
f 487 448 456
f 487 478 488
f 487 488 489
f 487 489 448
f 487 456 490
f 487 474 478
f 491 492 485
f 491 485 483
f 491 493 492
f 491 483 473
f 491 473 486
f 494 487 490
f 494 495 496
f 494 490 495
f 494 486 474
f 494 474 487
f 497 498 459
f 497 496 498
f 497 493 491
f 497 491 486
f 497 494 496
f 497 458 493
f 497 459 458
f 497 486 494
f 443 499 444
f 445 500 499
f 445 499 443
f 501 454 453
f 501 453 455
f 502 503 504
f 502 505 503
f 502 506 505
f 507 508 509
f 24 507 509
f 510 445 461
f 510 461 462
f 510 462 463
f 510 500 445
f 511 500 510
f 511 512 500
f 511 513 512
f 511 514 513
f 515 463 469
f 515 469 470
f 515 470 471
f 515 471 472
f 515 510 463
f 516 517 514
f 516 518 517
f 516 519 518
f 516 520 519
f 516 514 511
f 521 511 510
f 521 510 515
f 522 472 480
f 522 515 472
f 522 480 481
f 522 481 482
f 522 482 454
f 522 501 523
f 522 454 501
f 524 525 502
f 524 526 525
f 524 527 520
f 524 528 527
f 524 504 528
f 524 520 516
f 524 502 504
f 529 511 521
f 529 516 511
f 530 523 531
f 530 521 515
f 530 522 523
f 530 515 522
f 532 526 524
f 532 533 526
f 532 534 533
f 532 516 529
f 532 524 516
f 535 521 530
f 535 530 531
f 535 536 537
f 535 531 536
f 535 529 521
f 538 534 532
f 538 539 509
f 538 537 539
f 538 535 537
f 538 529 535
f 538 508 534
f 538 509 508
f 538 532 529
f 540 444 499
f 500 540 499
f 541 540 500
f 542 503 505
f 542 505 506
f 543 544 545
f 543 546 544
f 543 547 546
f 548 549 550
f 30 548 550
f 551 500 512
f 551 512 513
f 551 513 514
f 551 541 500
f 552 541 551
f 552 553 541
f 552 554 553
f 552 555 554
f 556 514 517
f 556 517 518
f 556 518 519
f 556 519 520
f 556 551 514
f 557 552 551
f 557 551 556
f 558 559 555
f 558 560 559
f 558 561 560
f 558 562 561
f 558 555 552
f 563 520 527
f 563 556 520
f 563 527 528
f 563 528 504
f 563 504 503
f 563 542 564
f 563 503 542
f 565 557 556
f 565 564 566
f 565 563 564
f 565 556 563
f 567 552 557
f 567 558 552
f 568 565 566
f 568 557 565
f 568 569 570
f 568 566 569
f 568 567 557
f 571 572 543
f 571 562 558
f 571 573 562
f 571 574 573
f 571 545 574
f 571 543 545
f 575 558 567
f 575 576 572
f 575 572 571
f 575 571 558
f 577 578 576
f 577 575 567
f 577 576 575
f 579 578 577
f 579 577 567
f 580 578 579
f 580 579 567
f 580 581 578
f 580 567 568
f 582 581 580
f 582 583 550
f 582 570 583
f 582 549 581
f 582 550 549
f 582 568 570
f 582 580 568
f 540 584 444
f 585 544 546
f 585 546 547
f 586 587 588
f 586 589 587
f 590 591 592
f 31 590 592
f 593 540 541
f 593 594 584
f 593 584 540
f 595 596 594
f 595 597 596
f 595 598 597
f 595 594 593
f 599 541 553
f 599 553 554
f 599 554 555
f 599 593 541
f 600 595 593
f 600 593 599
f 601 602 598
f 601 603 602
f 601 604 603
f 601 605 604
f 601 598 595
f 606 555 559
f 606 559 560
f 606 560 561
f 606 561 562
f 606 599 555
f 607 595 600
f 607 601 595
f 608 599 606
f 608 600 599
f 609 586 588
f 609 610 605
f 609 611 610
f 609 612 611
f 609 588 612
f 609 605 601
f 613 562 573
f 613 573 574
f 613 574 545
f 613 545 544
f 613 585 614
f 613 606 562
f 613 544 585
f 615 601 607
f 615 586 609
f 615 616 586
f 615 617 616
f 615 609 601
f 618 600 608
f 618 607 600
f 619 613 614
f 619 614 620
f 619 608 606
f 619 606 613
f 621 615 607
f 621 617 615
f 621 607 618
f 621 622 617
f 621 623 622
f 624 619 620
f 624 625 626
f 624 620 625
f 624 608 619
f 624 618 608
f 627 621 618
f 627 628 592
f 627 626 628
f 627 624 626
f 627 591 623
f 627 623 621
f 627 618 624
f 627 592 591
f 629 630 631
f 632 629 631
f 633 629 632
f 634 635 636
f 634 636 637
f 638 639 640
f 638 641 639
f 638 642 641
f 643 644 645
f 29 643 645
f 646 632 647
f 646 647 648
f 646 648 649
f 646 633 632
f 650 633 646
f 650 651 633
f 650 652 651
f 650 653 652
f 654 649 655
f 654 655 656
f 654 656 657
f 654 657 658
f 654 646 649
f 659 650 646
f 659 646 654
f 660 661 653
f 660 662 661
f 660 663 662
f 660 664 663
f 660 653 650
f 665 658 666
f 665 654 658
f 665 666 667
f 665 667 668
f 665 668 635
f 665 634 669
f 665 635 634
f 670 659 654
f 670 669 671
f 670 665 669
f 670 654 665
f 672 650 659
f 672 660 650
f 673 670 671
f 673 659 670
f 673 674 675
f 673 671 674
f 673 672 659
f 676 677 638
f 676 664 660
f 676 678 664
f 676 679 678
f 676 640 679
f 676 638 640
f 680 660 672
f 680 681 677
f 680 677 676
f 680 676 660
f 682 683 681
f 682 680 672
f 682 681 680
f 684 683 682
f 684 682 672
f 685 683 684
f 685 684 672
f 685 686 683
f 685 672 673
f 687 686 685
f 687 688 645
f 687 675 688
f 687 644 686
f 687 645 644
f 687 673 675
f 687 685 673
f 629 689 630
f 690 639 641
f 690 641 642
f 691 692 693
f 691 694 692
f 695 696 697
f 51 695 697
f 698 629 633
f 698 699 689
f 698 689 629
f 700 701 699
f 700 702 701
f 700 703 702
f 700 699 698
f 704 633 651
f 704 651 652
f 704 652 653
f 704 698 633
f 705 700 698
f 705 698 704
f 706 707 703
f 706 708 707
f 706 709 708
f 706 710 709
f 706 703 700
f 711 653 661
f 711 661 662
f 711 662 663
f 711 663 664
f 711 704 653
f 712 700 705
f 712 706 700
f 713 704 711
f 713 705 704
f 714 691 693
f 714 715 710
f 714 716 715
f 714 717 716
f 714 693 717
f 714 710 706
f 718 664 678
f 718 678 679
f 718 679 640
f 718 640 639
f 718 690 719
f 718 711 664
f 718 639 690
f 720 706 712
f 720 691 714
f 720 721 691
f 720 722 721
f 720 714 706
f 723 705 713
f 723 712 705
f 724 718 719
f 724 719 725
f 724 713 711
f 724 711 718
f 726 720 712
f 726 722 720
f 726 712 723
f 726 727 722
f 726 728 727
f 729 724 725
f 729 730 731
f 729 725 730
f 729 713 724
f 729 723 713
f 732 726 723
f 732 733 697
f 732 731 733
f 732 729 731
f 732 696 728
f 732 728 726
f 732 723 729
f 732 697 696
f 734 630 689
f 735 717 693
f 735 693 692
f 735 692 694
f 736 737 738
f 736 739 737
f 740 741 742
f 52 740 742
f 743 689 699
f 743 744 734
f 743 734 689
f 745 699 701
f 745 701 702
f 745 702 703
f 745 743 699
f 746 747 744
f 746 748 747
f 746 749 748
f 746 744 743
f 750 743 745
f 750 746 743
f 751 703 707
f 751 707 708
f 751 708 709
f 751 709 710
f 751 745 703
f 752 753 749
f 752 754 753
f 752 755 754
f 752 756 755
f 752 749 746
f 757 750 745
f 757 745 751
f 758 752 746
f 758 746 750
f 759 736 738
f 759 756 752
f 759 760 756
f 759 761 760
f 759 762 761
f 759 738 762
f 763 758 750
f 763 750 757
f 764 752 758
f 764 736 759
f 764 765 736
f 764 766 765
f 764 759 752
f 767 758 763
f 767 768 766
f 767 769 768
f 767 764 758
f 767 766 764
f 770 717 735
f 770 710 715
f 770 715 716
f 770 716 717
f 770 757 751
f 770 735 771
f 770 751 710
f 772 757 770
f 772 771 773
f 772 770 771
f 774 773 775
f 774 772 773
f 774 763 757
f 774 757 772
f 776 763 774
f 776 774 775
f 777 775 778
f 777 776 775
f 777 763 776
f 779 777 778
f 779 778 780
f 779 767 763
f 779 763 777
f 781 780 742
f 781 741 769
f 781 742 741
f 781 767 779
f 781 779 780
f 781 769 767
f 734 782 630
f 783 782 734
f 744 783 734
f 784 762 738
f 784 738 737
f 784 737 739
f 785 786 787
f 785 788 786
f 789 762 784
f 790 791 792
f 37 790 792
f 793 794 783
f 793 795 794
f 793 796 795
f 793 783 744
f 797 744 747
f 797 747 748
f 797 748 749
f 797 793 744
f 798 796 793
f 798 799 796
f 798 800 799
f 798 801 800
f 798 802 801
f 803 793 797
f 803 798 793
f 804 749 753
f 804 753 754
f 804 754 755
f 804 755 756
f 804 797 749
f 805 802 798
f 805 785 787
f 805 806 802
f 805 807 806
f 805 808 807
f 805 787 808
f 809 810 785
f 809 811 810
f 809 798 803
f 809 785 805
f 809 805 798
f 812 803 797
f 812 797 804
f 813 762 789
f 813 756 760
f 813 760 761
f 813 761 762
f 813 789 814
f 813 804 756
f 815 816 811
f 815 811 809
f 815 817 816
f 815 809 803
f 815 803 812
f 818 813 814
f 818 819 820
f 818 814 819
f 818 812 804
f 818 804 813
f 821 822 792
f 821 820 822
f 821 817 815
f 821 815 812
f 821 818 820
f 821 791 817
f 821 792 791
f 821 812 818
f 823 824 825
f 826 827 824
f 826 824 823
f 828 829 830
f 828 830 831
f 832 833 834
f 832 835 833
f 832 836 835
f 837 838 839
f 54 837 839
f 840 826 841
f 840 841 842
f 840 842 843
f 840 827 826
f 844 827 840
f 844 845 827
f 844 846 845
f 844 847 846
f 848 843 849
f 848 849 850
f 848 850 851
f 848 851 852
f 848 840 843
f 853 854 847
f 853 855 854
f 853 856 855
f 853 857 856
f 853 847 844
f 858 844 840
f 858 840 848
f 859 852 860
f 859 848 852
f 859 860 861
f 859 861 862
f 859 862 829
f 859 828 863
f 859 829 828
f 864 865 832
f 864 866 865
f 864 867 857
f 864 868 867
f 864 834 868
f 864 857 853
f 864 832 834
f 869 844 858
f 869 853 844
f 870 863 871
f 870 858 848
f 870 859 863
f 870 848 859
f 872 866 864
f 872 873 866
f 872 874 873
f 872 853 869
f 872 864 853
f 875 858 870
f 875 870 871
f 875 876 877
f 875 871 876
f 875 869 858
f 878 874 872
f 878 879 839
f 878 877 879
f 878 875 877
f 878 869 875
f 878 838 874
f 878 839 838
f 878 872 869
f 880 825 824
f 827 880 824
f 881 880 827
f 882 833 835
f 882 835 836
f 883 884 885
f 883 886 884
f 883 887 886
f 888 889 890
f 46 888 890
f 891 827 845
f 891 845 846
f 891 846 847
f 891 881 827
f 892 881 891
f 892 893 881
f 892 894 893
f 892 895 894
f 896 847 854
f 896 854 855
f 896 855 856
f 896 856 857
f 896 891 847
f 897 892 891
f 897 891 896
f 898 899 895
f 898 900 899
f 898 901 900
f 898 902 901
f 898 895 892
f 903 857 867
f 903 896 857
f 903 867 868
f 903 868 834
f 903 834 833
f 903 882 904
f 903 833 882
f 905 897 896
f 905 904 906
f 905 903 904
f 905 896 903
f 907 892 897
f 907 898 892
f 908 905 906
f 908 897 905
f 908 909 910
f 908 906 909
f 908 907 897
f 911 912 883
f 911 902 898
f 911 913 902
f 911 914 913
f 911 885 914
f 911 883 885
f 915 898 907
f 915 916 912
f 915 912 911
f 915 911 898
f 917 918 916
f 917 915 907
f 917 916 915
f 919 918 917
f 919 917 907
f 920 918 919
f 920 919 907
f 920 921 918
f 920 907 908
f 922 921 920
f 922 923 890
f 922 910 923
f 922 889 921
f 922 890 889
f 922 908 910
f 922 920 908
f 880 924 825
f 925 884 886
f 925 886 887
f 926 927 928
f 926 929 927
f 930 931 932
f 1 930 932
f 933 880 881
f 933 934 924
f 933 924 880
f 935 936 934
f 935 937 936
f 935 938 937
f 935 934 933
f 939 881 893
f 939 893 894
f 939 894 895
f 939 933 881
f 940 935 933
f 940 933 939
f 941 942 938
f 941 943 942
f 941 944 943
f 941 945 944
f 941 938 935
f 946 895 899
f 946 899 900
f 946 900 901
f 946 901 902
f 946 939 895
f 947 935 940
f 947 941 935
f 948 939 946
f 948 940 939
f 949 926 928
f 949 950 945
f 949 951 950
f 949 952 951
f 949 928 952
f 949 945 941
f 953 902 913
f 953 913 914
f 953 914 885
f 953 885 884
f 953 925 954
f 953 946 902
f 953 884 925
f 955 941 947
f 955 926 949
f 955 956 926
f 955 957 956
f 955 949 941
f 958 940 948
f 958 947 940
f 959 953 954
f 959 954 960
f 959 948 946
f 959 946 953
f 961 955 947
f 961 957 955
f 961 947 958
f 961 962 957
f 961 963 962
f 964 959 960
f 964 965 966
f 964 960 965
f 964 948 959
f 964 958 948
f 967 961 958
f 967 968 932
f 967 966 968
f 967 964 966
f 967 931 963
f 967 963 961
f 967 958 964
f 967 932 931
f 969 825 924
f 970 952 928
f 970 928 927
f 970 927 929
f 971 972 973
f 971 974 972
f 975 976 977
f 41 975 977
f 978 924 934
f 978 979 969
f 978 969 924
f 980 934 936
f 980 936 937
f 980 937 938
f 980 978 934
f 981 982 979
f 981 983 982
f 981 984 983
f 981 979 978
f 985 978 980
f 985 981 978
f 986 938 942
f 986 942 943
f 986 943 944
f 986 944 945
f 986 980 938
f 987 988 984
f 987 989 988
f 987 990 989
f 987 991 990
f 987 984 981
f 992 985 980
f 992 980 986
f 993 987 981
f 993 981 985
f 994 971 973
f 994 991 987
f 994 995 991
f 994 996 995
f 994 997 996
f 994 973 997
f 998 993 985
f 998 985 992
f 999 987 993
f 999 971 994
f 999 1000 971
f 999 1001 1000
f 999 994 987
f 1002 993 998
f 1002 1003 1001
f 1002 1004 1003
f 1002 999 993
f 1002 1001 999
f 1005 952 970
f 1005 945 950
f 1005 950 951
f 1005 951 952
f 1005 992 986
f 1005 970 1006
f 1005 986 945
f 1007 992 1005
f 1007 1006 1008
f 1007 1005 1006
f 1009 1008 1010
f 1009 1007 1008
f 1009 998 992
f 1009 992 1007
f 1011 998 1009
f 1011 1009 1010
f 1012 1010 1013
f 1012 1011 1010
f 1012 998 1011
f 1014 1012 1013
f 1014 1013 1015
f 1014 1002 998
f 1014 998 1012
f 1016 1015 977
f 1016 976 1004
f 1016 977 976
f 1016 1002 1014
f 1016 1014 1015
f 1016 1004 1002
f 1017 1018 1019
f 1020 1021 1022
f 1020 1022 1023
f 1020 1023 1024
f 1025 1026 1027
f 1025 1028 1026
f 1029 1030 1031
f 3 1029 1031
f 1032 1019 1033
f 1032 1034 1017
f 1032 1017 1019
f 1035 1033 1036
f 1035 1036 1037
f 1035 1037 1038
f 1035 1032 1033
f 1039 1040 1034
f 1039 1041 1040
f 1039 1042 1041
f 1039 1034 1032
f 1043 1032 1035
f 1043 1039 1032
f 1044 1038 1045
f 1044 1045 1046
f 1044 1046 1047
f 1044 1047 1048
f 1044 1035 1038
f 1049 1050 1042
f 1049 1051 1050
f 1049 1052 1051
f 1049 1053 1052
f 1049 1042 1039
f 1054 1043 1035
f 1054 1035 1044
f 1055 1049 1039
f 1055 1039 1043
f 1056 1025 1027
f 1056 1053 1049
f 1056 1057 1053
f 1056 1058 1057
f 1056 1059 1058
f 1056 1027 1059
f 1060 1055 1043
f 1060 1043 1054
f 1061 1049 1055
f 1061 1025 1056
f 1061 1062 1025
f 1061 1063 1062
f 1061 1056 1049
f 1064 1055 1060
f 1064 1065 1063
f 1064 1066 1065
f 1064 1061 1055
f 1064 1063 1061
f 1067 1021 1020
f 1067 1048 1068
f 1067 1068 1069
f 1067 1069 1021
f 1067 1054 1044
f 1067 1020 1070
f 1067 1044 1048
f 1071 1054 1067
f 1071 1070 1072
f 1071 1067 1070
f 1073 1072 1074
f 1073 1071 1072
f 1073 1060 1054
f 1073 1054 1071
f 1075 1060 1073
f 1075 1073 1074
f 1076 1074 1077
f 1076 1075 1074
f 1076 1060 1075
f 1078 1076 1077
f 1078 1077 1079
f 1078 1064 1060
f 1078 1060 1076
f 1080 1079 1031
f 1080 1030 1066
f 1080 1031 1030
f 1080 1064 1078
f 1080 1078 1079
f 1080 1066 1064
f 1017 1081 1018
f 1082 1081 1017
f 1034 1082 1017
f 1083 1059 1027
f 1083 1027 1026
f 1083 1026 1028
f 1084 1085 1086
f 1084 1087 1085
f 1088 1059 1083
f 1089 1090 1091
f 4 1089 1091
f 1092 1093 1082
f 1092 1094 1093
f 1092 1095 1094
f 1092 1082 1034
f 1096 1034 1040
f 1096 1040 1041
f 1096 1041 1042
f 1096 1092 1034
f 1097 1095 1092
f 1097 1098 1095
f 1097 1099 1098
f 1097 1100 1099
f 1097 1101 1100
f 1102 1092 1096
f 1102 1097 1092
f 1103 1042 1050
f 1103 1050 1051
f 1103 1051 1052
f 1103 1052 1053
f 1103 1096 1042
f 1104 1101 1097
f 1104 1084 1086
f 1104 1105 1101
f 1104 1106 1105
f 1104 1107 1106
f 1104 1086 1107
f 1108 1109 1084
f 1108 1110 1109
f 1108 1097 1102
f 1108 1084 1104
f 1108 1104 1097
f 1111 1102 1096
f 1111 1096 1103
f 1112 1059 1088
f 1112 1053 1057
f 1112 1057 1058
f 1112 1058 1059
f 1112 1088 1113
f 1112 1103 1053
f 1114 1115 1110
f 1114 1110 1108
f 1114 1116 1115
f 1114 1108 1102
f 1114 1102 1111
f 1117 1112 1113
f 1117 1118 1119
f 1117 1113 1118
f 1117 1111 1103
f 1117 1103 1112
f 1120 1121 1091
f 1120 1119 1121
f 1120 1116 1114
f 1120 1114 1111
f 1120 1117 1119
f 1120 1090 1116
f 1120 1091 1090
f 1120 1111 1117
f 1081 1122 1018
f 1082 1123 1122
f 1082 1122 1081
f 1124 1086 1085
f 1124 1085 1087
f 1125 1126 1127
f 1125 1128 1126
f 1125 1129 1128
f 1130 1131 1132
f 8 1130 1132
f 1133 1082 1093
f 1133 1093 1094
f 1133 1094 1095
f 1133 1123 1082
f 1134 1123 1133
f 1134 1135 1123
f 1134 1136 1135
f 1134 1137 1136
f 1138 1095 1098
f 1138 1098 1099
f 1138 1099 1100
f 1138 1100 1101
f 1138 1133 1095
f 1139 1140 1137
f 1139 1141 1140
f 1139 1142 1141
f 1139 1143 1142
f 1139 1137 1134
f 1144 1134 1133
f 1144 1133 1138
f 1145 1101 1105
f 1145 1138 1101
f 1145 1105 1106
f 1145 1106 1107
f 1145 1107 1086
f 1145 1124 1146
f 1145 1086 1124
f 1147 1148 1125
f 1147 1149 1148
f 1147 1150 1143
f 1147 1151 1150
f 1147 1127 1151
f 1147 1143 1139
f 1147 1125 1127
f 1152 1134 1144
f 1152 1139 1134
f 1153 1146 1154
f 1153 1144 1138
f 1153 1145 1146
f 1153 1138 1145
f 1155 1149 1147
f 1155 1156 1149
f 1155 1157 1156
f 1155 1139 1152
f 1155 1147 1139
f 1158 1144 1153
f 1158 1153 1154
f 1158 1159 1160
f 1158 1154 1159
f 1158 1152 1144
f 1161 1157 1155
f 1161 1162 1132
f 1161 1160 1162
f 1161 1158 1160
f 1161 1152 1158
f 1161 1131 1157
f 1161 1132 1131
f 1161 1155 1152
f 1163 1018 1122
f 1123 1163 1122
f 1164 1163 1123
f 1165 1126 1128
f 1165 1128 1129
f 1166 1167 1168
f 1166 1169 1167
f 1166 1170 1169
f 1171 1172 1173
f 45 1171 1173
f 1174 1123 1135
f 1174 1135 1136
f 1174 1136 1137
f 1174 1164 1123
f 1175 1164 1174
f 1175 1176 1164
f 1175 1177 1176
f 1175 1178 1177
f 1179 1137 1140
f 1179 1140 1141
f 1179 1141 1142
f 1179 1142 1143
f 1179 1174 1137
f 1180 1175 1174
f 1180 1174 1179
f 1181 1182 1178
f 1181 1183 1182
f 1181 1184 1183
f 1181 1185 1184
f 1181 1178 1175
f 1186 1143 1150
f 1186 1179 1143
f 1186 1150 1151
f 1186 1151 1127
f 1186 1127 1126
f 1186 1165 1187
f 1186 1126 1165
f 1188 1180 1179
f 1188 1187 1189
f 1188 1186 1187
f 1188 1179 1186
f 1190 1175 1180
f 1190 1181 1175
f 1191 1188 1189
f 1191 1180 1188
f 1191 1192 1193
f 1191 1189 1192
f 1191 1190 1180
f 1194 1195 1166
f 1194 1185 1181
f 1194 1196 1185
f 1194 1197 1196
f 1194 1168 1197
f 1194 1166 1168
f 1198 1181 1190
f 1198 1199 1195
f 1198 1195 1194
f 1198 1194 1181
f 1200 1201 1199
f 1200 1198 1190
f 1200 1199 1198
f 1202 1201 1200
f 1202 1200 1190
f 1203 1201 1202
f 1203 1202 1190
f 1203 1204 1201
f 1203 1190 1191
f 1205 1204 1203
f 1205 1206 1173
f 1205 1193 1206
f 1205 1172 1204
f 1205 1173 1172
f 1205 1191 1193
f 1205 1203 1191
f 1207 1208 1209
f 1210 1208 1207
f 1211 1210 1207
f 1212 1213 1214
f 1212 1214 1215
f 1212 1215 1216
f 1217 1218 1219
f 1217 1220 1218
f 1221 1213 1212
f 1222 1223 1224
f 6 1222 1224
f 1225 1226 1210
f 1225 1227 1226
f 1225 1228 1227
f 1225 1210 1211
f 1229 1211 1230
f 1229 1230 1231
f 1229 1231 1232
f 1229 1225 1211
f 1233 1228 1225
f 1233 1234 1228
f 1233 1235 1234
f 1233 1236 1235
f 1233 1237 1236
f 1238 1225 1229
f 1238 1233 1225
f 1239 1232 1240
f 1239 1240 1241
f 1239 1241 1242
f 1239 1242 1243
f 1239 1229 1232
f 1244 1237 1233
f 1244 1217 1219
f 1244 1245 1237
f 1244 1246 1245
f 1244 1247 1246
f 1244 1219 1247
f 1248 1249 1217
f 1248 1250 1249
f 1248 1233 1238
f 1248 1217 1244
f 1248 1244 1233
f 1251 1238 1229
f 1251 1229 1239
f 1252 1213 1221
f 1252 1243 1253
f 1252 1253 1254
f 1252 1254 1213
f 1252 1221 1255
f 1252 1239 1243
f 1256 1257 1250
f 1256 1250 1248
f 1256 1258 1257
f 1256 1248 1238
f 1256 1238 1251
f 1259 1252 1255
f 1259 1260 1261
f 1259 1255 1260
f 1259 1251 1239
f 1259 1239 1252
f 1262 1263 1224
f 1262 1261 1263
f 1262 1258 1256
f 1262 1256 1251
f 1262 1259 1261
f 1262 1223 1258
f 1262 1224 1223
f 1262 1251 1259
f 1208 1264 1209
f 1210 1265 1264
f 1210 1264 1208
f 1266 1219 1218
f 1266 1218 1220
f 1267 1268 1269
f 1267 1270 1268
f 1267 1271 1270
f 1272 1273 1274
f 12 1272 1274
f 1275 1210 1226
f 1275 1226 1227
f 1275 1227 1228
f 1275 1265 1210
f 1276 1265 1275
f 1276 1277 1265
f 1276 1278 1277
f 1276 1279 1278
f 1280 1228 1234
f 1280 1234 1235
f 1280 1235 1236
f 1280 1236 1237
f 1280 1275 1228
f 1281 1282 1279
f 1281 1283 1282
f 1281 1284 1283
f 1281 1285 1284
f 1281 1279 1276
f 1286 1276 1275
f 1286 1275 1280
f 1287 1237 1245
f 1287 1280 1237
f 1287 1245 1246
f 1287 1246 1247
f 1287 1247 1219
f 1287 1266 1288
f 1287 1219 1266
f 1289 1290 1267
f 1289 1291 1290
f 1289 1292 1285
f 1289 1293 1292
f 1289 1269 1293
f 1289 1285 1281
f 1289 1267 1269
f 1294 1276 1286
f 1294 1281 1276
f 1295 1288 1296
f 1295 1286 1280
f 1295 1287 1288
f 1295 1280 1287
f 1297 1291 1289
f 1297 1298 1291
f 1297 1299 1298
f 1297 1281 1294
f 1297 1289 1281
f 1300 1286 1295
f 1300 1295 1296
f 1300 1301 1302
f 1300 1296 1301
f 1300 1294 1286
f 1303 1299 1297
f 1303 1304 1274
f 1303 1302 1304
f 1303 1300 1302
f 1303 1294 1300
f 1303 1273 1299
f 1303 1274 1273
f 1303 1297 1294
f 1305 1209 1264
f 1265 1305 1264
f 1306 1305 1265
f 1307 1268 1270
f 1307 1270 1271
f 1308 1309 1310
f 1308 1311 1309
f 1308 1312 1311
f 1313 1314 1315
f 13 1313 1315
f 1316 1265 1277
f 1316 1277 1278
f 1316 1278 1279
f 1316 1306 1265
f 1317 1306 1316
f 1317 1318 1306
f 1317 1319 1318
f 1317 1320 1319
f 1321 1279 1282
f 1321 1282 1283
f 1321 1283 1284
f 1321 1284 1285
f 1321 1316 1279
f 1322 1317 1316
f 1322 1316 1321
f 1323 1324 1320
f 1323 1325 1324
f 1323 1326 1325
f 1323 1327 1326
f 1323 1320 1317
f 1328 1285 1292
f 1328 1321 1285
f 1328 1292 1293
f 1328 1293 1269
f 1328 1269 1268
f 1328 1307 1329
f 1328 1268 1307
f 1330 1322 1321
f 1330 1329 1331
f 1330 1328 1329
f 1330 1321 1328
f 1332 1317 1322
f 1332 1323 1317
f 1333 1330 1331
f 1333 1322 1330
f 1333 1334 1335
f 1333 1331 1334
f 1333 1332 1322
f 1336 1337 1308
f 1336 1327 1323
f 1336 1338 1327
f 1336 1339 1338
f 1336 1310 1339
f 1336 1308 1310
f 1340 1323 1332
f 1340 1341 1337
f 1340 1337 1336
f 1340 1336 1323
f 1342 1343 1341
f 1342 1340 1332
f 1342 1341 1340
f 1344 1343 1342
f 1344 1342 1332
f 1345 1343 1344
f 1345 1344 1332
f 1345 1346 1343
f 1345 1332 1333
f 1347 1346 1345
f 1347 1348 1315
f 1347 1335 1348
f 1347 1314 1346
f 1347 1315 1314
f 1347 1333 1335
f 1347 1345 1333
f 1305 1349 1209
f 1350 1309 1311
f 1350 1311 1312
f 1351 1352 1353
f 1351 1354 1352
f 1355 1356 1357
f 17 1355 1357
f 1358 1305 1306
f 1358 1359 1349
f 1358 1349 1305
f 1360 1361 1359
f 1360 1362 1361
f 1360 1363 1362
f 1360 1359 1358
f 1364 1306 1318
f 1364 1318 1319
f 1364 1319 1320
f 1364 1358 1306
f 1365 1360 1358
f 1365 1358 1364
f 1366 1367 1363
f 1366 1368 1367
f 1366 1369 1368
f 1366 1370 1369
f 1366 1363 1360
f 1371 1320 1324
f 1371 1324 1325
f 1371 1325 1326
f 1371 1326 1327
f 1371 1364 1320
f 1372 1360 1365
f 1372 1366 1360
f 1373 1364 1371
f 1373 1365 1364
f 1374 1351 1353
f 1374 1375 1370
f 1374 1376 1375
f 1374 1377 1376
f 1374 1353 1377
f 1374 1370 1366
f 1378 1327 1338
f 1378 1338 1339
f 1378 1339 1310
f 1378 1310 1309
f 1378 1350 1379
f 1378 1371 1327
f 1378 1309 1350
f 1380 1366 1372
f 1380 1351 1374
f 1380 1381 1351
f 1380 1382 1381
f 1380 1374 1366
f 1383 1365 1373
f 1383 1372 1365
f 1384 1378 1379
f 1384 1379 1385
f 1384 1373 1371
f 1384 1371 1378
f 1386 1380 1372
f 1386 1382 1380
f 1386 1372 1383
f 1386 1387 1382
f 1386 1388 1387
f 1389 1384 1385
f 1389 1390 1391
f 1389 1385 1390
f 1389 1373 1384
f 1389 1383 1373
f 1392 1386 1383
f 1392 1393 1357
f 1392 1391 1393
f 1392 1389 1391
f 1392 1356 1388
f 1392 1388 1386
f 1392 1383 1389
f 1392 1357 1356
f 1394 1395 1396
f 1397 1394 1396
f 1398 1394 1397
f 1399 1400 1401
f 1399 1401 1402
f 1403 1404 1405
f 1403 1406 1404
f 1403 1407 1406
f 1408 1409 1410
f 15 1408 1410
f 1411 1397 1412
f 1411 1412 1413
f 1411 1413 1414
f 1411 1398 1397
f 1415 1398 1411
f 1415 1416 1398
f 1415 1417 1416
f 1415 1418 1417
f 1419 1414 1420
f 1419 1420 1421
f 1419 1421 1422
f 1419 1422 1423
f 1419 1411 1414
f 1424 1415 1411
f 1424 1411 1419
f 1425 1426 1418
f 1425 1427 1426
f 1425 1428 1427
f 1425 1429 1428
f 1425 1418 1415
f 1430 1423 1431
f 1430 1419 1423
f 1430 1431 1432
f 1430 1432 1433
f 1430 1433 1400
f 1430 1399 1434
f 1430 1400 1399
f 1435 1424 1419
f 1435 1434 1436
f 1435 1430 1434
f 1435 1419 1430
f 1437 1415 1424
f 1437 1425 1415
f 1438 1435 1436
f 1438 1424 1435
f 1438 1439 1440
f 1438 1436 1439
f 1438 1437 1424
f 1441 1442 1403
f 1441 1429 1425
f 1441 1443 1429
f 1441 1444 1443
f 1441 1405 1444
f 1441 1403 1405
f 1445 1425 1437
f 1445 1446 1442
f 1445 1442 1441
f 1445 1441 1425
f 1447 1448 1446
f 1447 1445 1437
f 1447 1446 1445
f 1449 1448 1447
f 1449 1447 1437
f 1450 1448 1449
f 1450 1449 1437
f 1450 1451 1448
f 1450 1437 1438
f 1452 1451 1450
f 1452 1453 1410
f 1452 1440 1453
f 1452 1409 1451
f 1452 1410 1409
f 1452 1438 1440
f 1452 1450 1438
f 1394 1454 1395
f 1455 1404 1406
f 1455 1406 1407
f 1456 1457 1458
f 1456 1459 1457
f 1460 1461 1462
f 21 1460 1462
f 1463 1394 1398
f 1463 1464 1454
f 1463 1454 1394
f 1465 1466 1464
f 1465 1467 1466
f 1465 1468 1467
f 1465 1464 1463
f 1469 1398 1416
f 1469 1416 1417
f 1469 1417 1418
f 1469 1463 1398
f 1470 1465 1463
f 1470 1463 1469
f 1471 1472 1468
f 1471 1473 1472
f 1471 1474 1473
f 1471 1475 1474
f 1471 1468 1465
f 1476 1418 1426
f 1476 1426 1427
f 1476 1427 1428
f 1476 1428 1429
f 1476 1469 1418
f 1477 1465 1470
f 1477 1471 1465
f 1478 1469 1476
f 1478 1470 1469
f 1479 1456 1458
f 1479 1480 1475
f 1479 1481 1480
f 1479 1482 1481
f 1479 1458 1482
f 1479 1475 1471
f 1483 1429 1443
f 1483 1443 1444
f 1483 1444 1405
f 1483 1405 1404
f 1483 1455 1484
f 1483 1476 1429
f 1483 1404 1455
f 1485 1471 1477
f 1485 1456 1479
f 1485 1486 1456
f 1485 1487 1486
f 1485 1479 1471
f 1488 1470 1478
f 1488 1477 1470
f 1489 1483 1484
f 1489 1484 1490
f 1489 1478 1476
f 1489 1476 1483
f 1491 1485 1477
f 1491 1487 1485
f 1491 1477 1488
f 1491 1492 1487
f 1491 1493 1492
f 1494 1489 1490
f 1494 1495 1496
f 1494 1490 1495
f 1494 1478 1489
f 1494 1488 1478
f 1497 1491 1488
f 1497 1498 1462
f 1497 1496 1498
f 1497 1494 1496
f 1497 1461 1493
f 1497 1493 1491
f 1497 1488 1494
f 1497 1462 1461
f 1499 1395 1454
f 1500 1482 1458
f 1500 1458 1457
f 1500 1457 1459
f 1501 1502 1503
f 1501 1504 1502
f 1505 1506 1507
f 22 1505 1507
f 1508 1454 1464
f 1508 1509 1499
f 1508 1499 1454
f 1510 1464 1466
f 1510 1466 1467
f 1510 1467 1468
f 1510 1508 1464
f 1511 1512 1509
f 1511 1513 1512
f 1511 1514 1513
f 1511 1509 1508
f 1515 1508 1510
f 1515 1511 1508
f 1516 1468 1472
f 1516 1472 1473
f 1516 1473 1474
f 1516 1474 1475
f 1516 1510 1468
f 1517 1518 1514
f 1517 1519 1518
f 1517 1520 1519
f 1517 1521 1520
f 1517 1514 1511
f 1522 1515 1510
f 1522 1510 1516
f 1523 1517 1511
f 1523 1511 1515
f 1524 1501 1503
f 1524 1521 1517
f 1524 1525 1521
f 1524 1526 1525
f 1524 1527 1526
f 1524 1503 1527
f 1528 1523 1515
f 1528 1515 1522
f 1529 1517 1523
f 1529 1501 1524
f 1529 1530 1501
f 1529 1531 1530
f 1529 1524 1517
f 1532 1523 1528
f 1532 1533 1531
f 1532 1534 1533
f 1532 1529 1523
f 1532 1531 1529
f 1535 1482 1500
f 1535 1475 1480
f 1535 1480 1481
f 1535 1481 1482
f 1535 1522 1516
f 1535 1500 1536
f 1535 1516 1475
f 1537 1522 1535
f 1537 1536 1538
f 1537 1535 1536
f 1539 1538 1540
f 1539 1537 1538
f 1539 1528 1522
f 1539 1522 1537
f 1541 1528 1539
f 1541 1539 1540
f 1542 1540 1543
f 1542 1541 1540
f 1542 1528 1541
f 1544 1542 1543
f 1544 1543 1545
f 1544 1532 1528
f 1544 1528 1542
f 1546 1545 1507
f 1546 1506 1534
f 1546 1507 1506
f 1546 1532 1544
f 1546 1544 1545
f 1546 1534 1532
f 1499 1547 1395
f 1548 1547 1499
f 1509 1548 1499
f 1549 1527 1503
f 1549 1503 1502
f 1549 1502 1504
f 1550 1551 1552
f 1550 1553 1551
f 1554 1527 1549
f 1555 1556 1557
f 26 1555 1557
f 1558 1559 1548
f 1558 1560 1559
f 1558 1561 1560
f 1558 1548 1509
f 1562 1509 1512
f 1562 1512 1513
f 1562 1513 1514
f 1562 1558 1509
f 1563 1561 1558
f 1563 1564 1561
f 1563 1565 1564
f 1563 1566 1565
f 1563 1567 1566
f 1568 1558 1562
f 1568 1563 1558
f 1569 1514 1518
f 1569 1518 1519
f 1569 1519 1520
f 1569 1520 1521
f 1569 1562 1514
f 1570 1567 1563
f 1570 1550 1552
f 1570 1571 1567
f 1570 1572 1571
f 1570 1573 1572
f 1570 1552 1573
f 1574 1575 1550
f 1574 1576 1575
f 1574 1563 1568
f 1574 1550 1570
f 1574 1570 1563
f 1577 1568 1562
f 1577 1562 1569
f 1578 1527 1554
f 1578 1521 1525
f 1578 1525 1526
f 1578 1526 1527
f 1578 1554 1579
f 1578 1569 1521
f 1580 1581 1576
f 1580 1576 1574
f 1580 1582 1581
f 1580 1574 1568
f 1580 1568 1577
f 1583 1578 1579
f 1583 1584 1585
f 1583 1579 1584
f 1583 1577 1569
f 1583 1569 1578
f 1586 1587 1557
f 1586 1585 1587
f 1586 1582 1580
f 1586 1580 1577
f 1586 1583 1585
f 1586 1556 1582
f 1586 1557 1556
f 1586 1577 1583
f 1588 1589 1590
f 1591 1592 1593
f 1591 1593 1594
f 1591 1594 1595
f 1596 1597 1598
f 1596 1599 1597
f 1600 1601 1602
f 20 1600 1602
f 1603 1590 1604
f 1603 1605 1588
f 1603 1588 1590
f 1606 1604 1607
f 1606 1607 1608
f 1606 1608 1609
f 1606 1603 1604
f 1610 1611 1605
f 1610 1612 1611
f 1610 1613 1612
f 1610 1605 1603
f 1614 1603 1606
f 1614 1610 1603
f 1615 1609 1616
f 1615 1616 1617
f 1615 1617 1618
f 1615 1618 1619
f 1615 1606 1609
f 1620 1621 1613
f 1620 1622 1621
f 1620 1623 1622
f 1620 1624 1623
f 1620 1613 1610
f 1625 1614 1606
f 1625 1606 1615
f 1626 1620 1610
f 1626 1610 1614
f 1627 1596 1598
f 1627 1624 1620
f 1627 1628 1624
f 1627 1629 1628
f 1627 1630 1629
f 1627 1598 1630
f 1631 1626 1614
f 1631 1614 1625
f 1632 1620 1626
f 1632 1596 1627
f 1632 1633 1596
f 1632 1634 1633
f 1632 1627 1620
f 1635 1626 1631
f 1635 1636 1634
f 1635 1637 1636
f 1635 1632 1626
f 1635 1634 1632
f 1638 1592 1591
f 1638 1619 1639
f 1638 1639 1640
f 1638 1640 1592
f 1638 1625 1615
f 1638 1591 1641
f 1638 1615 1619
f 1642 1625 1638
f 1642 1641 1643
f 1642 1638 1641
f 1644 1643 1645
f 1644 1642 1643
f 1644 1631 1625
f 1644 1625 1642
f 1646 1631 1644
f 1646 1644 1645
f 1647 1645 1648
f 1647 1646 1645
f 1647 1631 1646
f 1649 1647 1648
f 1649 1648 1650
f 1649 1635 1631
f 1649 1631 1647
f 1651 1650 1602
f 1651 1601 1637
f 1651 1602 1601
f 1651 1635 1649
f 1651 1649 1650
f 1651 1637 1635
f 1588 1652 1589
f 1653 1652 1588
f 1605 1653 1588
f 1654 1630 1598
f 1654 1598 1597
f 1654 1597 1599
f 1655 1656 1657
f 1655 1658 1656
f 1659 1630 1654
f 1660 1661 1662
f 57 1660 1662
f 1663 1664 1653
f 1663 1665 1664
f 1663 1666 1665
f 1663 1653 1605
f 1667 1605 1611
f 1667 1611 1612
f 1667 1612 1613
f 1667 1663 1605
f 1668 1666 1663
f 1668 1669 1666
f 1668 1670 1669
f 1668 1671 1670
f 1668 1672 1671
f 1673 1663 1667
f 1673 1668 1663
f 1674 1613 1621
f 1674 1621 1622
f 1674 1622 1623
f 1674 1623 1624
f 1674 1667 1613
f 1675 1672 1668
f 1675 1655 1657
f 1675 1676 1672
f 1675 1677 1676
f 1675 1678 1677
f 1675 1657 1678
f 1679 1680 1655
f 1679 1681 1680
f 1679 1668 1673
f 1679 1655 1675
f 1679 1675 1668
f 1682 1673 1667
f 1682 1667 1674
f 1683 1630 1659
f 1683 1624 1628
f 1683 1628 1629
f 1683 1629 1630
f 1683 1659 1684
f 1683 1674 1624
f 1685 1686 1681
f 1685 1681 1679
f 1685 1687 1686
f 1685 1679 1673
f 1685 1673 1682
f 1688 1683 1684
f 1688 1689 1690
f 1688 1684 1689
f 1688 1682 1674
f 1688 1674 1683
f 1691 1692 1662
f 1691 1690 1692
f 1691 1687 1685
f 1691 1685 1682
f 1691 1688 1690
f 1691 1661 1687
f 1691 1662 1661
f 1691 1682 1688
f 1652 1693 1589
f 1653 1694 1693
f 1653 1693 1652
f 1695 1657 1656
f 1695 1656 1658
f 1696 1697 1698
f 1696 1699 1697
f 1696 1700 1699
f 1701 1702 1703
f 49 1701 1703
f 1704 1653 1664
f 1704 1664 1665
f 1704 1665 1666
f 1704 1694 1653
f 1705 1694 1704
f 1705 1706 1694
f 1705 1707 1706
f 1705 1708 1707
f 1709 1666 1669
f 1709 1669 1670
f 1709 1670 1671
f 1709 1671 1672
f 1709 1704 1666
f 1710 1711 1708
f 1710 1712 1711
f 1710 1713 1712
f 1710 1714 1713
f 1710 1708 1705
f 1715 1705 1704
f 1715 1704 1709
f 1716 1672 1676
f 1716 1709 1672
f 1716 1676 1677
f 1716 1677 1678
f 1716 1678 1657
f 1716 1695 1717
f 1716 1657 1695
f 1718 1719 1696
f 1718 1720 1719
f 1718 1721 1714
f 1718 1722 1721
f 1718 1698 1722
f 1718 1714 1710
f 1718 1696 1698
f 1723 1705 1715
f 1723 1710 1705
f 1724 1717 1725
f 1724 1715 1709
f 1724 1716 1717
f 1724 1709 1716
f 1726 1720 1718
f 1726 1727 1720
f 1726 1728 1727
f 1726 1710 1723
f 1726 1718 1710
f 1729 1715 1724
f 1729 1724 1725
f 1729 1730 1731
f 1729 1725 1730
f 1729 1723 1715
f 1732 1728 1726
f 1732 1733 1703
f 1732 1731 1733
f 1732 1729 1731
f 1732 1723 1729
f 1732 1702 1728
f 1732 1703 1702
f 1732 1726 1723
f 1734 1589 1693
f 1694 1734 1693
f 1735 1734 1694
f 1736 1697 1699
f 1736 1699 1700
f 1737 1738 1739
f 1737 1740 1738
f 1737 1741 1740
f 1742 1743 1744
f 28 1742 1744
f 1745 1694 1706
f 1745 1706 1707
f 1745 1707 1708
f 1745 1735 1694
f 1746 1735 1745
f 1746 1747 1735
f 1746 1748 1747
f 1746 1749 1748
f 1750 1708 1711
f 1750 1711 1712
f 1750 1712 1713
f 1750 1713 1714
f 1750 1745 1708
f 1751 1746 1745
f 1751 1745 1750
f 1752 1753 1749
f 1752 1754 1753
f 1752 1755 1754
f 1752 1756 1755
f 1752 1749 1746
f 1757 1714 1721
f 1757 1750 1714
f 1757 1721 1722
f 1757 1722 1698
f 1757 1698 1697
f 1757 1736 1758
f 1757 1697 1736
f 1759 1751 1750
f 1759 1758 1760
f 1759 1757 1758
f 1759 1750 1757
f 1761 1746 1751
f 1761 1752 1746
f 1762 1759 1760
f 1762 1751 1759
f 1762 1763 1764
f 1762 1760 1763
f 1762 1761 1751
f 1765 1766 1737
f 1765 1756 1752
f 1765 1767 1756
f 1765 1768 1767
f 1765 1739 1768
f 1765 1737 1739
f 1769 1752 1761
f 1769 1770 1766
f 1769 1766 1765
f 1769 1765 1752
f 1771 1772 1770
f 1771 1769 1761
f 1771 1770 1769
f 1773 1772 1771
f 1773 1771 1761
f 1774 1772 1773
f 1774 1773 1761
f 1774 1775 1772
f 1774 1761 1762
f 1776 1775 1774
f 1776 1777 1744
f 1776 1764 1777
f 1776 1743 1775
f 1776 1744 1743
f 1776 1762 1764
f 1776 1774 1762
f 1778 1779 1780
f 1781 1779 1778
f 1782 1781 1778
f 1783 1784 1785
f 1783 1785 1786
f 1783 1786 1787
f 1788 1789 1790
f 1788 1791 1789
f 1792 1784 1783
f 1793 1794 1795
f 56 1793 1795
f 1796 1797 1781
f 1796 1798 1797
f 1796 1799 1798
f 1796 1781 1782
f 1800 1782 1801
f 1800 1801 1802
f 1800 1802 1803
f 1800 1796 1782
f 1804 1799 1796
f 1804 1805 1799
f 1804 1806 1805
f 1804 1807 1806
f 1804 1808 1807
f 1809 1796 1800
f 1809 1804 1796
f 1810 1803 1811
f 1810 1811 1812
f 1810 1812 1813
f 1810 1813 1814
f 1810 1800 1803
f 1815 1808 1804
f 1815 1788 1790
f 1815 1816 1808
f 1815 1817 1816
f 1815 1818 1817
f 1815 1790 1818
f 1819 1820 1788
f 1819 1821 1820
f 1819 1804 1809
f 1819 1788 1815
f 1819 1815 1804
f 1822 1809 1800
f 1822 1800 1810
f 1823 1784 1792
f 1823 1814 1824
f 1823 1824 1825
f 1823 1825 1784
f 1823 1792 1826
f 1823 1810 1814
f 1827 1828 1821
f 1827 1821 1819
f 1827 1829 1828
f 1827 1819 1809
f 1827 1809 1822
f 1830 1823 1826
f 1830 1831 1832
f 1830 1826 1831
f 1830 1822 1810
f 1830 1810 1823
f 1833 1834 1795
f 1833 1832 1834
f 1833 1829 1827
f 1833 1827 1822
f 1833 1830 1832
f 1833 1794 1829
f 1833 1795 1794
f 1833 1822 1830
f 1779 1835 1780
f 1781 1836 1835
f 1781 1835 1779
f 1837 1790 1789
f 1837 1789 1791
f 1838 1839 1840
f 1838 1841 1839
f 1838 1842 1841
f 1843 1844 1845
f 59 1843 1845
f 1846 1781 1797
f 1846 1797 1798
f 1846 1798 1799
f 1846 1836 1781
f 1847 1836 1846
f 1847 1848 1836
f 1847 1849 1848
f 1847 1850 1849
f 1851 1799 1805
f 1851 1805 1806
f 1851 1806 1807
f 1851 1807 1808
f 1851 1846 1799
f 1852 1853 1850
f 1852 1854 1853
f 1852 1855 1854
f 1852 1856 1855
f 1852 1850 1847
f 1857 1847 1846
f 1857 1846 1851
f 1858 1808 1816
f 1858 1851 1808
f 1858 1816 1817
f 1858 1817 1818
f 1858 1818 1790
f 1858 1837 1859
f 1858 1790 1837
f 1860 1861 1838
f 1860 1862 1861
f 1860 1863 1856
f 1860 1864 1863
f 1860 1840 1864
f 1860 1856 1852
f 1860 1838 1840
f 1865 1847 1857
f 1865 1852 1847
f 1866 1859 1867
f 1866 1857 1851
f 1866 1858 1859
f 1866 1851 1858
f 1868 1862 1860
f 1868 1869 1862
f 1868 1870 1869
f 1868 1852 1865
f 1868 1860 1852
f 1871 1857 1866
f 1871 1866 1867
f 1871 1872 1873
f 1871 1867 1872
f 1871 1865 1857
f 1874 1870 1868
f 1874 1875 1845
f 1874 1873 1875
f 1874 1871 1873
f 1874 1865 1871
f 1874 1844 1870
f 1874 1845 1844
f 1874 1868 1865
f 1876 1780 1835
f 1836 1876 1835
f 1877 1876 1836
f 1878 1839 1841
f 1878 1841 1842
f 1879 1880 1881
f 1879 1882 1880
f 1879 1883 1882
f 1884 1885 1886
f 47 1884 1886
f 1887 1836 1848
f 1887 1848 1849
f 1887 1849 1850
f 1887 1877 1836
f 1888 1877 1887
f 1888 1889 1877
f 1888 1890 1889
f 1888 1891 1890
f 1892 1850 1853
f 1892 1853 1854
f 1892 1854 1855
f 1892 1855 1856
f 1892 1887 1850
f 1893 1888 1887
f 1893 1887 1892
f 1894 1895 1891
f 1894 1896 1895
f 1894 1897 1896
f 1894 1898 1897
f 1894 1891 1888
f 1899 1856 1863
f 1899 1892 1856
f 1899 1863 1864
f 1899 1864 1840
f 1899 1840 1839
f 1899 1878 1900
f 1899 1839 1878
f 1901 1893 1892
f 1901 1900 1902
f 1901 1899 1900
f 1901 1892 1899
f 1903 1888 1893
f 1903 1894 1888
f 1904 1901 1902
f 1904 1893 1901
f 1904 1905 1906
f 1904 1902 1905
f 1904 1903 1893
f 1907 1908 1879
f 1907 1898 1894
f 1907 1909 1898
f 1907 1910 1909
f 1907 1881 1910
f 1907 1879 1881
f 1911 1894 1903
f 1911 1912 1908
f 1911 1908 1907
f 1911 1907 1894
f 1913 1914 1912
f 1913 1911 1903
f 1913 1912 1911
f 1915 1914 1913
f 1915 1913 1903
f 1916 1914 1915
f 1916 1915 1903
f 1916 1917 1914
f 1916 1903 1904
f 1918 1917 1916
f 1918 1919 1886
f 1918 1906 1919
f 1918 1885 1917
f 1918 1886 1885
f 1918 1904 1906
f 1918 1916 1904
f 1876 1920 1780
f 1921 1880 1882
f 1921 1882 1883
f 1922 1923 1924
f 1922 1925 1923
f 1926 1927 1928
f 53 1926 1928
f 1929 1876 1877
f 1929 1930 1920
f 1929 1920 1876
f 1931 1932 1930
f 1931 1933 1932
f 1931 1934 1933
f 1931 1930 1929
f 1935 1877 1889
f 1935 1889 1890
f 1935 1890 1891
f 1935 1929 1877
f 1936 1931 1929
f 1936 1929 1935
f 1937 1938 1934
f 1937 1939 1938
f 1937 1940 1939
f 1937 1941 1940
f 1937 1934 1931
f 1942 1891 1895
f 1942 1895 1896
f 1942 1896 1897
f 1942 1897 1898
f 1942 1935 1891
f 1943 1931 1936
f 1943 1937 1931
f 1944 1935 1942
f 1944 1936 1935
f 1945 1922 1924
f 1945 1946 1941
f 1945 1947 1946
f 1945 1948 1947
f 1945 1924 1948
f 1945 1941 1937
f 1949 1898 1909
f 1949 1909 1910
f 1949 1910 1881
f 1949 1881 1880
f 1949 1921 1950
f 1949 1942 1898
f 1949 1880 1921
f 1951 1937 1943
f 1951 1922 1945
f 1951 1952 1922
f 1951 1953 1952
f 1951 1945 1937
f 1954 1936 1944
f 1954 1943 1936
f 1955 1949 1950
f 1955 1950 1956
f 1955 1944 1942
f 1955 1942 1949
f 1957 1951 1943
f 1957 1953 1951
f 1957 1943 1954
f 1957 1958 1953
f 1957 1959 1958
f 1960 1955 1956
f 1960 1961 1962
f 1960 1956 1961
f 1960 1944 1955
f 1960 1954 1944
f 1963 1957 1954
f 1963 1964 1928
f 1963 1962 1964
f 1963 1960 1962
f 1963 1927 1959
f 1963 1959 1957
f 1963 1954 1960
f 1963 1928 1927
f 1965 1966 1967
f 1968 1969 1970
f 1968 1970 1971
f 1972 1973 1974
f 1972 1975 1973
f 1976 1977 1978
f 58 1976 1978
f 1979 1965 1980
f 1979 1981 1966
f 1979 1966 1965
f 1982 1983 1981
f 1982 1984 1983
f 1982 1985 1984
f 1982 1981 1979
f 1986 1980 1987
f 1986 1987 1988
f 1986 1988 1989
f 1986 1979 1980
f 1990 1982 1979
f 1990 1979 1986
f 1991 1992 1985
f 1991 1993 1992
f 1991 1994 1993
f 1991 1995 1994
f 1991 1985 1982
f 1996 1989 1997
f 1996 1997 1998
f 1996 1998 1999
f 1996 1999 2000
f 1996 1986 1989
f 2001 1982 1990
f 2001 1991 1982
f 2002 1986 1996
f 2002 1990 1986
f 2003 1972 1974
f 2003 2004 1995
f 2003 2005 2004
f 2003 2006 2005
f 2003 1974 2006
f 2003 1995 1991
f 2007 2000 2008
f 2007 2008 2009
f 2007 2009 2010
f 2007 2010 1969
f 2007 1968 2011
f 2007 1996 2000
f 2007 1969 1968
f 2012 1991 2001
f 2012 1972 2003
f 2012 2013 1972
f 2012 2014 2013
f 2012 2003 1991
f 2015 1990 2002
f 2015 2001 1990
f 2016 2007 2011
f 2016 2011 2017
f 2016 2002 1996
f 2016 1996 2007
f 2018 2012 2001
f 2018 2014 2012
f 2018 2001 2015
f 2018 2019 2014
f 2018 2020 2019
f 2021 2016 2017
f 2021 2022 2023
f 2021 2017 2022
f 2021 2002 2016
f 2021 2015 2002
f 2024 2018 2015
f 2024 2025 1978
f 2024 2023 2025
f 2024 2021 2023
f 2024 1977 2020
f 2024 2020 2018
f 2024 2015 2021
f 2024 1978 1977
f 2026 1967 1966
f 2027 2006 1974
f 2027 1974 1973
f 2027 1973 1975
f 2028 2029 2030
f 2028 2031 2029
f 2032 2033 2034
f 10 2032 2034
f 2035 1966 1981
f 2035 2036 2026
f 2035 2026 1966
f 2037 1981 1983
f 2037 1983 1984
f 2037 1984 1985
f 2037 2035 1981
f 2038 2039 2036
f 2038 2040 2039
f 2038 2041 2040
f 2038 2036 2035
f 2042 2035 2037
f 2042 2038 2035
f 2043 1985 1992
f 2043 1992 1993
f 2043 1993 1994
f 2043 1994 1995
f 2043 2037 1985
f 2044 2045 2041
f 2044 2046 2045
f 2044 2047 2046
f 2044 2048 2047
f 2044 2041 2038
f 2049 2042 2037
f 2049 2037 2043
f 2050 2044 2038
f 2050 2038 2042
f 2051 2028 2030
f 2051 2048 2044
f 2051 2052 2048
f 2051 2053 2052
f 2051 2054 2053
f 2051 2030 2054
f 2055 2050 2042
f 2055 2042 2049
f 2056 2044 2050
f 2056 2028 2051
f 2056 2057 2028
f 2056 2058 2057
f 2056 2051 2044
f 2059 2050 2055
f 2059 2060 2058
f 2059 2061 2060
f 2059 2056 2050
f 2059 2058 2056
f 2062 2006 2027
f 2062 1995 2004
f 2062 2004 2005
f 2062 2005 2006
f 2062 2049 2043
f 2062 2027 2063
f 2062 2043 1995
f 2064 2049 2062
f 2064 2063 2065
f 2064 2062 2063
f 2066 2065 2067
f 2066 2064 2065
f 2066 2055 2049
f 2066 2049 2064
f 2068 2055 2066
f 2068 2066 2067
f 2069 2067 2070
f 2069 2068 2067
f 2069 2055 2068
f 2071 2069 2070
f 2071 2070 2072
f 2071 2059 2055
f 2071 2055 2069
f 2073 2072 2034
f 2073 2033 2061
f 2073 2034 2033
f 2073 2059 2071
f 2073 2071 2072
f 2073 2061 2059
f 2026 2074 1967
f 2075 2074 2026
f 2036 2075 2026
f 2076 2054 2030
f 2076 2030 2029
f 2076 2029 2031
f 2077 2078 2079
f 2077 2080 2078
f 2081 2054 2076
f 2082 2083 2084
f 5 2082 2084
f 2085 2086 2075
f 2085 2087 2086
f 2085 2088 2087
f 2085 2075 2036
f 2089 2036 2039
f 2089 2039 2040
f 2089 2040 2041
f 2089 2085 2036
f 2090 2088 2085
f 2090 2091 2088
f 2090 2092 2091
f 2090 2093 2092
f 2090 2094 2093
f 2095 2085 2089
f 2095 2090 2085
f 2096 2041 2045
f 2096 2045 2046
f 2096 2046 2047
f 2096 2047 2048
f 2096 2089 2041
f 2097 2094 2090
f 2097 2077 2079
f 2097 2098 2094
f 2097 2099 2098
f 2097 2100 2099
f 2097 2079 2100
f 2101 2102 2077
f 2101 2103 2102
f 2101 2090 2095
f 2101 2077 2097
f 2101 2097 2090
f 2104 2095 2089
f 2104 2089 2096
f 2105 2054 2081
f 2105 2048 2052
f 2105 2052 2053
f 2105 2053 2054
f 2105 2081 2106
f 2105 2096 2048
f 2107 2108 2103
f 2107 2103 2101
f 2107 2109 2108
f 2107 2101 2095
f 2107 2095 2104
f 2110 2105 2106
f 2110 2111 2112
f 2110 2106 2111
f 2110 2104 2096
f 2110 2096 2105
f 2113 2114 2084
f 2113 2112 2114
f 2113 2109 2107
f 2113 2107 2104
f 2113 2110 2112
f 2113 2083 2109
f 2113 2084 2083
f 2113 2104 2110
f 2074 2115 1967
f 2075 2116 2115
f 2075 2115 2074
f 2117 2079 2078
f 2117 2078 2080
f 2118 2119 2120
f 2118 2121 2119
f 2118 2122 2121
f 2123 2124 2125
f 2 2123 2125
f 2126 2075 2086
f 2126 2086 2087
f 2126 2087 2088
f 2126 2116 2075
f 2127 2116 2126
f 2127 2128 2116
f 2127 2129 2128
f 2127 2130 2129
f 2131 2088 2091
f 2131 2091 2092
f 2131 2092 2093
f 2131 2093 2094
f 2131 2126 2088
f 2132 2133 2130
f 2132 2134 2133
f 2132 2135 2134
f 2132 2136 2135
f 2132 2130 2127
f 2137 2127 2126
f 2137 2126 2131
f 2138 2094 2098
f 2138 2131 2094
f 2138 2098 2099
f 2138 2099 2100
f 2138 2100 2079
f 2138 2117 2139
f 2138 2079 2117
f 2140 2141 2118
f 2140 2142 2141
f 2140 2143 2136
f 2140 2144 2143
f 2140 2120 2144
f 2140 2136 2132
f 2140 2118 2120
f 2145 2127 2137
f 2145 2132 2127
f 2146 2139 2147
f 2146 2137 2131
f 2146 2138 2139
f 2146 2131 2138
f 2148 2142 2140
f 2148 2149 2142
f 2148 2150 2149
f 2148 2132 2145
f 2148 2140 2132
f 2151 2137 2146
f 2151 2146 2147
f 2151 2152 2153
f 2151 2147 2152
f 2151 2145 2137
f 2154 2150 2148
f 2154 2155 2125
f 2154 2153 2155
f 2154 2151 2153
f 2154 2145 2151
f 2154 2124 2150
f 2154 2125 2124
f 2154 2148 2145
f 2156 2157 2158
f 2159 2160 2161
f 2159 2161 2162
f 2159 2162 2163
f 2164 2165 2166
f 2164 2167 2165
f 2168 2169 2170
f 60 2168 2170
f 2171 2158 2172
f 2171 2173 2156
f 2171 2156 2158
f 2174 2172 2175
f 2174 2175 2176
f 2174 2176 2177
f 2174 2171 2172
f 2178 2179 2173
f 2178 2180 2179
f 2178 2181 2180
f 2178 2173 2171
f 2182 2171 2174
f 2182 2178 2171
f 2183 2177 2184
f 2183 2184 2185
f 2183 2185 2186
f 2183 2186 2187
f 2183 2174 2177
f 2188 2189 2181
f 2188 2190 2189
f 2188 2191 2190
f 2188 2192 2191
f 2188 2181 2178
f 2193 2182 2174
f 2193 2174 2183
f 2194 2188 2178
f 2194 2178 2182
f 2195 2164 2166
f 2195 2192 2188
f 2195 2196 2192
f 2195 2197 2196
f 2195 2198 2197
f 2195 2166 2198
f 2199 2194 2182
f 2199 2182 2193
f 2200 2188 2194
f 2200 2164 2195
f 2200 2201 2164
f 2200 2202 2201
f 2200 2195 2188
f 2203 2194 2199
f 2203 2204 2202
f 2203 2205 2204
f 2203 2200 2194
f 2203 2202 2200
f 2206 2160 2159
f 2206 2187 2207
f 2206 2207 2208
f 2206 2208 2160
f 2206 2193 2183
f 2206 2159 2209
f 2206 2183 2187
f 2210 2193 2206
f 2210 2209 2211
f 2210 2206 2209
f 2212 2211 2213
f 2212 2210 2211
f 2212 2199 2193
f 2212 2193 2210
f 2214 2199 2212
f 2214 2212 2213
f 2215 2213 2216
f 2215 2214 2213
f 2215 2199 2214
f 2217 2215 2216
f 2217 2216 2218
f 2217 2203 2199
f 2217 2199 2215
f 2219 2218 2170
f 2219 2169 2205
f 2219 2170 2169
f 2219 2203 2217
f 2219 2217 2218
f 2219 2205 2203
f 2156 2220 2157
f 2221 2220 2156
f 2173 2221 2156
f 2222 2198 2166
f 2222 2166 2165
f 2222 2165 2167
f 2223 2224 2225
f 2223 2226 2224
f 2227 2198 2222
f 2228 2229 2230
f 55 2228 2230
f 2231 2232 2221
f 2231 2233 2232
f 2231 2234 2233
f 2231 2221 2173
f 2235 2173 2179
f 2235 2179 2180
f 2235 2180 2181
f 2235 2231 2173
f 2236 2234 2231
f 2236 2237 2234
f 2236 2238 2237
f 2236 2239 2238
f 2236 2240 2239
f 2241 2231 2235
f 2241 2236 2231
f 2242 2181 2189
f 2242 2189 2190
f 2242 2190 2191
f 2242 2191 2192
f 2242 2235 2181
f 2243 2240 2236
f 2243 2223 2225
f 2243 2244 2240
f 2243 2245 2244
f 2243 2246 2245
f 2243 2225 2246
f 2247 2248 2223
f 2247 2249 2248
f 2247 2236 2241
f 2247 2223 2243
f 2247 2243 2236
f 2250 2241 2235
f 2250 2235 2242
f 2251 2198 2227
f 2251 2192 2196
f 2251 2196 2197
f 2251 2197 2198
f 2251 2227 2252
f 2251 2242 2192
f 2253 2254 2249
f 2253 2249 2247
f 2253 2255 2254
f 2253 2247 2241
f 2253 2241 2250
f 2256 2251 2252
f 2256 2257 2258
f 2256 2252 2257
f 2256 2250 2242
f 2256 2242 2251
f 2259 2260 2230
f 2259 2258 2260
f 2259 2255 2253
f 2259 2253 2250
f 2259 2256 2258
f 2259 2229 2255
f 2259 2230 2229
f 2259 2250 2256
f 2220 2261 2157
f 2221 2262 2261
f 2221 2261 2220
f 2263 2225 2224
f 2263 2224 2226
f 2264 2265 2266
f 2264 2267 2265
f 2264 2268 2267
f 2269 2270 2271
f 19 2269 2271
f 2272 2221 2232
f 2272 2232 2233
f 2272 2233 2234
f 2272 2262 2221
f 2273 2262 2272
f 2273 2274 2262
f 2273 2275 2274
f 2273 2276 2275
f 2277 2234 2237
f 2277 2237 2238
f 2277 2238 2239
f 2277 2239 2240
f 2277 2272 2234
f 2278 2279 2276
f 2278 2280 2279
f 2278 2281 2280
f 2278 2282 2281
f 2278 2276 2273
f 2283 2273 2272
f 2283 2272 2277
f 2284 2240 2244
f 2284 2277 2240
f 2284 2244 2245
f 2284 2245 2246
f 2284 2246 2225
f 2284 2263 2285
f 2284 2225 2263
f 2286 2287 2264
f 2286 2288 2287
f 2286 2289 2282
f 2286 2290 2289
f 2286 2266 2290
f 2286 2282 2278
f 2286 2264 2266
f 2291 2273 2283
f 2291 2278 2273
f 2292 2285 2293
f 2292 2283 2277
f 2292 2284 2285
f 2292 2277 2284
f 2294 2288 2286
f 2294 2295 2288
f 2294 2296 2295
f 2294 2278 2291
f 2294 2286 2278
f 2297 2283 2292
f 2297 2292 2293
f 2297 2298 2299
f 2297 2293 2298
f 2297 2291 2283
f 2300 2296 2294
f 2300 2301 2271
f 2300 2299 2301
f 2300 2297 2299
f 2300 2291 2297
f 2300 2270 2296
f 2300 2271 2270
f 2300 2294 2291
f 2302 2157 2261
f 2262 2302 2261
f 2303 2302 2262
f 2304 2265 2267
f 2304 2267 2268
f 2305 2306 2307
f 2305 2308 2306
f 2305 2309 2308
f 2310 2311 2312
f 14 2310 2312
f 2313 2262 2274
f 2313 2274 2275
f 2313 2275 2276
f 2313 2303 2262
f 2314 2303 2313
f 2314 2315 2303
f 2314 2316 2315
f 2314 2317 2316
f 2318 2276 2279
f 2318 2279 2280
f 2318 2280 2281
f 2318 2281 2282
f 2318 2313 2276
f 2319 2314 2313
f 2319 2313 2318
f 2320 2321 2317
f 2320 2322 2321
f 2320 2323 2322
f 2320 2324 2323
f 2320 2317 2314
f 2325 2282 2289
f 2325 2318 2282
f 2325 2289 2290
f 2325 2290 2266
f 2325 2266 2265
f 2325 2304 2326
f 2325 2265 2304
f 2327 2319 2318
f 2327 2326 2328
f 2327 2325 2326
f 2327 2318 2325
f 2329 2314 2319
f 2329 2320 2314
f 2330 2327 2328
f 2330 2319 2327
f 2330 2331 2332
f 2330 2328 2331
f 2330 2329 2319
f 2333 2334 2305
f 2333 2324 2320
f 2333 2335 2324
f 2333 2336 2335
f 2333 2307 2336
f 2333 2305 2307
f 2337 2320 2329
f 2337 2338 2334
f 2337 2334 2333
f 2337 2333 2320
f 2339 2340 2338
f 2339 2337 2329
f 2339 2338 2337
f 2341 2340 2339
f 2341 2339 2329
f 2342 2340 2341
f 2342 2341 2329
f 2342 2343 2340
f 2342 2329 2330
f 2344 2343 2342
f 2344 2345 2312
f 2344 2332 2345
f 2344 2311 2343
f 2344 2312 2311
f 2344 2330 2332
f 2344 2342 2330
f 2346 11 10
f 2346 10 2034
f 2347 2034 2072
f 2347 2346 2034
f 2348 2072 2070
f 2348 2347 2072
f 2349 2070 2067
f 2349 2348 2070
f 2350 2067 2065
f 2350 2349 2067
f 2351 2065 2063
f 2351 2350 2065
f 2352 2063 2027
f 2352 2351 2063
f 2163 2027 1975
f 2163 2352 2027
f 2159 1975 1972
f 2159 2163 1975
f 2209 1972 2013
f 2209 2159 1972
f 2211 2013 2014
f 2211 2209 2013
f 2213 2014 2019
f 2213 2211 2014
f 2216 2019 2020
f 2216 2213 2019
f 2218 2020 1977
f 2218 2216 2020
f 2170 1977 1976
f 2170 2218 1977
f 60 1976 58
f 60 2170 1976
f 2353 48 47
f 2353 47 1886
f 2354 1886 1919
f 2354 2353 1886
f 2355 1919 1906
f 2355 2354 1919
f 2356 1906 1905
f 2356 2355 1906
f 2357 1905 1902
f 2357 2356 1905
f 2358 1902 1900
f 2358 2357 1902
f 2359 1900 1878
f 2359 2358 1900
f 1971 1878 1842
f 1971 2359 1878
f 1968 1842 1838
f 1968 1971 1842
f 2011 1838 1861
f 2011 1968 1838
f 2017 1861 1862
f 2017 2011 1861
f 2022 1862 1869
f 2022 2017 1862
f 2023 1869 1870
f 2023 2022 1869
f 2025 1870 1844
f 2025 2023 1870
f 1978 1844 1843
f 1978 2025 1844
f 58 1843 59
f 58 1978 1843
f 2168 60 59
f 2168 59 1845
f 2169 1845 1875
f 2169 2168 1845
f 2205 1875 1873
f 2205 2169 1875
f 2204 1873 1872
f 2204 2205 1873
f 2202 1872 1867
f 2202 2204 1872
f 2201 1867 1859
f 2201 2202 1867
f 2164 1859 1837
f 2164 2201 1859
f 2167 1837 1791
f 2167 2164 1837
f 2222 1791 1788
f 2222 2167 1791
f 2227 1788 1820
f 2227 2222 1788
f 2252 1820 1821
f 2252 2227 1820
f 2257 1821 1828
f 2257 2252 1821
f 2258 1828 1829
f 2258 2257 1828
f 2260 1829 1794
f 2260 2258 1829
f 2230 1794 1793
f 2230 2260 1794
f 55 1793 56
f 55 2230 1793
f 1660 57 56
f 1660 56 1795
f 1661 1795 1834
f 1661 1660 1795
f 1687 1834 1832
f 1687 1661 1834
f 1686 1832 1831
f 1686 1687 1832
f 1681 1831 1826
f 1681 1686 1831
f 1680 1826 1792
f 1680 1681 1826
f 1655 1792 1783
f 1655 1680 1792
f 1658 1783 1787
f 1658 1655 1783
f 1695 1787 2360
f 1695 1658 1787
f 1717 2360 2361
f 1717 1695 2360
f 1725 2361 2362
f 1725 1717 2361
f 1730 2362 2363
f 1730 1725 2362
f 1731 2363 2364
f 1731 1730 2363
f 1733 2364 2365
f 1733 1731 2364
f 1703 2365 2366
f 1703 1733 2365
f 49 2366 50
f 49 1703 2366
f 1600 19 2271
f 1600 20 19
f 1601 2271 2301
f 1601 1600 2271
f 1637 2301 2299
f 1637 1601 2301
f 1636 2299 2298
f 1636 1637 2299
f 1634 2298 2293
f 1634 1636 2298
f 1633 2293 2285
f 1633 1634 2293
f 1596 2285 2263
f 1596 1633 2285
f 1599 2263 2226
f 1599 1596 2263
f 1654 2226 2223
f 1654 1599 2226
f 1659 2223 2248
f 1659 1654 2223
f 1684 2248 2249
f 1684 1659 2248
f 1689 2249 2254
f 1689 1684 2249
f 1690 2254 2255
f 1690 1689 2254
f 1692 2255 2229
f 1692 1690 2255
f 1662 2229 2228
f 1662 1692 2229
f 57 2228 55
f 57 1662 2228
f 2302 2158 2157
f 2172 2158 2302
f 2303 2172 2302
f 2367 2306 2308
f 2367 2308 2309
f 2352 2161 2160
f 2352 2162 2161
f 2352 2163 2162
f 2346 2347 2368
f 11 2346 2368
f 2369 2303 2315
f 2369 2315 2316
f 2369 2316 2317
f 2369 2172 2303
f 2370 2175 2172
f 2370 2176 2175
f 2370 2177 2176
f 2370 2172 2369
f 2371 2317 2321
f 2371 2321 2322
f 2371 2322 2323
f 2371 2323 2324
f 2371 2369 2317
f 2372 2184 2177
f 2372 2185 2184
f 2372 2186 2185
f 2372 2187 2186
f 2372 2177 2370
f 2373 2369 2371
f 2373 2370 2369
f 2374 2371 2324
f 2374 2306 2367
f 2374 2324 2335
f 2374 2335 2336
f 2374 2336 2307
f 2374 2307 2306
f 2374 2367 2375
f 2376 2370 2373
f 2376 2372 2370
f 2377 2375 2378
f 2377 2373 2371
f 2377 2374 2375
f 2377 2371 2374
f 2379 2373 2377
f 2379 2376 2373
f 2379 2380 2381
f 2379 2378 2380
f 2379 2377 2378
f 2382 2351 2352
f 2382 2352 2160
f 2382 2207 2187
f 2382 2208 2207
f 2382 2160 2208
f 2382 2187 2372
f 2383 2350 2351
f 2383 2351 2382
f 2383 2382 2372
f 2383 2372 2376
f 2384 2349 2350
f 2384 2383 2376
f 2384 2350 2383
f 2385 2384 2376
f 2385 2349 2384
f 2386 2348 2349
f 2386 2376 2379
f 2386 2385 2376
f 2386 2349 2385
f 2387 2347 2348
f 2387 2348 2386
f 2387 2379 2381
f 2387 2368 2347
f 2387 2388 2368
f 2387 2381 2388
f 2387 2386 2379
f 1965 1967 2115
f 2116 1965 2115
f 1980 1965 2116
f 2389 2119 2121
f 2389 2121 2122
f 2359 1969 2010
f 2359 1970 1969
f 2359 1971 1970
f 2353 2354 2390
f 48 2353 2390
f 2391 2116 2128
f 2391 2128 2129
f 2391 2129 2130
f 2391 1980 2116
f 2392 1980 2391
f 2392 1987 1980
f 2392 1988 1987
f 2392 1989 1988
f 2393 2130 2133
f 2393 2133 2134
f 2393 2134 2135
f 2393 2135 2136
f 2393 2391 2130
f 2394 2391 2393
f 2394 2392 2391
f 2395 1997 1989
f 2395 1998 1997
f 2395 1999 1998
f 2395 2000 1999
f 2395 1989 2392
f 2396 2119 2389
f 2396 2393 2136
f 2396 2136 2143
f 2396 2143 2144
f 2396 2144 2120
f 2396 2120 2119
f 2396 2389 2397
f 2398 2397 2399
f 2398 2394 2393
f 2398 2393 2396
f 2398 2396 2397
f 2400 2392 2394
f 2400 2395 2392
f 2401 2400 2394
f 2401 2402 2403
f 2401 2399 2402
f 2401 2398 2399
f 2401 2394 2398
f 2404 2359 2010
f 2404 2358 2359
f 2404 2008 2000
f 2404 2009 2008
f 2404 2010 2009
f 2404 2000 2395
f 2405 2357 2358
f 2405 2404 2395
f 2405 2395 2400
f 2405 2358 2404
f 2406 2356 2357
f 2406 2357 2405
f 2406 2405 2400
f 2407 2406 2400
f 2407 2356 2406
f 2408 2355 2356
f 2408 2400 2401
f 2408 2407 2400
f 2408 2356 2407
f 2409 2354 2355
f 2409 2355 2408
f 2409 2408 2401
f 2409 2390 2354
f 2409 2410 2390
f 2409 2403 2410
f 2409 2401 2403
f 1778 1780 1920
f 2411 1948 1924
f 2411 1924 1923
f 2411 1923 1925
f 2360 1786 1785
f 2360 1787 1786
f 2366 2365 2412
f 50 2366 2412
f 2413 1782 1778
f 2413 1920 1930
f 2413 1778 1920
f 2414 1930 1932
f 2414 1932 1933
f 2414 1933 1934
f 2414 2413 1930
f 2415 1801 1782
f 2415 1802 1801
f 2415 1803 1802
f 2415 1782 2413
f 2416 2415 2413
f 2416 2413 2414
f 2417 1934 1938
f 2417 1938 1939
f 2417 1939 1940
f 2417 1940 1941
f 2417 2414 1934
f 2418 1811 1803
f 2418 1812 1811
f 2418 1813 1812
f 2418 1814 1813
f 2418 1803 2415
f 2419 2414 2417
f 2419 2416 2414
f 2420 2415 2416
f 2420 2418 2415
f 2421 2360 1785
f 2421 1824 1814
f 2421 1825 1824
f 2421 1784 1825
f 2421 1785 1784
f 2421 1814 2418
f 2422 2416 2419
f 2422 2420 2416
f 2423 2361 2360
f 2423 2362 2361
f 2423 2421 2418
f 2423 2418 2420
f 2423 2360 2421
f 2424 2363 2362
f 2424 2364 2363
f 2424 2362 2423
f 2424 2420 2422
f 2424 2423 2420
f 2425 1941 1946
f 2425 1946 1947
f 2425 1947 1948
f 2425 2411 2426
f 2425 2417 1941
f 2425 1948 2411
f 2425 2419 2417
f 2427 2426 2428
f 2427 2419 2425
f 2427 2425 2426
f 2429 2419 2427
f 2429 2428 2430
f 2429 2427 2428
f 2429 2422 2419
f 2431 2429 2430
f 2431 2422 2429
f 2432 2430 2433
f 2432 2431 2430
f 2432 2422 2431
f 2434 2433 2435
f 2434 2424 2422
f 2434 2432 2433
f 2434 2422 2432
f 2436 2364 2424
f 2436 2365 2364
f 2436 2412 2365
f 2436 2435 2412
f 2436 2424 2434
f 2436 2434 2435
f 1734 1590 1589
f 2437 1738 1740
f 2437 1740 1741
f 2438 1594 1593
f 2438 1595 1594
f 2439 2440 2441
f 23 2439 2441
f 2442 1604 1590
f 2442 1734 1735
f 2442 1590 1734
f 2443 1607 1604
f 2443 1608 1607
f 2443 1609 1608
f 2443 1604 2442
f 2444 2442 1735
f 2444 1735 1747
f 2444 1747 1748
f 2444 1748 1749
f 2445 2442 2444
f 2445 2443 2442
f 2446 1616 1609
f 2446 1617 1616
f 2446 1618 1617
f 2446 1619 1618
f 2446 1609 2443
f 2447 1749 1753
f 2447 1753 1754
f 2447 1754 1755
f 2447 1755 1756
f 2447 2444 1749
f 2448 2446 2443
f 2448 2443 2445
f 2449 2445 2444
f 2449 2444 2447
f 2450 2438 1593
f 2450 1639 1619
f 2450 1640 1639
f 2450 1592 1640
f 2450 1593 1592
f 2450 1619 2446
f 2451 2437 2452
f 2451 1738 2437
f 2451 1756 1767
f 2451 1767 1768
f 2451 1768 1739
f 2451 1739 1738
f 2451 2447 1756
f 2453 2450 2446
f 2453 2454 2438
f 2453 2455 2454
f 2453 2446 2448
f 2453 2438 2450
f 2456 2445 2449
f 2456 2448 2445
f 2457 2452 2458
f 2457 2447 2451
f 2457 2449 2447
f 2457 2451 2452
f 2459 2460 2455
f 2459 2461 2460
f 2459 2448 2456
f 2459 2453 2448
f 2459 2455 2453
f 2462 2449 2457
f 2462 2463 2464
f 2462 2458 2463
f 2462 2457 2458
f 2462 2456 2449
f 2465 2466 2441
f 2465 2464 2466
f 2465 2440 2461
f 2465 2456 2462
f 2465 2441 2440
f 2465 2462 2464
f 2465 2459 2456
f 2465 2461 2459
f 2439 23 22
f 2439 22 1507
f 2440 1507 1545
f 2440 2439 1507
f 2461 1545 1543
f 2461 2440 1545
f 2460 1543 1540
f 2460 2461 1543
f 2455 1540 1538
f 2455 2460 1540
f 2454 1538 1536
f 2454 2455 1538
f 2438 1536 1500
f 2438 2454 1536
f 1595 1500 1459
f 1595 2438 1500
f 1591 1459 1456
f 1591 1595 1459
f 1641 1456 1486
f 1641 1591 1456
f 1643 1486 1487
f 1643 1641 1486
f 1645 1487 1492
f 1645 1643 1487
f 1648 1492 1493
f 1648 1645 1492
f 1650 1493 1461
f 1650 1648 1493
f 1602 1461 1460
f 1602 1650 1461
f 20 1460 21
f 20 1602 1460
f 2269 19 21
f 2269 21 1462
f 2270 1462 1498
f 2270 2269 1462
f 2296 1498 1496
f 2296 2270 1498
f 2295 1496 1495
f 2295 2296 1496
f 2288 1495 1490
f 2288 2295 1495
f 2287 1490 1484
f 2287 2288 1490
f 2264 1484 1455
f 2264 2287 1484
f 2268 1455 1407
f 2268 2264 1455
f 2304 1407 1403
f 2304 2268 1407
f 2326 1403 1442
f 2326 2304 1403
f 2328 1442 1446
f 2328 2326 1442
f 2331 1446 1448
f 2331 2328 1446
f 2332 1448 1451
f 2332 2331 1448
f 2345 1451 1409
f 2345 2332 1451
f 2312 1409 1408
f 2312 2345 1409
f 14 1408 15
f 14 2312 1408
f 2467 18 17
f 2467 17 1357
f 2468 1357 1393
f 2468 2467 1357
f 2469 1393 1391
f 2469 2468 1393
f 2470 1391 1390
f 2470 2469 1391
f 2471 1390 1385
f 2471 2470 1390
f 2472 1385 1379
f 2472 2471 1385
f 2473 1379 1350
f 2473 2472 1379
f 1402 1350 1312
f 1402 2473 1350
f 1399 1312 1308
f 1399 1402 1312
f 1434 1308 1337
f 1434 1399 1308
f 1436 1337 1341
f 1436 1434 1337
f 1439 1341 1343
f 1439 1436 1341
f 1440 1343 1346
f 1440 1439 1343
f 1453 1346 1314
f 1453 1440 1346
f 1410 1314 1313
f 1410 1453 1314
f 15 1313 13
f 15 1410 1313
f 2310 14 13
f 2310 13 1315
f 2311 1315 1348
f 2311 2310 1315
f 2343 1348 1335
f 2343 2311 1348
f 2340 1335 1334
f 2340 2343 1335
f 2338 1334 1331
f 2338 2340 1334
f 2334 1331 1329
f 2334 2338 1331
f 2305 1329 1307
f 2305 2334 1329
f 2309 1307 1271
f 2309 2305 1307
f 2367 1271 1267
f 2367 2309 1271
f 2375 1267 1290
f 2375 2367 1267
f 2378 1290 1291
f 2378 2375 1290
f 2380 1291 1298
f 2380 2378 1291
f 2381 1298 1299
f 2381 2380 1298
f 2388 1299 1273
f 2388 2381 1299
f 2368 1273 1272
f 2368 2388 1273
f 11 1272 12
f 11 2368 1272
f 2032 10 12
f 2032 12 1274
f 2033 1274 1304
f 2033 2032 1274
f 2061 1304 1302
f 2061 2033 1304
f 2060 1302 1301
f 2060 2061 1302
f 2058 1301 1296
f 2058 2060 1301
f 2057 1296 1288
f 2057 2058 1296
f 2028 1288 1266
f 2028 2057 1288
f 2031 1266 1220
f 2031 2028 1266
f 2076 1220 1217
f 2076 2031 1220
f 2081 1217 1249
f 2081 2076 1217
f 2106 1249 1250
f 2106 2081 1249
f 2111 1250 1257
f 2111 2106 1250
f 2112 1257 1258
f 2112 2111 1257
f 2114 1258 1223
f 2114 2112 1258
f 2084 1223 1222
f 2084 2114 1223
f 5 1222 6
f 5 2084 1222
f 2474 9 8
f 2474 8 1132
f 2475 1132 1162
f 2475 2474 1132
f 2476 1162 1160
f 2476 2475 1162
f 2477 1160 1159
f 2477 2476 1160
f 2478 1159 1154
f 2478 2477 1159
f 2479 1154 1146
f 2479 2478 1154
f 2480 1146 1124
f 2480 2479 1146
f 1216 1124 1087
f 1216 2480 1124
f 1212 1087 1084
f 1212 1216 1087
f 1221 1084 1109
f 1221 1212 1084
f 1255 1109 1110
f 1255 1221 1109
f 1260 1110 1115
f 1260 1255 1110
f 1261 1115 1116
f 1261 1260 1115
f 1263 1116 1090
f 1263 1261 1116
f 1224 1090 1089
f 1224 1263 1090
f 6 1089 4
f 6 1224 1089
f 2082 5 4
f 2082 4 1091
f 2083 1091 1121
f 2083 2082 1091
f 2109 1121 1119
f 2109 2083 1121
f 2108 1119 1118
f 2108 2109 1119
f 2103 1118 1113
f 2103 2108 1118
f 2102 1113 1088
f 2102 2103 1113
f 2077 1088 1083
f 2077 2102 1088
f 2080 1083 1028
f 2080 2077 1083
f 2117 1028 1025
f 2117 2080 1028
f 2139 1025 1062
f 2139 2117 1025
f 2147 1062 1063
f 2147 2139 1062
f 2152 1063 1065
f 2152 2147 1063
f 2153 1065 1066
f 2153 2152 1065
f 2155 1066 1030
f 2155 2153 1066
f 2125 1030 1029
f 2125 2155 1030
f 2 1029 3
f 2 2125 1029
f 2481 42 41
f 2481 41 977
f 2482 977 1015
f 2482 2481 977
f 2483 1015 1013
f 2483 2482 1015
f 2484 1013 1010
f 2484 2483 1013
f 2485 1010 1008
f 2485 2484 1010
f 2486 1008 1006
f 2486 2485 1008
f 2487 1006 970
f 2487 2486 1006
f 1024 970 929
f 1024 2487 970
f 1020 929 926
f 1020 1024 929
f 1070 926 956
f 1070 1020 926
f 1072 956 957
f 1072 1070 956
f 1074 957 962
f 1074 1072 957
f 1077 962 963
f 1077 1074 962
f 1079 963 931
f 1079 1077 963
f 1031 931 930
f 1031 1079 931
f 3 930 1
f 3 1031 930
f 2123 2 1
f 2123 1 932
f 2124 932 968
f 2124 2123 932
f 2150 968 966
f 2150 2124 968
f 2149 966 965
f 2149 2150 966
f 2142 965 960
f 2142 2149 965
f 2141 960 954
f 2141 2142 960
f 2118 954 925
f 2118 2141 954
f 2122 925 887
f 2122 2118 925
f 2389 887 883
f 2389 2122 887
f 2397 883 912
f 2397 2389 883
f 2399 912 916
f 2399 2397 912
f 2402 916 918
f 2402 2399 916
f 2403 918 921
f 2403 2402 918
f 2410 921 889
f 2410 2403 921
f 2390 889 888
f 2390 2410 889
f 48 888 46
f 48 2390 888
f 1884 47 46
f 1884 46 890
f 1885 890 923
f 1885 1884 890
f 1917 923 910
f 1917 1885 923
f 1914 910 909
f 1914 1917 910
f 1912 909 906
f 1912 1914 909
f 1908 906 904
f 1908 1912 906
f 1879 904 882
f 1879 1908 904
f 1883 882 836
f 1883 1879 882
f 1921 836 832
f 1921 1883 836
f 1950 832 865
f 1950 1921 832
f 1956 865 866
f 1956 1950 865
f 1961 866 873
f 1961 1956 866
f 1962 873 874
f 1962 1961 873
f 1964 874 838
f 1964 1962 874
f 1928 838 837
f 1928 1964 838
f 53 837 54
f 53 1928 837
f 2488 38 37
f 2488 37 792
f 2489 792 822
f 2489 2488 792
f 2490 822 820
f 2490 2489 822
f 2491 820 819
f 2491 2490 820
f 2492 819 814
f 2492 2491 819
f 2493 814 789
f 2493 2492 814
f 2494 789 784
f 2494 2493 789
f 831 784 739
f 831 2494 784
f 828 739 736
f 828 831 739
f 863 736 765
f 863 828 736
f 871 765 766
f 871 863 765
f 876 766 768
f 876 871 766
f 877 768 769
f 877 876 768
f 879 769 741
f 879 877 769
f 839 741 740
f 839 879 741
f 54 740 52
f 54 839 740
f 695 51 50
f 695 50 2412
f 696 2412 2435
f 696 695 2412
f 728 2435 2433
f 728 696 2435
f 727 2433 2430
f 727 728 2433
f 722 2430 2428
f 722 727 2430
f 721 2428 2426
f 721 722 2428
f 691 2426 2411
f 691 721 2426
f 694 2411 1925
f 694 691 2411
f 735 1925 1922
f 735 694 1925
f 771 1922 1952
f 771 735 1922
f 773 1952 1953
f 773 771 1952
f 775 1953 1958
f 775 773 1953
f 778 1958 1959
f 778 775 1958
f 780 1959 1927
f 780 778 1959
f 742 1927 1926
f 742 780 1927
f 52 1926 53
f 52 742 1926
f 643 29 28
f 643 28 1744
f 644 1744 1777
f 644 643 1744
f 686 1777 1764
f 686 644 1777
f 683 1764 1763
f 683 686 1764
f 681 1763 1760
f 681 683 1763
f 677 1760 1758
f 677 681 1760
f 638 1758 1736
f 638 677 1758
f 642 1736 1700
f 642 638 1736
f 690 1700 1696
f 690 642 1700
f 719 1696 1719
f 719 690 1696
f 725 1719 1720
f 725 719 1719
f 730 1720 1727
f 730 725 1720
f 731 1727 1728
f 731 730 1727
f 733 1728 1702
f 733 731 1728
f 697 1702 1701
f 697 733 1702
f 51 1701 49
f 51 697 1701
f 2495 32 31
f 2495 31 592
f 2496 592 628
f 2496 2495 592
f 2497 628 626
f 2497 2496 628
f 2498 626 625
f 2498 2497 626
f 2499 625 620
f 2499 2498 625
f 2500 620 614
f 2500 2499 620
f 2501 614 585
f 2501 2500 614
f 637 585 547
f 637 2501 585
f 634 547 543
f 634 637 547
f 669 543 572
f 669 634 543
f 671 572 576
f 671 669 572
f 674 576 578
f 674 671 576
f 675 578 581
f 675 674 578
f 688 581 549
f 688 675 581
f 645 549 548
f 645 688 549
f 29 548 30
f 29 645 548
f 1742 28 30
f 1742 30 550
f 1743 550 583
f 1743 1742 550
f 1775 583 570
f 1775 1743 583
f 1772 570 569
f 1772 1775 570
f 1770 569 566
f 1770 1772 569
f 1766 566 564
f 1766 1770 566
f 1737 564 542
f 1737 1766 564
f 1741 542 506
f 1741 1737 542
f 2437 506 502
f 2437 1741 506
f 2452 502 525
f 2452 2437 502
f 2458 525 526
f 2458 2452 525
f 2463 526 533
f 2463 2458 526
f 2464 533 534
f 2464 2463 533
f 2466 534 508
f 2466 2464 534
f 2441 508 507
f 2441 2466 508
f 23 507 24
f 23 2441 507
f 457 26 1557
f 457 27 26
f 458 1557 1587
f 458 457 1557
f 493 1587 1585
f 493 458 1587
f 492 1585 1584
f 492 493 1585
f 485 1584 1579
f 485 492 1584
f 484 1579 1554
f 484 485 1579
f 452 1554 1549
f 452 484 1554
f 455 1549 1504
f 455 452 1549
f 501 1504 1501
f 501 455 1504
f 523 1501 1530
f 523 501 1501
f 531 1530 1531
f 531 523 1530
f 536 1531 1533
f 536 531 1531
f 537 1533 1534
f 537 536 1533
f 539 1534 1506
f 539 537 1534
f 509 1506 1505
f 509 539 1506
f 24 1505 22
f 24 509 1505
f 1547 1396 1395
f 1397 1396 1547
f 1548 1397 1547
f 2502 1552 1551
f 2502 1551 1553
f 2473 1400 1433
f 2473 1401 1400
f 2473 1402 1401
f 2467 2468 2503
f 18 2467 2503
f 2504 1548 1559
f 2504 1559 1560
f 2504 1560 1561
f 2504 1397 1548
f 2505 1397 2504
f 2505 1412 1397
f 2505 1413 1412
f 2505 1414 1413
f 2506 1561 1564
f 2506 1564 1565
f 2506 1565 1566
f 2506 1566 1567
f 2506 2504 1561
f 2507 1420 1414
f 2507 1421 1420
f 2507 1422 1421
f 2507 1423 1422
f 2507 1414 2505
f 2508 2504 2506
f 2508 2505 2504
f 2509 1552 2502
f 2509 2506 1567
f 2509 1567 1571
f 2509 1571 1572
f 2509 1572 1573
f 2509 1573 1552
f 2509 2502 2510
f 2511 2472 2473
f 2511 2471 2472
f 2511 2473 1433
f 2511 1431 1423
f 2511 1432 1431
f 2511 1433 1432
f 2511 1423 2507
f 2512 2505 2508
f 2512 2507 2505
f 2513 2509 2510
f 2513 2510 2514
f 2513 2508 2506
f 2513 2506 2509
f 2515 2470 2471
f 2515 2469 2470
f 2515 2507 2512
f 2515 2511 2507
f 2515 2471 2511
f 2516 2513 2514
f 2516 2508 2513
f 2516 2517 2518
f 2516 2514 2517
f 2516 2512 2508
f 2519 2468 2469
f 2519 2469 2515
f 2519 2515 2512
f 2519 2512 2516
f 2519 2503 2468
f 2519 2520 2503
f 2519 2518 2520
f 2519 2516 2518
f 1207 1209 1349
f 2521 1377 1353
f 2521 1353 1352
f 2521 1352 1354
f 2480 1215 1214
f 2480 1216 1215
f 2474 2475 2522
f 9 2474 2522
f 2523 1211 1207
f 2523 1349 1359
f 2523 1207 1349
f 2524 1359 1361
f 2524 1361 1362
f 2524 1362 1363
f 2524 2523 1359
f 2525 1230 1211
f 2525 1231 1230
f 2525 1232 1231
f 2525 1211 2523
f 2526 2525 2523
f 2526 2523 2524
f 2527 1363 1367
f 2527 1367 1368
f 2527 1368 1369
f 2527 1369 1370
f 2527 2524 1363
f 2528 1240 1232
f 2528 1241 1240
f 2528 1242 1241
f 2528 1243 1242
f 2528 1232 2525
f 2529 2524 2527
f 2529 2526 2524
f 2530 2525 2526
f 2530 2528 2525
f 2531 2480 1214
f 2531 1253 1243
f 2531 1254 1253
f 2531 1213 1254
f 2531 1214 1213
f 2531 1243 2528
f 2532 2526 2529
f 2532 2530 2526
f 2533 2479 2480
f 2533 2478 2479
f 2533 2531 2528
f 2533 2528 2530
f 2533 2480 2531
f 2534 2477 2478
f 2534 2476 2477
f 2534 2478 2533
f 2534 2530 2532
f 2534 2533 2530
f 2535 1370 1375
f 2535 1375 1376
f 2535 1376 1377
f 2535 2521 2536
f 2535 2527 1370
f 2535 1377 2521
f 2535 2529 2527
f 2537 2536 2538
f 2537 2529 2535
f 2537 2535 2536
f 2539 2529 2537
f 2539 2538 2540
f 2539 2537 2538
f 2539 2532 2529
f 2541 2539 2540
f 2541 2532 2539
f 2542 2540 2543
f 2542 2541 2540
f 2542 2532 2541
f 2544 2543 2545
f 2544 2534 2532
f 2544 2542 2543
f 2544 2532 2542
f 2546 2476 2534
f 2546 2475 2476
f 2546 2522 2475
f 2546 2545 2522
f 2546 2534 2544
f 2546 2544 2545
f 1163 1019 1018
f 1033 1019 1163
f 1164 1033 1163
f 2547 1167 1169
f 2547 1169 1170
f 2487 1022 1021
f 2487 1023 1022
f 2487 1024 1023
f 2481 2482 2548
f 42 2481 2548
f 2549 1164 1176
f 2549 1176 1177
f 2549 1177 1178
f 2549 1033 1164
f 2550 1036 1033
f 2550 1037 1036
f 2550 1038 1037
f 2550 1033 2549
f 2551 1178 1182
f 2551 1182 1183
f 2551 1183 1184
f 2551 1184 1185
f 2551 2549 1178
f 2552 1045 1038
f 2552 1046 1045
f 2552 1047 1046
f 2552 1048 1047
f 2552 1038 2550
f 2553 2549 2551
f 2553 2550 2549
f 2554 2551 1185
f 2554 1167 2547
f 2554 1185 1196
f 2554 1196 1197
f 2554 1197 1168
f 2554 1168 1167
f 2554 2547 2555
f 2556 2550 2553
f 2556 2552 2550
f 2557 2555 2558
f 2557 2553 2551
f 2557 2554 2555
f 2557 2551 2554
f 2559 2553 2557
f 2559 2556 2553
f 2559 2560 2561
f 2559 2558 2560
f 2559 2557 2558
f 2562 2486 2487
f 2562 2487 1021
f 2562 1068 1048
f 2562 1069 1068
f 2562 1021 1069
f 2562 1048 2552
f 2563 2485 2486
f 2563 2486 2562
f 2563 2562 2552
f 2563 2552 2556
f 2564 2484 2485
f 2564 2563 2556
f 2564 2485 2563
f 2565 2564 2556
f 2565 2484 2564
f 2566 2483 2484
f 2566 2556 2559
f 2566 2565 2556
f 2566 2484 2565
f 2567 2482 2483
f 2567 2483 2566
f 2567 2559 2561
f 2567 2548 2482
f 2567 2568 2548
f 2567 2561 2568
f 2567 2566 2559
f 969 823 825
f 826 823 969
f 979 826 969
f 2569 997 973
f 2569 973 972
f 2569 972 974
f 2494 830 829
f 2494 831 830
f 2570 997 2569
f 2488 2489 2571
f 38 2488 2571
f 2572 841 826
f 2572 842 841
f 2572 843 842
f 2572 826 979
f 2573 979 982
f 2573 982 983
f 2573 983 984
f 2573 2572 979
f 2574 849 843
f 2574 850 849
f 2574 851 850
f 2574 852 851
f 2574 843 2572
f 2575 2574 2572
f 2575 2572 2573
f 2576 984 988
f 2576 988 989
f 2576 989 990
f 2576 990 991
f 2576 2573 984
f 2577 2494 829
f 2577 852 2574
f 2577 860 852
f 2577 861 860
f 2577 862 861
f 2577 829 862
f 2578 2493 2494
f 2578 2492 2493
f 2578 2494 2577
f 2578 2577 2574
f 2578 2574 2575
f 2579 2575 2573
f 2579 2573 2576
f 2580 997 2570
f 2580 991 995
f 2580 995 996
f 2580 996 997
f 2580 2570 2581
f 2580 2576 991
f 2582 2491 2492
f 2582 2490 2491
f 2582 2575 2579
f 2582 2578 2575
f 2582 2492 2578
f 2583 2579 2576
f 2583 2584 2585
f 2583 2581 2584
f 2583 2576 2580
f 2583 2580 2581
f 2586 2489 2490
f 2586 2490 2582
f 2586 2571 2489
f 2586 2587 2571
f 2586 2585 2587
f 2586 2579 2583
f 2586 2582 2579
f 2586 2583 2585
f 782 631 630
f 632 631 782
f 783 632 782
f 2588 787 786
f 2588 786 788
f 2501 635 668
f 2501 636 635
f 2501 637 636
f 2495 2496 2589
f 32 2495 2589
f 2590 783 794
f 2590 794 795
f 2590 795 796
f 2590 632 783
f 2591 632 2590
f 2591 647 632
f 2591 648 647
f 2591 649 648
f 2592 796 799
f 2592 799 800
f 2592 800 801
f 2592 801 802
f 2592 2590 796
f 2593 655 649
f 2593 656 655
f 2593 657 656
f 2593 658 657
f 2593 649 2591
f 2594 2590 2592
f 2594 2591 2590
f 2595 787 2588
f 2595 2592 802
f 2595 802 806
f 2595 806 807
f 2595 807 808
f 2595 808 787
f 2595 2588 2596
f 2597 2500 2501
f 2597 2499 2500
f 2597 2501 668
f 2597 666 658
f 2597 667 666
f 2597 668 667
f 2597 658 2593
f 2598 2591 2594
f 2598 2593 2591
f 2599 2595 2596
f 2599 2596 2600
f 2599 2594 2592
f 2599 2592 2595
f 2601 2498 2499
f 2601 2497 2498
f 2601 2593 2598
f 2601 2597 2593
f 2601 2499 2597
f 2602 2599 2600
f 2602 2594 2599
f 2602 2603 2604
f 2602 2600 2603
f 2602 2598 2594
f 2605 2496 2497
f 2605 2497 2601
f 2605 2601 2598
f 2605 2598 2602
f 2605 2589 2496
f 2605 2606 2589
f 2605 2604 2606
f 2605 2602 2604
f 442 444 584
f 594 442 584
f 446 442 594
f 2607 612 588
f 2607 588 587
f 2607 587 589
f 2608 450 449
f 2608 451 450
f 2609 2610 2611
f 35 2609 2611
f 2612 465 446
f 2612 466 465
f 2612 467 466
f 2612 446 594
f 2613 2612 594
f 2613 594 596
f 2613 596 597
f 2613 597 598
f 2614 467 2612
f 2614 475 467
f 2614 476 475
f 2614 477 476
f 2614 478 477
f 2615 598 602
f 2615 602 603
f 2615 603 604
f 2615 604 605
f 2615 2613 598
f 2616 2612 2613
f 2616 2614 2612
f 2617 2608 449
f 2617 478 2614
f 2617 488 478
f 2617 489 488
f 2617 448 489
f 2617 449 448
f 2618 2616 2613
f 2618 2613 2615
f 2619 2620 2608
f 2619 2621 2620
f 2619 2608 2617
f 2619 2614 2616
f 2619 2617 2614
f 2622 2623 2621
f 2622 2624 2623
f 2622 2616 2618
f 2622 2619 2616
f 2622 2621 2619
f 2625 2607 2626
f 2625 2615 605
f 2625 605 610
f 2625 610 611
f 2625 611 612
f 2625 612 2607
f 2627 2615 2625
f 2627 2626 2628
f 2627 2625 2626
f 2629 2628 2630
f 2629 2627 2628
f 2629 2618 2615
f 2629 2615 2627
f 2631 2618 2629
f 2631 2629 2630
f 2632 2630 2633
f 2632 2631 2630
f 2632 2618 2631
f 2634 2633 2635
f 2634 2632 2633
f 2634 2618 2632
f 2634 2622 2618
f 2636 2635 2611
f 2636 2634 2635
f 2636 2610 2624
f 2636 2611 2610
f 2636 2622 2634
f 2636 2624 2622
f 2609 35 34
f 2609 34 411
f 2610 411 441
f 2610 2609 411
f 2624 441 439
f 2624 2610 441
f 2623 439 438
f 2623 2624 439
f 2621 438 433
f 2621 2623 438
f 2620 433 425
f 2620 2621 433
f 2608 425 403
f 2608 2620 425
f 451 403 366
f 451 2608 403
f 447 366 363
f 447 451 366
f 456 363 388
f 456 447 363
f 490 388 389
f 490 456 388
f 495 389 394
f 495 490 389
f 496 394 395
f 496 495 394
f 498 395 369
f 498 496 395
f 459 369 368
f 459 498 369
f 27 368 25
f 27 459 368
f 1555 26 25
f 1555 25 370
f 1556 370 400
f 1556 1555 370
f 1582 400 398
f 1582 1556 400
f 1581 398 397
f 1581 1582 398
f 1576 397 392
f 1576 1581 397
f 1575 392 367
f 1575 1576 392
f 1550 367 362
f 1550 1575 367
f 1553 362 317
f 1553 1550 362
f 2502 317 314
f 2502 1553 317
f 2510 314 343
f 2510 2502 314
f 2514 343 344
f 2514 2510 343
f 2517 344 346
f 2517 2514 344
f 2518 346 347
f 2518 2517 346
f 2520 347 319
f 2520 2518 347
f 2503 319 318
f 2503 2520 319
f 18 318 16
f 18 2503 318
f 1355 17 16
f 1355 16 320
f 1356 320 358
f 1356 1355 320
f 1388 358 356
f 1388 1356 358
f 1387 356 353
f 1387 1388 356
f 1382 353 351
f 1382 1387 353
f 1381 351 349
f 1381 1382 351
f 1351 349 313
f 1351 1381 349
f 1354 313 261
f 1354 1351 313
f 2521 261 258
f 2521 1354 261
f 2536 258 299
f 2536 2521 258
f 2538 299 300
f 2538 2536 299
f 2540 300 305
f 2540 2538 300
f 2543 305 306
f 2543 2540 305
f 2545 306 263
f 2545 2543 306
f 2522 263 262
f 2522 2545 263
f 9 262 7
f 9 2522 262
f 2637 43 45
f 2637 45 1173
f 2638 1173 1206
f 2638 2637 1173
f 2639 1206 1193
f 2639 2638 1206
f 2640 1193 1192
f 2640 2639 1193
f 2641 1192 1189
f 2641 2640 1192
f 2642 1189 1187
f 2642 2641 1189
f 2643 1187 1165
f 2643 2642 1187
f 257 1165 1129
f 257 2643 1165
f 254 1129 1125
f 254 257 1129
f 297 1125 1148
f 297 254 1125
f 303 1148 1149
f 303 297 1148
f 308 1149 1156
f 308 303 1149
f 309 1156 1157
f 309 308 1156
f 311 1157 1131
f 311 309 1157
f 264 1131 1130
f 264 311 1131
f 7 1130 8
f 7 264 1130
f 1171 45 44
f 1171 44 217
f 1172 217 250
f 1172 1171 217
f 1204 250 237
f 1204 1172 250
f 1201 237 236
f 1201 1204 237
f 1199 236 233
f 1199 1201 236
f 1195 233 231
f 1195 1199 233
f 1166 231 209
f 1166 1195 231
f 1170 209 173
f 1170 1166 209
f 2547 173 169
f 2547 1170 173
f 2555 169 192
f 2555 2547 169
f 2558 192 193
f 2558 2555 192
f 2560 193 200
f 2560 2558 193
f 2561 200 201
f 2561 2560 200
f 2568 201 175
f 2568 2561 201
f 2548 175 174
f 2548 2568 175
f 42 174 40
f 42 2548 174
f 975 41 40
f 975 40 176
f 976 176 206
f 976 975 176
f 1004 206 204
f 1004 976 206
f 1003 204 203
f 1003 1004 204
f 1001 203 198
f 1001 1003 203
f 1000 198 190
f 1000 1001 198
f 971 190 168
f 971 1000 190
f 974 168 131
f 974 971 168
f 2569 131 128
f 2569 974 131
f 2570 128 153
f 2570 2569 128
f 2581 153 154
f 2581 2570 153
f 2584 154 159
f 2584 2581 154
f 2585 159 160
f 2585 2584 159
f 2587 160 134
f 2587 2585 160
f 2571 134 133
f 2571 2587 134
f 38 133 39
f 38 2571 133
f 790 37 39
f 790 39 135
f 791 135 165
f 791 790 135
f 817 165 163
f 817 791 165
f 816 163 162
f 816 817 163
f 811 162 157
f 811 816 162
f 810 157 132
f 810 811 157
f 785 132 127
f 785 810 132
f 788 127 72
f 788 785 127
f 2588 72 69
f 2588 788 72
f 2596 69 106
f 2596 2588 69
f 2600 106 107
f 2600 2596 106
f 2603 107 109
f 2603 2600 107
f 2604 109 110
f 2604 2603 109
f 2606 110 74
f 2606 2604 110
f 2589 74 73
f 2589 2606 74
f 32 73 33
f 32 2589 73
f 2644 36 35
f 2644 35 2611
f 2645 2611 2635
f 2645 2644 2611
f 2646 2635 2633
f 2646 2645 2635
f 2647 2633 2630
f 2647 2646 2633
f 2648 2630 2628
f 2648 2647 2630
f 2649 2628 2626
f 2649 2648 2628
f 2650 2626 2607
f 2650 2649 2626
f 68 2607 589
f 68 2650 2607
f 64 589 586
f 64 68 589
f 114 586 616
f 114 64 586
f 116 616 617
f 116 114 616
f 118 617 622
f 118 116 617
f 121 622 623
f 121 118 622
f 123 623 591
f 123 121 623
f 75 591 590
f 75 123 591
f 33 590 31
f 33 75 590
f 251 253 401
f 402 251 401
f 266 251 402
f 2651 405 407
f 2651 407 408
f 2643 255 296
f 2643 256 255
f 2643 257 256
f 2637 2638 2652
f 43 2637 2652
f 2653 402 414
f 2653 414 415
f 2653 415 416
f 2653 266 402
f 2654 266 2653
f 2654 273 266
f 2654 274 273
f 2654 275 274
f 2655 416 419
f 2655 419 420
f 2655 420 421
f 2655 421 422
f 2655 2653 416
f 2656 2653 2655
f 2656 2654 2653
f 2657 283 275
f 2657 284 283
f 2657 285 284
f 2657 286 285
f 2657 275 2654
f 2658 405 2651
f 2658 2655 422
f 2658 422 429
f 2658 429 430
f 2658 430 406
f 2658 406 405
f 2658 2651 2659
f 2660 2659 2661
f 2660 2656 2655
f 2660 2655 2658
f 2660 2658 2659
f 2662 2654 2656
f 2662 2657 2654
f 2663 2662 2656
f 2663 2664 2665
f 2663 2661 2664
f 2663 2660 2661
f 2663 2656 2660
f 2666 2643 296
f 2666 2642 2643
f 2666 294 286
f 2666 295 294
f 2666 296 295
f 2666 286 2657
f 2667 2641 2642
f 2667 2666 2657
f 2667 2657 2662
f 2667 2642 2666
f 2668 2640 2641
f 2668 2641 2667
f 2668 2667 2662
f 2669 2668 2662
f 2669 2640 2668
f 2670 2639 2640
f 2670 2662 2663
f 2670 2669 2662
f 2670 2640 2669
f 2671 2638 2639
f 2671 2639 2670
f 2671 2670 2663
f 2671 2652 2638
f 2671 2672 2652
f 2671 2665 2672
f 2671 2663 2665
f 207 63 62
f 77 63 207
f 208 77 207
f 2673 211 213
f 2673 213 214
f 2650 66 65
f 2650 67 66
f 2650 68 67
f 2644 2645 2674
f 36 2644 2674
f 2675 208 220
f 2675 220 221
f 2675 221 222
f 2675 77 208
f 2676 80 77
f 2676 81 80
f 2676 82 81
f 2676 77 2675
f 2677 222 226
f 2677 226 227
f 2677 227 228
f 2677 228 229
f 2677 2675 222
f 2678 89 82
f 2678 90 89
f 2678 91 90
f 2678 92 91
f 2678 82 2676
f 2679 2675 2677
f 2679 2676 2675
f 2680 2677 229
f 2680 211 2673
f 2680 229 240
f 2680 240 241
f 2680 241 212
f 2680 212 211
f 2680 2673 2681
f 2682 2676 2679
f 2682 2678 2676
f 2683 2681 2684
f 2683 2679 2677
f 2683 2680 2681
f 2683 2677 2680
f 2685 2679 2683
f 2685 2682 2679
f 2685 2686 2687
f 2685 2684 2686
f 2685 2683 2684
f 2688 2649 2650
f 2688 2650 65
f 2688 112 92
f 2688 113 112
f 2688 65 113
f 2688 92 2678
f 2689 2648 2649
f 2689 2649 2688
f 2689 2688 2678
f 2689 2678 2682
f 2690 2647 2648
f 2690 2689 2682
f 2690 2648 2689
f 2691 2690 2682
f 2691 2647 2690
f 2692 2646 2647
f 2692 2682 2685
f 2692 2691 2682
f 2692 2647 2691
f 2693 2645 2646
f 2693 2646 2692
f 2693 2685 2687
f 2693 2674 2645
f 2693 2694 2674
f 2693 2687 2694
f 2693 2692 2685
f 215 44 43
f 215 43 2652
f 216 2652 2672
f 216 215 2652
f 248 2672 2665
f 248 216 2672
f 245 2665 2664
f 245 248 2665
f 243 2664 2661
f 243 245 2664
f 239 2661 2659
f 239 243 2661
f 210 2659 2651
f 210 239 2659
f 214 2651 408
f 214 210 2651
f 2673 408 404
f 2673 214 408
f 2681 404 427
f 2681 2673 404
f 2684 427 428
f 2684 2681 427
f 2686 428 435
f 2686 2684 428
f 2687 435 436
f 2687 2686 435
f 2694 436 410
f 2694 2687 436
f 2674 410 409
f 2674 2694 410
f 36 409 34
f 36 2674 409
# Vertices: 2694, normals: 0, texture coordinates: 0, faces: 5384

